date,open,high,low,close,volume,symbol,ret1,ret2,ret3,ret5,ret10,ret20,ret40,ma5_gap,volr5,ma10_gap,volr10,ma20_gap,volr20,ma40_gap,volr40,rsi14,atr14p,body_pct,lower_wick,upper_wick,range_pct,gap,pos10,dd10,bounce10,pos20,dd20,bounce20,pos40,dd40,bounce40,pos60,dd60,bounce60,stoch14,bbpct,bbwidth,volz20,log_dv,down3,down5,target5_cc,next_open,target5_no,target_end_date,prev_close,prev_volume,breadth_ret1_pos,med_ret1,med_ret5,breadth_ma20,future_rank,y_top1,y_top025,y_hit20,y_loss10,tail_p,tail_cdf,model_period
2026-01-19,246,350,237,350,9860800,198A,0.29629629629629628,0.58371040723981893,1.0467836257309941,0.97740112994350281,1.0348837209302326,0.65094339622641506,0.60550458715596323,0.48054145516074454,1.9182793690812459,0.71232876712328763,3.3180790352105092,0.82149362477231325,3.2859256494674964,0.7537266691719906,1.9804959072737152,83.75,0.077959183673469379,0.92035398230088494,0.079646017699115043,0,0.32285714285714284,-0.088888888888888906,1,0,1.147239263803681,1,0,1.1604938271604937,1,0,1.5,0.85365853658536583,-0.093264248704663211,1.5,100,1.4185457740021512,0.89434152115579746,1.6711423021300216,21.962011013963323,0,1,-0.17714285714285716,363,-0.20661157024793386,2026-01-26,270,13980800,0.4430517711171662,-0.0005586886858674478,0.01637285543695477,0.83378746594005448,0.0043336944745395447,0,0,0,1,0.83363431692123413,0.99920119494109927,2026-01
2026-01-21,272,348,262,328,14191300,2667,0.22388059701492535,0.16312056737588643,0.11945392491467577,0.34979423868312765,0.60000000000000009,1.0122699386503067,0.81215469613259672,0.146051712089448,3.9120570738619134,0.24904798172124898,5.5265730207996633,0.49158708503865389,8.6903245560318432,0.70900091181451086,15.724475691068397,84.821428571428569,0.075348432055749134,0.65116279069767447,0.11627906976744186,0.23255813953488372,0.26219512195121952,0.014925373134328401,0.85815602836879434,-0.057471264367816133,0.5845410628019323,0.8936170212765957,-0.057471264367816133,1.0499999999999998,0.89898989898989901,-0.057471264367816133,1.1866666666666665,0.89898989898989901,-0.057471264367816133,1.1866666666666665,88.826815642458101,1.0585788349854572,0.8800675110639532,4.2173614251105693,22.26115326735146,2,2,-0.10670731707317072,312,-0.060897435897435903,2026-01-28,268,501200,0.21852861035422344,-0.0071750440710753316,-0.0012815270152573555,0.69999999999999996,0.11247216035634744,0,0,0,0,0.84432011842727661,0.99954269152761821,2026-01
2026-01-22,312,332,292,303,11606500,2667,-0.076219512195121908,0.13059701492537323,0.074468085106383031,0.16538461538461546,0.3526785714285714,0.82530120481927716,0.73142857142857154,0.027815468113975506,2.0049854719960201,0.12014787430683915,3.2364431332416856,0.33627342888643885,5.2574956627302827,0.55285073670723905,9.7664105822064773,75.619834710743802,0.088637435172088636,-0.22500000000000001,0.27500000000000002,0.5,0.132013201320132,-0.048780487804878092,0.63709677419354838,-0.12931034482758619,0.3526785714285714,0.76063829787234039,-0.12931034482758619,0.89375000000000004,0.77272727272727271,-0.12931034482758619,1.02,0.77272727272727271,-0.12931034482758619,1.02,74.285714285714292,0.88171693454089906,0.88094972598185539,2.5680502291382745,21.980808649763361,2,3,0.01980198019801982,300,0.030000000000000027,2026-01-29,328,14191300,0.67029972752043598,0.0059732059484344235,-0.0016214027795851682,0.74795640326975477,0.92400881057268724,0,0,0,0,0.83228695392608643,0.99914774330147027,2026-01
2026-01-27,420,484,415,484,25557000,3103,0.19801980198019797,0.24102564102564106,0.3595505617977528,0.39481268011527382,0.41520467836257313,0.86153846153846159,0.48466257668711665,0.21121121121121122,2.6292344284961811,0.24293785310734473,3.1274206397280442,0.40026037899609435,4.6344291829227711,0.55165504528332132,5.6362784286698826,80.519480519480524,0.074970484061393144,0.92753623188405798,0.072463768115942032,0,0.14256198347107438,0.039603960396039639,1,0,0.44910179640718573,1,0,0.85440613026819934,1,0,0.93599999999999994,1,0,1.6021505376344085,100,1.1549855309497647,0.61109804733502293,3.9374925907254132,23.238506716490562,0,1,0.37809917355371891,564,0.18262411347517737,2026-02-03,404,5682700,0.42425068119891007,-0.0004613494844648014,-0.0098168396439032857,0.56430517711171657,0.98442714126807562,0,0,0,0,0.85525894165039062,0.99976342700238252,2026-01
2026-01-29,654,654,480,529,51455200,3103,-0.062056737588652489,0.092975206611570327,0.30940594059405946,0.48595505617977519,0.32581453634085222,0.90974729241877261,0.43360433604336035,0.11556305356389718,2.8797661049125134,0.25683060109289624,4.3651973260035968,0.41918175720992612,6.6040468641006536,0.6459240821406349,9.7912970920693283,76.426799007444174,0.097893599783958951,-0.7183908045977011,0.28160919540229884,0,0.32892249527410206,0.15957446808510634,0.609375,-0.19113149847094801,0.58383233532934131,0.6693121693121693,-0.19113149847094801,0.91666666666666674,0.69059405940594054,-0.19113149847094801,1.1160000000000001,0.73290598290598286,-0.19113149847094801,1.8440860215053765,63.017751479289942,1.0207644812479579,0.80493538308411616,3.8810511592834596,24.027210516031271,1,1,0.27032136105860105,538,0.24907063197026025,2026-02-05,564,1079500,0.40899182561307901,-0.0015506097047850442,-0.019824802681709386,0.38092643051771119,0.98656215005599102,0,0,1,0,0.85802161693572998,0.99981984817754654,2026-01
2026-01-30,538,629,533,629,39444100,3103,0.18903591682419663,0.11524822695035453,0.29958677685950419,0.61282051282051286,0.60869565217391308,1.1467576791808876,0.93538461538461548,0.20498084291187735,1.6005754006094863,0.41443669889813362,2.6313152673802858,0.61468360929277366,4.1053713470910731,0.91185410334346506,6.5595255814030837,80.572597137014313,0.092096297978650918,0.94791666666666663,0.052083333333333336,0,0.15262321144674085,0.017013232514177634,0.921875,-0.038226299694189558,0.88323353293413165,0.93188010899182561,-0.038226299694189558,1.1916376306620209,0.93811881188118806,-0.038226299694189558,1.516,0.94658119658119655,-0.038226299694189558,2.381720430107527,92.211838006230536,1.1567026607666129,0.93601510396685861,2.2731705577435322,23.934526294411722,1,1,0.22734499205087433,636,0.21383647798742134,2026-02-06,529,51455200,0.60490463215258861,0.0039232651768850157,-0.018878578724785433,0.41880108991825615,0.9765625,0,0,1,0,0.87322854995727539,0.99998416247714694,2026-01
2026-01-15,370.66665649414062,500,351.66665649414062,500,6065700,4422,0.25,0.10456556237751524,0.97889178074473326,1.6881720430107525,1.9239766081871346,1.6315789473684212,2.0364371531733725,0.37011327033477137,1.4151630107647297,0.84547244440940905,2.8204555916693401,1.2556391080957359,5.5253737053534833,1.5941458911612347,10.889897262579611,86.363638956939099,0.090285716465541302,0.87191012114380428,0.12808987885619577,0,0.29666668701171878,-0.073333358764648415,0.86964124665983722,-0.090357826270559216,1.9644267880759623,0.86998249992720122,-0.090357826270559216,1.9821072654009031,0.87404898442446632,-0.090357826270559216,2.2188842255714065,0.87404898442446632,-0.090357826270559216,2.2188842255714065,86.964124665983718,1.1991587584033208,1.795928454022742,1.9069763513599907,21.832768608775417,1,1,-0.2626666870117188,566.66668701171875,-0.34941180601548838,2026-01-22,400,5957400,0.70844686648501365,0.0064034224481985813,0.017827960577720181,0.84495912806539508,0.0010570824524312897,0,0,0,1,0.84357917308807373,0.99952091493369521,2026-01
2026-01-26,75,93,73,90,25925500,4596,0.36363636363636354,0.52542372881355925,0.5,0.34328358208955234,1,1.0930232558139537,0.80000000000000004,0.34730538922155696,2.4412280387877052,0.54639175257731942,3.188966450382853,0.76991150442477863,6.0009744885381862,0.8339276617422311,10.400392338960001,84.285714285714292,0.088888888888888892,0.75,0.10000000000000001,0.14999999999999999,0.22222222222222221,0.13636363636363646,0.93999999999999995,-0.032258064516129004,1.0930232558139537,0.94230769230769229,-0.032258064516129004,1.1951219512195124,0.94230769230769229,-0.032258064516129004,1.1951219512195124,0.94230769230769229,-0.032258064516129004,1.1951219512195124,94.117647058823536,1.3071838958775981,0.953824163684168,2.9733990125347298,21.570547269055815,1,2,0.4111111111111112,92,0.38043478260869557,2026-02-02,66,7381500,0.17738419618528611,-0.011921037517864053,-0.012738058120223716,0.60817438692098091,0.99775784753363228,1,1,1,0,0.84727269411087036,0.99961198069010027,2026-01
2026-01-28,87,102,86,99,22505100,4596,0.19277108433734935,0.10000000000000009,0.5,0.64999999999999991,1.25,1.3023255813953489,0.97999999999999998,0.24685138539042817,1.7161596627633517,0.46666666666666656,2.0441453503052807,0.77737881508078988,3.9004619700148444,0.9364303178484108,6.9475195258234805,79.775280898876403,0.098845598845598848,0.75,0.0625,0.1875,0.16161616161616163,0.048192771084337283,0.94915254237288138,-0.029411764705882359,1.3023255813953489,0.94999999999999996,-0.029411764705882359,1.3571428571428572,0.95081967213114749,-0.029411764705882359,1.4146341463414633,0.95081967213114749,-0.029411764705882359,1.4146341463414633,94.915254237288138,1.1422212107122751,1.2104533486500924,2.0539307033904866,21.524372358739729,1,2,0.11111111111111116,104,0.057692307692307709,2026-02-04,83,7652400,0.17602179836512261,-0.0095280320064181634,-0.011119943472884641,0.41798365122615805,0.86638954869358675,0,0,0,0,0.86440765857696533,0.99991190377912986,2026-01
2026-01-29,104,106,90,95,10530500,4596,-0.040404040404040442,0.14457831325301207,0.05555555555555558,0.61016949152542366,1.1590909090909092,1.2619047619047619,0.7592592592592593,0.096997690531177794,0.71156834921278467,0.30853994490358128,0.874646586465466,0.62810625535561271,1.6816190044266159,0.82166826462128473,3.0546452406869289,76.344086021505376,0.11353383458646617,-0.5625,0.3125,0.125,0.16842105263157894,0.050505050505050608,0.82258064516129037,-0.10377358490566035,1.1590909090909092,0.828125,-0.10377358490566035,1.2619047619047619,0.83076923076923082,-0.10377358490566035,1.3170731707317072,0.83076923076923082,-0.10377358490566035,1.3170731707317072,82.539682539682545,0.99334425738098087,1.2731601634324143,0.525454469389392,20.723663258963818,2,2,0.31578947368421062,104,0.20192307692307687,2026-02-05,99,22505100,0.40899182561307901,-0.0015506097047850442,-0.019824802681709386,0.38092643051771119,0.97984322508398658,0,0,1,0,0.84956109523773193,0.99965157449723285,2026-01
2026-01-30,104,110,96,97,13495300,4596,0.021052631578947434,-0.020202020202020221,0.16867469879518082,0.46969696969696972,1.0208333333333335,1.2558139534883721,0.86538461538461542,0.045258620689655249,0.8423107074378845,0.25161290322580654,1.0370175132573152,0.5888615888615889,1.9504147520051105,0.82074143594556559,3.5816383740333673,77.659574468085111,0.12076583210603828,-0.5,0.071428571428571425,0.42857142857142855,0.14432989690721648,0.09473684210526323,0.77966101694915257,-0.11818181818181817,0.90196078431372539,0.80882352941176472,-0.11818181818181817,1.3095238095238093,0.81159420289855078,-0.11818181818181817,1.3658536585365852,0.81159420289855078,-0.11818181818181817,1.3658536585365852,80.597014925373131,0.94906777433475487,1.3112978096322394,0.80686632439024564,20.992563013910171,1,2,0.52577319587628857,102,0.4509803921568627,2026-02-06,95,10530500,0.60490463215258861,0.0039232651768850157,-0.018878578724785433,0.41880108991825615,0.9944196428571429,1,0,1,0,0.84486424922943115,0.99955555951493624,2026-01
2026-01-26,867,1032,788,890,14270300,4960,0.40822784810126578,0.6729323308270676,0.96902654867256643,1.1813725490196076,1.5501432664756445,1.7300613496932513,1.7987421383647799,0.5462126476719944,4.5657070458224815,0.8483904465212877,8.285558348961569,1.1294413207321452,15.064261924743612,1.4333561175666438,28.952595433011759,90.461997019374067,0.075120385232744794,0.094262295081967207,0.32377049180327871,0.58196721311475408,0.27415730337078653,0.37183544303797467,0.79086892488954341,-0.13759689922480622,1.5212464589235126,0.79800853485064016,-0.13759689922480622,1.7051671732522795,0.80601092896174864,-0.13759689922480622,1.9666666666666668,0.80601092896174864,-0.13759689922480622,1.9666666666666668,79.239766081871352,1.415058004632761,1.2342838541535104,4.3320288191613736,23.264912475162397,0,1,-0.13258426966292136,1010,-0.23564356435643563,2026-02-02,632,35400,0.17738419618528611,-0.011921037517864053,-0.012738058120223716,0.60817438692098091,0.002242152466367713,0,0,0,1,0.85851848125457764,0.99983469585522133,2026-01
2026-01-28,236,285,220,228,23078300,5216,-0.06557377049180324,0.060465116279069697,0.096153846153846256,0.58333333333333326,0.61702127659574457,0.56164383561643838,0.76744186046511631,0.082621082621082698,1.2179563635519237,0.27090301003344486,2.2699647185301979,0.41132776230269252,4.3777552677304561,0.45246058289536562,5.5356455390755892,78.231292517006807,0.10087719298245613,-0.12307692307692308,0.12307692307692308,0.75384615384615383,0.28508771929824561,-0.032786885245901676,0.60416666666666663,-0.19999999999999996,0.61702127659574457,0.61224489795918369,-0.19999999999999996,0.65217391304347827,0.64596273291925466,-0.19999999999999996,0.83870967741935476,0.66272189349112431,-0.19999999999999996,0.96551724137931028,60.416666666666664,1.0194838056639424,0.79180093357671155,2.1669622248610065,22.383748969190108,1,1,-0.035087719298245612,230,-0.043478260869565188,2026-02-04,244,12785200,0.17602179836512261,-0.0095280320064181634,-0.011119943472884641,0.41798365122615805,0.12529691211401425,0,0,0,0,0.82918816804885864,0.99902302280900246,2026-01
2026-01-21,714,779,639,639,8833500,6166,-0.1901140684410646,0.36247334754797444,0.64267352185089965,1.21875,1.4389312977099236,1.49609375,1.4296577946768059,0.23121387283237005,1.9318753417167851,0.60876132930513593,3.7942142903163454,0.91431995206710592,6.5589533592963987,1.1633516716038934,10.964915002823929,76.598837209302332,0.081041806393919072,-0.5357142857142857,0,0.4642857142857143,0.2190923317683881,-0.095057034220532355,0.71482889733840305,-0.1901140684410646,1.4296577946768059,0.71804511278195493,-0.1901140684410646,1.4863813229571985,0.7232472324723247,-0.1901140684410646,1.5870445344129553,0.7232472324723247,-0.1901140684410646,1.5870445344129553,71.537001897533202,1.0531315400879895,1.6529882781980947,2.2094853237582561,22.453966324589569,1,1,0.067292644757433573,669,0.019431988041853421,2026-01-28,789,13500600,0.21852861035422344,-0.0071750440710753316,-0.0012815270152573555,0.69999999999999996,0.88641425389755013,0,0,0,0,0.84471511840820312,0.99955160013422306,2026-01
2026-01-22,669,675,541,581,5564600,6166,-0.090766823161189336,-0.26362484157160959,0.23880597014925375,0.88025889967637538,1.1679104477611939,0.97619047619047628,1.209125475285171,0.0132542727589815,0.9870092092006868,0.35589264877479576,1.9337776881963316,0.66882091052707171,3.6823854838069274,0.91543723728673876,5.8963586176204128,70.92866756393002,0.10474551266289647,-0.65671641791044777,0.29850746268656714,0.044776119402985072,0.23063683304647159,0.046948356807511749,0.60076775431861806,-0.26362484157160959,1.1679104477611939,0.60531309297912717,-0.26362484157160959,1.217557251908397,0.6162361623616236,-0.26362484157160959,1.3522267206477734,0.6162361623616236,-0.26362484157160959,1.3522267206477734,60.531309297912713,0.89428082855164215,1.6963059375317071,1.1557412889381151,21.89668641946194,2,2,0.039586919104991347,618,-0.022653721682847849,2026-01-29,639,8833500,0.67029972752043598,0.0059732059484344235,-0.0016214027795851682,0.74795640326975477,0.52422907488986781,0,0,0,0,0.82869887351989746,0.99901213451204096,2026-01
2026-01-23,618,680,585,640,8567500,6166,0.10154905335628217,0.0015649452269170805,-0.18884664131812423,0.64524421593830339,1.3443223443223444,1.3272727272727272,1.4806201550387597,0.026298909557408656,1.1695958324573594,0.37575236457437655,2.2990988766818909,0.7467248908296944,4.4582689375608187,1.0455453455852974,7.4123901767985911,73.25,0.10524553571428572,0.23157894736842105,0.3473684210526316,0.42105263157894735,0.1484375,0.063683304647160099,0.71290944123314071,-0.18884664131812423,1.3703703703703702,0.7172675521821632,-0.18884664131812423,1.4427480916030535,0.72509225092250917,-0.18884664131812423,1.5910931174089069,0.72509225092250917,-0.18884664131812423,1.5910931174089069,71.726755218216326,0.92870373503472137,1.7418203523914157,1.7419659359906234,22.424954709266995,2,2,-0.076562499999999978,650,-0.090769230769230824,2026-01-30,581,5564600,0.58337874659400546,0.0025698749239481122,-0.0016845658438578992,0.76512261580381469,0.048997772828507792,0,0,0,0,0.84829092025756836,0.99962583852259668,2026-01
2026-01-28,639,682,613,682,4995300,6166,0.17182130584192445,0.10000000000000009,0.065625000000000044,0.067292644757433573,1.3680555555555554,1.5833333333333335,1.6030534351145036,0.098228663446054743,1.1130297993324449,0.19649122807017538,1.1026519449214836,0.62149310508796951,2.1621212186792591,1.0033781302783287,3.6699923592335724,71.881606765327689,0.11751152073732718,0.62318840579710144,0.37681159420289856,0,0.10117302052785923,0.097938144329897003,0.78811881188118815,-0.13561470215462612,1.4014084507042255,0.79696394686907024,-0.13561470215462612,1.6030534351145036,0.80258302583025831,-0.13561470215462612,1.7611336032388665,0.80258302583025831,-0.13561470215462612,1.7611336032388665,79.462571976967368,0.8679379156687268,1.6891249273900097,0.70652896083106853,21.949037686458311,2,3,-0.12463343108504399,700,-0.14714285714285713,2026-02-04,582,1281600,0.17602179836512261,-0.0095280320064181634,-0.011119943472884641,0.41798365122615805,0.011876484560570071,0,0,0,1,0.83185064792633057,0.99913487531415213,2026-01
2026-01-05,131,149,126,131,93971600,6993,0.18018018018018012,0.61728395061728403,0.95522388059701502,1.2203389830508473,0.77027027027027017,0.3789473684210527,2.2749999999999999,0.45555555555555549,1.5644953343970678,0.70351105331599473,2.3004283272227077,0.58787878787878789,2.2289204921995043,0.69141381536475133,2.1727641814697725,74.257425742574256,0.099236641221374045,0,0.21739130434782608,0.78260869565217395,0.17557251908396945,0.18018018018018012,0.80645161290322576,-0.12080536912751683,1.3392857142857144,0.80645161290322576,-0.12080536912751683,1.3392857142857144,0.6174496644295302,-0.30319148936170215,2.358974358974359,0.63924050632911389,-0.30319148936170215,3.3666666666666663,80.645161290322577,1.1346080413249031,0.92636517282611763,2.0278297870638986,23.233700490207333,0,0,-0.091603053435114545,123,-0.032520325203251987,2026-01-13,111,77864300,0.61171662125340598,0.0040744357483750715,0.012676056338028152,0.73242506811989105,0.040330920372285417,0,0,0,0,0.83970612287521362,0.99939124521533584,2026-01
2026-01-06,123,129,114,124,46465900,6993,-0.053435114503816772,0.11711711711711703,0.53086419753086411,1.0666666666666669,0.85074626865671643,0.33333333333333326,1.5833333333333335,0.20622568093385207,0.69770923363834847,0.50121065375302676,1.0788413053204549,0.47531231409875074,1.1264493375495881,0.56269691241335873,1.0651602271166913,72.115384615384613,0.11002304147465437,0.066666666666666666,0.59999999999999998,0.33333333333333331,0.12096774193548387,-0.061068702290076327,0.73118279569892475,-0.16778523489932884,1.2142857142857144,0.73118279569892475,-0.16778523489932884,1.2142857142857144,0.57046979865771807,-0.34042553191489366,2.1794871794871793,0.59493670886075944,-0.34042553191489366,3.1333333333333337,73.118279569892479,0.97438794564951647,1.0019485496157976,0.20821248203480122,22.474510833982428,1,1,0.016129032258064502,119,0.058823529411764719,2026-01-14,131,93971600,0.74059945504087199,0.0081187482897298047,0.016505088157328429,0.80027247956403269,0.8511787819253438,0,0,0,0,0.83244937658309937,0.99915566206289674,2026-01
2026-01-19,152,178,149,170,124469500,6993,0.18881118881118875,0.19718309859154926,0.3492063492063493,0.4285714285714286,0.53153153153153143,1.2077922077922079,2.5416666666666665,0.21428571428571419,1.9650464401368071,0.27819548872180455,2.1857050766615385,0.66503428011753196,2.7713239955051248,0.74180327868852469,2.4144337825005802,85.350318471337573,0.11470588235294117,0.62068965517241381,0.10344827586206896,0.27586206896551724,0.17058823529411765,0.062937062937062915,0.875,-0.0449438202247191,0.49122807017543857,0.93442622950819676,-0.0449438202247191,2.0357142857142856,0.86956521739130432,-0.095744680851063801,2.3999999999999999,0.88461538461538458,-0.095744680851063801,4.3125,93.442622950819668,0.99555126785043091,1.3420090377374536,2.5211089270720128,23.775369701034396,0,0,-0.088235294117647078,183,-0.15300546448087426,2026-01-26,143,88601100,0.4430517711171662,-0.0005586886858674478,0.01637285543695477,0.83378746594005448,0.013001083423618635,0,0,0,1,0.83576804399490356,0.99926751456804641,2026-01
2026-01-29,149,171,149,171,42661600,6993,0.13245033112582782,0.13245033112582782,0.10322580645161294,0.3359375,0.20422535211267601,1.5522388059701493,0.23913043478260865,0.11328125,1.0900139964199007,0.094750320102432894,0.65754086780733756,0.23421147600144332,0.73071073512720719,0.51360920557645495,0.84915368468320351,63.736263736263737,0.12071846282372597,1,0,0,0.12865497076023391,-0.013245033112582738,0.6811594202898551,-0.11398963730569944,0.37903225806451624,0.82399999999999995,-0.11398963730569944,1.5147058823529411,0.83941605839416056,-0.11398963730569944,2.0535714285714284,0.86250000000000004,-0.11398963730569944,4.1818181818181817,71.794871794871796,0.83838894340799264,0.69213690507333347,-0.52875969333812123,22.710473332804181,1,1,-0.093567251461988299,168,-0.077380952380952328,2026-02-05,151,20586900,0.40899182561307901,-0.0015506097047850442,-0.019824802681709386,0.38092643051771119,0.032474804031354984,0,0,0,0,0.83047127723693848,0.99907647444863146,2026-01
2026-01-26,215,290,212,273,6911300,7602,0.22972972972972983,0.3125,0.67484662576687127,0.56896551724137923,0.625,0.4756756756756757,1.0526315789473686,0.31756756756756754,2.5586604174533716,0.45677694770544286,4.8964916258112057,0.50703836599503171,6.182284957778732,0.71833202202989765,7.5260872524331317,82.716049382716051,0.065934065934065936,0.74358974358974361,0.038461538461538464,0.21794871794871795,0.2857142857142857,-0.031531531531531543,0.87022900763358779,-0.05862068965517242,0.71698113207547176,0.87313432835820892,-0.05862068965517242,0.75,0.89634146341463417,-0.05862068965517242,1.1666666666666665,0.89634146341463417,-0.05862068965517242,1.1666666666666665,87.31343283582089,1.3592732472203921,0.59007814759183719,3.3847632037885766,21.358140106904372,0,2,0.11721611721611724,275,0.10909090909090913,2026-02-02,222,2724600,0.17738419618528611,-0.011921037517864053,-0.012738058120223716,0.60817438692098091,0.96973094170403584,0,0,0,0,0.84557312726974487,0.99957040719261103,2026-01
2026-01-27,275,342,265,318,11059500,7602,0.16483516483516492,0.43243243243243246,0.52884615384615374,0.87058823529411766,0.87058823529411766,0.65625,1.3731343283582089,0.34290540540540526,2.2612402625283692,0.57270029673590517,4.4206348254649672,0.69645238730328107,7.3385333550093064,0.94525156751796913,9.2602361215774938,89.5,0.072102425876010776,0.55844155844155841,0.12987012987012986,0.31168831168831168,0.24213836477987422,0.0073260073260073,0.86885245901639341,-0.070175438596491224,1,0.87096774193548387,-0.070175438596491224,1.0384615384615383,0.88888888888888884,-0.070175438596491224,1.5238095238095237,0.88888888888888884,-0.070175438596491224,1.5238095238095237,87.096774193548384,1.3146789022450553,0.85487961623165754,3.4911264185217319,21.980851728144469,0,1,-0.12264150943396224,326,-0.14417177914110424,2026-02-03,273,6911300,0.42425068119891007,-0.0004613494844648014,-0.0098168396439032857,0.56430517711171657,0.017797552836484983,0,0,0,1,0.86210638284683228,0.99989012718520698,2026-01
2026-01-28,326,367,289,339,7146800,7602,0.0660377358490567,0.24175824175824179,0.52702702702702697,1.0797546012269938,1.0925925925925926,0.765625,1.5298507462686568,0.24632352941176472,1.1353931013446532,0.54160982264665747,2.2366880942395926,0.74024640657084184,3.9527995862911944,1.0106761565836297,5.2056610507760999,91.324200913242009,0.083227981458069963,0.16666666666666666,0.47435897435897434,0.35897435897435898,0.23008849557522124,0.02515723270440251,0.86407766990291257,-0.07629427792915533,1.1055900621118013,0.86729857819905209,-0.07629427792915533,1.1730769230769229,0.88381742738589208,-0.07629427792915533,1.6904761904761907,0.88381742738589208,-0.07629427792915533,1.6904761904761907,86.602870813397132,1.1940062337470323,1.0666278926259101,1.7816314257153862,21.608175369834353,0,0,-0.18289085545722716,315,-0.12063492063492065,2026-02-04,318,11059500,0.17602179836512261,-0.0095280320064181634,-0.011119943472884641,0.41798365122615805,0.019002375296912115,0,0,0,1,0.86405307054519653,0.9999109139339516,2026-01
2026-01-29,315,345,302,309,2174400,7602,-0.088495575221238965,-0.028301886792452824,0.13186813186813184,0.48557692307692313,0.88414634146341453,0.67934782608695654,1.2888888888888888,0.057494866529774091,0.3621995828974634,0.31825938566552892,0.63965922496035965,0.53693111166376517,1.179821919815083,0.78664353859496972,1.5235906401196786,79.918032786885249,0.099398982894128532,-0.13953488372093023,0.16279069767441862,0.69767441860465118,0.13915857605177995,-0.070796460176991149,0.71568627450980393,-0.15803814713896458,0.89570552147239257,0.72511848341232232,-0.15803814713896458,0.98076923076923084,0.75933609958506221,-0.15803814713896458,1.4523809523809526,0.75933609958506221,-0.15803814713896458,1.4523809523809526,72.115384615384613,0.96940479700726701,1.1438551865831332,0.11059711254697699,20.3256046007651,1,1,-0.13915857605177995,309,-0.13915857605177995,2026-02-05,339,7146800,0.40899182561307901,-0.0015506097047850442,-0.019824802681709386,0.38092643051771119,0.0044792833146696529,0,0,0,1,0.84047847986221313,0.99942193041586369,2026-01
2026-01-30,309,388,280,337,9198400,7602,0.09061488673139162,-0.0058997050147492347,0.059748427672956073,0.51801801801801806,1.0059523809523809,0.79255319148936176,1.5149253731343282,0.069162436548223294,1.2603862933812728,0.34102666136092319,2.1316474939515566,0.61630695443645078,4.0371570836999959,0.89299255722510873,5.5512958042707146,81.647940074906359,0.11085205595591352,0.25925925925925924,0.26851851851851855,0.47222222222222221,0.32047477744807124,0,0.77333333333333332,-0.13144329896907214,1.0674846625766872,0.78017241379310343,-0.13144329896907214,1.1602564102564101,0.80534351145038163,-0.13144329896907214,1.6746031746031744,0.80534351145038163,-0.13144329896907214,1.6746031746031744,77.729257641921393,0.9977450622953532,1.2381980277099067,2.0492275731800644,21.854623044526122,1,1,-0.19881305637982194,340,-0.20588235294117652,2026-02-06,309,2174400,0.60490463215258861,0.0039232651768850157,-0.018878578724785433,0.41880108991825615,0.0011160714285714285,0,0,0,1,0.85347205400466919,0.99973472149221143,2026-01
2026-01-13,144,183,136,183,20909200,7771,0.36567164179104483,0.27083333333333326,0.082840236686390512,0.5123966942148761,1.103448275862069,1.1785714285714284,1.0109890109890109,0.14232209737827728,1.7437062388877214,0.43754909662215247,3.3598791618459956,0.72235294117647064,6.5948803350869891,0.89981832338437573,12.593077758153667,77.653631284916202,0.099141295862607337,0.82978723404255317,0.1702127659574468,0,0.25683060109289618,0.074626865671641784,0.91509433962264153,-0.046875,1.1279069767441858,0.91743119266055051,-0.046875,1.2048192771084336,0.91743119266055051,-0.046875,1.2048192771084336,0.91743119266055051,-0.046875,1.2048192771084336,91.666666666666671,1.0747266142102396,1.2568635648952706,2.9531605166956791,22.065185964569558,2,3,0.69398907103825147,183,0.69398907103825147,2026-01-20,134,2374500,0.58773841961852857,0.0032633902414234139,0.019567092730120361,0.82915531335149861,0.99787234042553197,1,1,1,0,0.8417966365814209,0.99946251406817455,2026-01
2026-01-16,310,310,256,310,9201000,7771,0.34782608695652173,0.72222222222222232,0.69398907103825147,1.1527777777777777,2.5632183908045976,2.7349397590361444,2.4065934065934065,0.49469623915139826,0.78667113538506783,0.78880553952683186,0.94621652223007224,1.3901310717039324,1.8693392603909744,1.8850628199162403,3.6275037404566608,85.99348534201954,0.091244239631336405,0,1,0,0.17419354838709677,0.34782608695652173,1,0,2.5227272727272729,1,0,2.7349397590361444,1,0,2.7349397590361444,1,0,2.7349397590361444,100,1.2511029234106712,1.8507863947480172,0.64071562718412056,21.771395029594284,1,2,-0.0096774193548386789,358,-0.14245810055865926,2026-01-23,230,16957700,0.54741144414168941,0.0017293587241774544,0.020867762447899896,0.84686648501362394,0.0084925690021231421,0,0,0,1,0.8348580002784729,0.99923682936751868,2026-01
2026-01-22,258,323,258,302,11943900,7771,0.1796875,-0.025806451612903181,-0.22564102564102562,0.31304347826086953,0.78698224852071008,2.5116279069767442,2.5952380952380953,-0.036989795918367374,1.5751388676418612,0.23821238212382112,1.2357160519245114,0.71834992887624471,1.8864786490021039,1.3172837137924422,3.7203166843303244,69.094138543516877,0.1662724692526017,0.67692307692307696,0,0.32307692307692309,0.21523178807947019,0.0078125,0.63670411985018727,-0.24310776942355894,1.2878787878787881,0.69009584664536738,-0.24310776942355894,2.5116279069767442,0.69303797468354433,-0.24310776942355894,2.6385542168674698,0.69303797468354433,-0.24310776942355894,2.6385542168674698,68.81028938906752,0.84514458014805593,2.0813014898512843,0.87295053014636159,22.006158263413663,2,2,0,310,-0.025806451612903181,2026-01-29,256,8789700,0.67029972752043598,0.0059732059484344235,-0.0016214027795851682,0.74795640326975477,0.48017621145374451,0,0,0,0,0.84072291851043701,0.99942786948693352,2026-01
2026-01-23,310,339,299,307,4580900,7771,0.01655629139072845,0.19921875,-0.0096774193548386789,-0.0096774193548386789,1.1319444444444446,2.4886363636363638,2.6547619047619047,-0.019169329073482455,0.68795297608856931,0.17986164488854728,0.49914845441479805,0.64434922335297284,0.69862475741666386,1.2590139808682852,1.3786482421550239,69.148936170212764,0.17100977198697068,-0.074999999999999997,0.20000000000000001,0.72499999999999998,0.13029315960912052,0.026490066225165476,0.65543071161048694,-0.23057644110275688,1.3257575757575757,0.70607028753993606,-0.23057644110275688,2.5697674418604652,0.70886075949367089,-0.23057644110275688,2.6987951807228914,0.70886075949367089,-0.23057644110275688,2.6987951807228914,66.906474820143885,0.822086148494243,2.0005493137948145,-0.31451292474412662,21.064253791633966,1,2,-0.035830618892508159,311,-0.048231511254019255,2026-01-30,302,11943900,0.58337874659400546,0.0025698749239481122,-0.0016845658438578992,0.76512261580381469,0.18262806236080179,0,0,0,0,0.82858157157897949,0.99900916497650605,2026-01
2026-02-19,277,331,270,331,4734500,198A,0.31872509960159356,0.45814977973568283,0.42060085836909877,0.46460176991150437,0.34552845528455278,0.15734265734265729,0.79891304347826098,0.3031496062992125,3.3164051555057439,0.36438582028029676,3.7622275374871865,0.29296875,2.2487306510370901,0.44320906910834967,1.6210474236405175,61.187214611872143,0.071860164005179111,0.88524590163934425,0.11475409836065574,0,0.18429003021148035,0.10358565737051784,1,0,0.5539906103286385,1,0,0.5539906103286385,0.72532188841201717,-0.16202531645569618,1.0432098765432101,0.74901960784313726,-0.16202531645569618,1.3642857142857143,100,1.1627883461961734,0.44202459455025855,1.5668550613980492,21.172505058420867,1,1,-0.25075528700906347,332,-0.25301204819277112,2026-02-27,251,950400,0.59765731408335598,0.0032397408207343048,-0.0010365543858066317,0.66984472895668756,0.0032085561497326204,0,0,0,1,0.83039724826812744,0.99936910418627078,2026-02
2026-02-13,978,1038,767,809,3272300,2962,-0.088963963963963999,0.096205962059620509,0.26802507836990586,0.45242369838420116,0.72494669509594889,0.6646090534979423,1.192411924119241,0.12018831348656867,2.7292365177067173,0.35669964782827446,2.8321057961105391,0.53685410334346506,4.9825277310412561,0.75127178266046113,8.7991072629003195,73.738680465717977,0.10612749426099241,-0.62361623616236161,0.15498154981549817,0.22140221402214022,0.33498145859085293,0.10135135135135132,0.63476874003189787,-0.220616570327553,0.96836982968369822,0.63650793650793647,-0.220616570327553,0.98284313725490202,0.67097701149425293,-0.220616570327553,1.365497076023392,0.67097701149425293,-0.220616570327553,1.365497076023392,63.650793650793652,1.0325634760533788,1.0080565556652183,2.6447242244699631,21.696802576979575,1,2,0.13102595797280592,959,-0.045881126173097031,2026-02-20,888,66400,0.21302097521111413,-0.01299574864597286,0.007618150983060068,0.59602288204848819,0.12962962962962962,0,0,0,0,0.83779603242874146,0.99963157239845402,2026-02
2026-02-25,880,1017,872,1017,631100,2962,0.17301038062283736,0.11147540983606552,0.0059347181008901906,-0.082957619477006306,0.59404388714733547,1.3817330210772836,1.8016528925619837,-0.0070298769771529601,0.28170334330223629,0.056733167082294367,0.41753501511753305,0.4005370791158851,0.52646945959924585,0.75647668393782386,0.97423171771825079,67.661097852028632,0.19883410591375195,0.94482758620689655,0.055172413793103448,0,0.14257620452310718,0.014994232987312506,0.24940239043824702,-0.48085758039816229,0.44460227272727271,0.39264990328820115,-0.48085758039816229,1.4926470588235294,0.41125,-0.48085758039816229,1.8328690807799441,0.41743970315398887,-0.48085758039816229,1.9736842105263159,38.026315789473685,0.77459777809159758,1.4586319011739346,-0.3386079778040873,20.279832005178939,2,3,0.024582104228122015,1122,-0.071301247771835996,2026-03-04,867,837500,0.55092592592592593,0.0022173773428653121,0.007692307692307665,0.64460784313725494,0.3232016210739615,0,0,0,0,0.8270266056060791,0.99923981428915831,2026-02
2026-02-02,636,649,575,582,43934400,3103,-0.074721780604133592,0.10018903591682427,0.031914893617021267,0.44059405940594054,0.53157894736842115,1.0138408304498272,0.99315068493150682,0.043758967001434668,1.3604491726646775,0.25188212518821262,2.313064848831369,0.43988124690747155,3.7688331641259829,0.73085501858736057,6.338786697672103,72.900763358778619,0.10628375061364752,-0.72972972972972971,0.0945945945945946,0.17567567567567569,0.12714776632302405,0.0111287758346581,0.77500000000000002,-0.11009174311926606,0.74251497005988032,0.80381471389645776,-0.11009174311926606,1.0278745644599305,0.82178217821782173,-0.11009174311926606,1.3279999999999998,0.84615384615384615,-0.11009174311926606,2.129032258064516,77.5,0.95746627880498891,0.96155993848671528,2.1528979530862502,23.964678618051309,2,2,0.58419243986254288,610,0.51147540983606565,2026-02-09,629,39444100,0.37356948228882836,-0.0028704363865266758,-0.010336717365594994,0.37438692098092641,0.99551569506726456,1,0,1,0,0.83952236175537109,0.99968309393640109,2026-02
2026-02-03,610,674,540,667,34383200,3103,0.14604810996563566,0.060413354531001495,0.26086956521739135,0.37809917355371891,0.9221902017291066,1.2920962199312713,1.3159722222222223,0.12251767081790632,1.0095104770271128,0.34232239887301263,1.5707407102851556,0.57683215130023635,2.5914771099956284,0.92927905126907207,4.4695299500831949,75.174825174825173,0.10216320411222959,0.42537313432835822,0.52238805970149249,0.052238805970149252,0.20089955022488756,0.048109965635738883,0.97941176470588232,-0.010385756676557834,0.99700598802395213,0.98177083333333337,-0.010385756676557834,1.2999999999999998,0.98349056603773588,-0.010385756676557834,1.6680000000000001,0.98565573770491799,-0.010385756676557834,2.586021505376344,97.941176470588232,1.0591813842037261,1.0315653696548661,1.3531506119361882,23.855868676917339,1,2,0.6071964017991005,659,0.62670713201820938,2026-02-10,582,43934400,0.72915531335149864,0.0085879992145706519,0,0.49237057220708447,0.99572649572649574,1,0,1,0,0.83440971374511719,0.99952075248664329,2026-02
2026-02-04,659,761,648,716,73981900,3103,0.07346326836581718,0.23024054982817876,0.13831478537360886,0.26950354609929073,0.96703296703296693,1.4189189189189189,1.4271186440677965,0.14633365353826444,1.521016962254748,0.34561172711896249,2.5779039788532279,0.61261261261261257,4.3875498316310617,1.0098245614035086,7.8158886766285525,76.372712146422629,0.099860335195530725,0.50442477876106195,0.097345132743362831,0.39823008849557523,0.15782122905027932,-0.01199400299850073,0.89130434782608692,-0.059132720105124825,1.0634005763688759,0.90445859872611467,-0.059132720105124825,1.4689655172413794,0.9119373776908023,-0.059132720105124825,1.8639999999999999,0.92160278745644597,-0.059132720105124825,2.8288770053475938,89.461358313817328,1.0562346600394015,1.1013564177558035,2.8255685882725583,24.693011193635236,1,2,0.91620111731843568,701,0.95720399429386593,2026-02-12,667,34383200,0.5697547683923706,0.0027656143437163605,0.010546806393068375,0.52561307901907361,0.9966592427616926,1,0,1,0,0.83941793441772461,0.99968114972742195,2026-02
2026-02-03,460,489,414,478,1923900,4422,0.0042016806722688926,0.20707070707070696,0.51265822784810133,0.2309012553097638,0.15458937198067635,1.7683396867924492,1.8007811665302169,0.18141374196737514,3.4241626027836114,0.22094508301404847,5.0415345509813685,0.29160099254296479,1.0217694950900469,0.76660815429295059,2.0067224524173972,57.528957528957527,0.14315600261243602,0.23999999999999999,0.61333333333333329,0.14666666666666667,0.15690376569037656,-0.033613445378151252,0.94179894179894175,-0.02249488752556239,0.59333333333333327,0.66231887360676889,-0.24526313364974606,1.7576923886135507,0.67067140346952536,-0.24526313364974606,1.9567009379058229,0.67503489969277164,-0.24526313364974606,2.0772533196462648,53.40000325927754,0.7910126077703451,1.002021853201233,0.012987536772674765,20.63947566738392,0,2,-0.11715481171548114,456,-0.07456140350877194,2026-02-10,476,560100,0.72915531335149864,0.0085879992145706519,0,0.49237057220708447,0.023504273504273504,0,0,0,0,0.84278792142868042,0.99973850389230634,2026-02
2026-02-24,151,210,145,201,61405100,4582,0.25625000000000009,0.17543859649122817,0.66115702479338845,1.2840909090909092,1.4512195121951219,1.2087912087912089,1.2840909090909092,0.35080645161290303,1.195059559234805,0.70338983050847448,2.344652917094002,0.96577017114914421,4.5712075807255479,1.0834413060378338,8.2872047211550104,88,0.090262970859985789,0.76923076923076927,0.092307692307692313,0.13846153846153847,0.32338308457711445,-0.056250000000000022,0.8623188405797102,-0.086363636363636309,1.4512195121951219,0.86330935251798557,-0.086363636363636309,1.4814814814814814,0.86330935251798557,-0.086363636363636309,1.4814814814814814,0.86330935251798557,-0.086363636363636309,1.4814814814814814,86.330935251798564,1.2452755900277723,1.2958564376342385,1.7998231081440368,23.236308359697272,1,1,-0.34825870646766166,196,-0.33163265306122447,2026-03-03,160,83737800,0.53785403050108938,0.0020876826722338038,0.0047770700636942109,0.6320806100217865,0.0010649627263045794,0,0,0,1,0.84970670938491821,0.99988918008818928,2026-02
2026-02-25,196,229,177,183,29190600,4582,-0.089552238805970186,0.14375000000000004,0.070175438596491224,1.0109890109890109,1.1279069767441858,1.0561797752808988,1.0561797752808988,0.094497607655502414,0.51428843253604706,0.43304620203602195,1.0081949122950624,0.7110799438990183,1.9632775771271767,0.85175815836073854,3.593184537437776,78.571428571428569,0.11865729898516784,-0.25,0.11538461538461539,0.63461538461538458,0.28415300546448086,-0.024875621890547261,0.68055555555555558,-0.20087336244541487,1.1529411764705881,0.68918918918918914,-0.20087336244541487,1.2592592592592591,0.68918918918918914,-0.20087336244541487,1.2592592592592591,0.68918918918918914,-0.20087336244541487,1.2592592592592591,68.918918918918919,1.0095065977350395,1.3956246043918819,0.5366016028283187,22.398843450632253,2,2,-0.33879781420765032,180,-0.32777777777777772,2026-03-04,201,61405100,0.55092592592592593,0.0022173773428653121,0.007692307692307665,0.64460784313725494,0.0020263424518743669,0,0,0,1,0.82222932577133179,0.99906094706307791,2026-02
2026-02-02,102,127,101,127,28431100,4596,0.30927835051546393,0.33684210526315783,0.28282828282828287,0.4111111111111112,0.89552238805970141,2.0238095238095237,1.54,0.2674650698602794,1.7207109172250843,0.52095808383233533,2.0949321991810703,0.94486983154670767,3.4123864957298808,1.3007246376811592,6.3749755454143378,83.064516129032256,0.10854893138357706,0.96153846153846156,0.038461538461538464,0,0.20472440944881889,0.051546391752577359,1,0,1.1896551724137931,1,0,2.0238095238095237,1,0,2.0975609756097562,1,0,2.0975609756097562,100,1.1394912138287892,1.4775337191726883,2.1762755802602261,22.007181261137266,1,2,0.37795275590551181,122,0.43442622950819665,2026-02-09,97,13495300,0.37356948228882836,-0.0028704363865266758,-0.010336717365594994,0.37438692098092641,0.99439461883408076,1,0,1,0,0.85172462463378906,0.99992028743185546,2026-02
2026-02-03,122,134,110,117,16707700,4596,-0.078740157480314932,0.20618556701030921,0.23157894736842111,0.40963855421686746,0.98305084745762716,1.7857142857142856,1.3399999999999999,0.093457943925233655,0.91129893519887162,0.31019036954087342,1.1695246148472374,0.69442433019551064,1.8250835519420263,1.0571428571428569,3.440426457453353,77.443609022556387,0.13064713064713065,-0.20833333333333334,0.29166666666666669,0.5,0.20512820512820512,-0.039370078740157521,0.77333333333333332,-0.12686567164179108,0.98305084745762716,0.81521739130434778,-0.12686567164179108,1.7857142857142856,0.81720430107526887,-0.12686567164179108,1.8536585365853657,0.81720430107526887,-0.12686567164179108,1.8536585365853657,81.318681318681314,0.96165649263507591,1.5042013732587745,0.81991256858606543,21.393554184276887,1,2,0.92307692307692313,118,0.90677966101694918,2026-02-10,127,28431100,0.72915531335149864,0.0085879992145706519,0,0.49237057220708447,0.99893162393162394,1,1,1,0,0.84104263782501221,0.99971225707108802,2026-02
2026-02-06,127,150,124,148,21719400,4596,0.18399999999999994,0.34545454545454546,0.2649572649572649,0.52577319587628857,1.2424242424242422,2.2173913043478262,2.0833333333333335,0.1802232854864434,1.2124679987807996,0.35655362053162243,1.2800536552965451,0.81818181818181812,1.9266444457750367,1.3576264436479493,3.6595311980704368,76.129032258064512,0.11486486486486487,0.80769230769230771,0.11538461538461539,0.076923076923076927,0.17567567567567569,0.016000000000000014,0.97402597402597402,-0.013333333333333308,1.0273972602739727,0.98130841121495327,-0.013333333333333308,2.441860465116279,0.98165137614678899,-0.013333333333333308,2.6097560975609757,0.98165137614678899,-0.013333333333333308,2.6097560975609757,97.826086956521735,1.0293749704762964,1.545561962337721,1.1674070648553851,21.890928702414268,1,2,0.18918918918918926,168,0.047619047619047672,2026-02-16,125,15913400,0.45504087193460491,0,0.012055459473599983,0.55912806539509541,0.82295081967213113,0,0,0,0,0.83078336715698242,0.9993817415446351,2026-02
2026-02-09,168,197,162,175,36299100,4596,0.18243243243243246,0.39999999999999991,0.59090909090909083,0.37795275590551181,0.94444444444444442,2.8888888888888888,2.6458333333333335,0.29629629629629628,1.8627360422189585,0.48809523809523814,2.0160644890038451,0.99089874857792926,2.7778492026686381,1.6535253980288096,5.3136017671457569,83.333333333333329,0.11102040816326529,0.20000000000000001,0.17142857142857143,0.62857142857142856,0.20000000000000001,0.13513513513513509,0.81034482758620685,-0.1116751269035533,1.1604938271604937,0.8571428571428571,-0.1116751269035533,3.0697674418604652,0.85897435897435892,-0.1116751269035533,3.2682926829268295,0.85897435897435892,-0.1116751269035533,3.2682926829268295,84.05797101449275,1.0996120348322551,1.6525664780146363,2.2972206980095962,22.572089479620224,0,2,0.29142857142857137,188,0.2021276595744681,2026-02-17,148,21719400,0.66512261580381471,0.0063796015547099572,0.019716767196828244,0.60408719346049045,0.96485623003194887,0,0,1,0,0.84877842664718628,0.99986973799839796,2026-02
2026-02-10,188,225,184,225,21454800,4596,0.28571428571428581,0.52027027027027017,0.80000000000000004,0.92307692307692313,1.7108433734939759,4,3.6875,0.43678160919540243,1.0498326515433247,0.70713201820940808,1.1067635723596956,1.3219814241486065,1.5185927599503966,2.197158081705151,2.9145415310757143,86.995515695067269,0.099047619047619037,0.90243902439024393,0.097560975609756101,0,0.18222222222222223,0.074285714285714288,1,0,1.6162790697674421,1,0,4.2325581395348841,1,0,4.4878048780487809,1,0,4.4878048780487809,100,1.2012529003870527,1.885170704347813,0.74608113143914612,22.297559356939487,0,1,-0.15555555555555556,305,-0.37704918032786883,2026-02-18,175,36299100,0.76212534059945503,0.010154022155081988,0.02287464902568126,0.68746594005449591,0.0020833333333333333,0,0,0,1,0.82811915874481201,0.99928355899118881,2026-02
2026-02-12,305,305,270,305,14625100,4596,0.35555555555555562,0.74285714285714288,1.060810810810811,1.7727272727272729,2.0808080808080809,5.9318181818181817,5.7777777777777777,0.55930470347648265,0.66470596790526104,1.0013123359580054,0.78641535244340943,1.7739881764438379,0.98795847292725192,2.9674796747967478,1.9027360506820368,90.728476821192061,0.090866510538641684,0,1,0,0.11475409836065574,0.35555555555555562,1,0,2.3888888888888888,1,0,6.0930232558139537,1,0,6.4390243902439028,1,0,6.4390243902439028,100,1.2767873944965566,2.28374995399298,-0.019052660019923871,22.21856156549725,0,0,-0.32786885245901642,313,-0.34504792332268375,2026-02-19,225,21454800,0.6065395095367847,0.0045850536920089002,0.02570268375593554,0.70163487738419617,0.0031914893617021275,0,0,0,1,0.84490668773651123,0.99979585805719084,2026-02
2026-02-16,157,186,147,176,44610900,4596,-0.21777777777777774,-0.42295081967213111,-0.21777777777777774,0.18918918918918926,0.81443298969072164,2.6666666666666665,2.8260869565217392,-0.20433996383363473,1.7962871843273178,0.015579919215233717,2.0871358112717098,0.40350877192982448,2.5945779010515069,1.0803782505910169,4.9839722328745051,60.750000000000007,0.22443181818181818,0.48717948717948717,0.25641025641025639,0.25641025641025639,0.22159090909090909,-0.30222222222222217,0.30120481927710846,-0.49714285714285711,0.74257425742574257,0.41806020066889632,-0.49714285714285711,2.4509803921568629,0.43689320388349512,-0.49714285714285711,3.2926829268292686,0.43689320388349512,-0.49714285714285711,3.2926829268292686,35.315985130111521,0.69583498142876499,2.0604529843745052,2.5857942957309716,22.783972776915142,2,2,0.21590909090909083,191,0.12041884816753923,2026-02-24,225,7185400,0.52356306183601198,0.0012759170653906526,0.0097079215605112568,0.60909833832743121,0.97479838709677424,0,0,0,0,0.83060872554779053,0.99937493681320821,2026-02
2026-02-17,191,226,190,226,23354200,4596,0.28409090909090917,0.0044444444444444731,-0.25901639344262295,0.29142857142857137,0.77952755905511806,2.3731343283582089,4.1363636363636367,-0.023336214347450368,1.0498119219206261,0.23362445414847177,1.1192181929626057,0.69478815148106499,1.356308021104655,1.5350532809871003,2.4542879129141948,66.139954853273139,0.18710493046776233,0.97222222222222221,0.027777777777777776,0,0.15929203539823009,0.085227272727272707,0.48971193415637859,-0.35428571428571431,1.1121495327102804,0.57534246575342463,-0.35428571428571431,2.896551724137931,0.59870550161812297,-0.35428571428571431,4.5121951219512191,0.59870550161812297,-0.35428571428571431,4.5121951219512191,53.030303030303031,0.84742252858298905,1.999836206117245,0.57787803480027344,22.38682239688633,2,2,-0.13274336283185839,250,-0.21599999999999997,2026-02-25,176,44610900,0.44102424407518387,-0.0007027406886859211,0.0029962563628365135,0.60365023154453823,0.0071065989847715737,0,0,0,1,0.83675819635391235,0.99959560453233998,2026-02
2026-02-24,183,220,178,214,16071800,4596,0.1693989071038251,0.043902439024390283,0.12631578947368416,0.21590909090909083,0.44594594594594605,2.2424242424242422,3.9767441860465116,0.051080550098231869,0.94575827548789071,0.007532956685499137,0.76845949017682147,0.3312597200622085,0.8485217734705881,1.0454002389486261,1.4612842813834639,58.787878787878789,0.23598130841121495,0.73809523809523814,0.11904761904761904,0.14285714285714285,0.19626168224299065,0,0.33004926108374383,-0.38857142857142857,0.45578231292517013,0.50902527075812276,-0.38857142857142857,1.9315068493150687,0.55987055016181231,-0.38857142857142857,4.2195121951219514,0.55987055016181231,-0.38857142857142857,4.2195121951219514,44.032921810699591,0.72466674562381928,1.4744492743793416,-0.30413819854287494,21.958552756710091,1,2,-0.2289719626168224,209,-0.21052631578947367,2026-03-03,183,10454100,0.53785403050108938,0.0020876826722338038,0.0047770700636942109,0.6320806100217865,0.0042598509052183178,0,0,0,1,0.8213927149772644,0.9990308118239013,2026-02
2026-02-26,213,245,210,240,26098400,4596,0.22448979591836737,0.12149532710280364,0.31147540983606548,0.26315789473684204,0.066666666666666652,1.8915662650602409,4.7142857142857144,0.1560693641618498,1.7220210508535414,0.11111111111111116,1.4143320177252137,0.3801035077630821,1.3794816742331382,1.1164021164021163,2.2125810322704806,62.037037037037031,0.22083333333333333,0.77142857142857146,0.085714285714285715,0.14285714285714285,0.14583333333333334,0.086734693877551061,0.45812807881773399,-0.31428571428571428,0.63265306122448983,0.58333333333333337,-0.31428571428571428,1.7906976744186047,0.64401294498381878,-0.31428571428571428,4.8536585365853657,0.64401294498381878,-0.31428571428571428,4.8536585365853657,53.781512605042018,0.79388333350473195,1.2933823202225316,0.75751136363440097,22.558023491233488,1,2,-0.4375,228,-0.40789473684210531,2026-03-05,196,7040500,0.59123093681917216,0.0032414996007229524,0.0055944055944054938,0.67265795206971679,0.0010504201680672268,0,0,0,1,0.82404834032058716,0.9991221896459207,2026-02
2026-02-02,795,902,714,772,3533900,4960,-0.01025641025641022,-0.25769230769230766,-0.42388059701492542,-0.13258426966292136,0.89215686274509798,1.1807909604519775,1.4353312302839116,-0.22365245374094933,0.68875661685026235,-0.016560509554140124,0.85604102524350867,0.33552460859787225,1.6371069546586368,0.71593687486108037,3.1359064348242769,62.568140520896428,0.21752405625462617,-0.12234042553191489,0.30851063829787234,0.56914893617021278,0.24352331606217617,0.019230769230769162,0.33167907361455751,-0.5113924050632912,1.0808625336927222,0.34468775344687752,-0.5113924050632912,1.2247838616714697,0.36875000000000002,-0.5113924050632912,1.5733333333333333,0.36875000000000002,-0.5113924050632912,1.5733333333333333,33.497942386831276,0.66734454489436656,2.0049928057688788,0.36303748444787676,21.726897185304924,3,3,0.20984455958549231,753,0.2403718459495352,2026-02-09,780,4433000,0.37356948228882836,-0.0028704363865266758,-0.010336717365594994,0.37438692098092641,0.98654708520179368,0,0,1,0,0.83202940225601196,0.99943326308258218,2026-02
2026-02-04,814,963,762,963,1778000,4960,0.18450184501845013,0.24740932642487046,0.23461538461538467,-0.2813432835820896,1.1305309734513274,1.6528925619834709,2.0474683544303796,0.10233516483516492,0.63518148042297795,0.094069529652351713,0.41215509827511471,0.52530292230933706,0.77021211156379488,1.0127495036053924,1.4766430041130902,65.978806469604024,0.19092122830440589,0.74129353233830841,0.25870646766169153,0,0.2087227414330218,0.0012300123001229846,0.4112595419847328,-0.39050632911392402,0.81015037593984962,0.49918831168831168,-0.39050632911392402,1.7672413793103448,0.51796874999999998,-0.39050632911392402,2.21,0.51796874999999998,-0.39050632911392402,2.21,48.966087675765095,0.78223738735923454,1.861209555631006,-0.14212541579554935,21.261053107438151,1,3,-0.078920041536863939,990,-0.10404040404040404,2026-02-12,813,1348800,0.5697547683923706,0.0027656143437163605,0.010546806393068375,0.52561307901907361,0.0089086859688195987,0,0,0,1,0.8282703161239624,0.9992874474091471,2026-02
2026-02-06,888,1031,881,1030,2769400,4960,0.11713665943600859,0.069574247144340573,0.2669126691266912,0.32051282051282048,0.629746835443038,1.9014084507042255,2.3550488599348536,0.14444444444444438,0.98461254035297296,0.074035453597497414,0.54889602410116145,0.48586266589728777,1.0362950226481391,1.0124065842817371,1.9972198733978663,66.26569037656904,0.19694868238557559,0.94666666666666666,0.046666666666666669,0.0066666666666666671,0.14563106796116504,-0.036876355748373113,0.36489607390300233,-0.34810126582278478,0.44257703081232491,0.5535714285714286,-0.34810126582278478,1.9597701149425286,0.5703125,-0.34810126582278478,2.4333333333333331,0.5703125,-0.34810126582278478,2.4333333333333331,54.507857733664189,0.78522786475853923,1.7034193566908227,0.026326900710240918,21.771455329777005,1,2,-0.13883495145631064,1055,-0.15924170616113742,2026-02-16,922,4633300,0.45504087193460491,0,0.012055459473599983,0.55912806539509541,0.022950819672131147,0,0,0,1,0.82630038261413574,0.99921940009487742,2026-02
2026-02-04,61.200000762939453,69.900001525878906,57,59,3151000,6085,-0.019933567238062277,0.17529878691868905,0.39810424012632972,0.47132175174710311,0.54450258695387532,1,0.68571428571428572,0.16416731737814394,2.361360911270983,0.31111111111111112,2.9202965708989805,0.43064985252515919,1.3213402105086594,0.62299703816080987,2.3722497223842955,77.471266121699884,0.10895884239067467,-0.17054267462883591,0.15503874135113604,0.67441858402002808,0.21864409365896451,0.016611295470541299,0.67168670857241741,-0.15593707135819479,0.60762939437264607,0.73543686106715411,-0.15593707135819479,1.0557490742713562,0.74473064798304811,-0.15593707135819479,1.1691175862167138,0.74473064798304811,-0.15593707135819479,1.1691175862167138,70.855612082430909,1.0866818988064897,0.73404319001702167,0.31680611757788613,19.040767870024109,1,1,0.72033898305084754,58.299999237060547,0.74099487698582633,2026-02-12,60.200000762939453,652000,0.5697547683923706,0.0027656143437163605,0.010546806393068375,0.52561307901907361,0.99443207126948774,1,0,1,0,0.8319709300994873,0.99943131887360304,2026-02
2026-02-13,109.90000152587891,131.5,102.5,131.5,9846000,6085,0.29556650246305427,0.52023121387283244,0.83916083916083917,1.2790294326037874,2.1459330717740781,2.746438909305188,3.2973855673424017,0.45303867403314912,1.6642439403671276,0.82183429542837771,2.6955402852684314,1.3642574581017883,3.4727096375980953,1.9859218853120839,4.8245785966287729,95.902438280059059,0.074741987221141282,0.74482753359038256,0.25517246640961744,0,0.22053231939163498,0.08275863572294484,1,0,2.223039275955486,1,0,3.046153846153846,1,0,3.8345586879236926,1,0,3.8345586879236926,100,1.2690817635753262,1.7738783088024277,2.5943079824584974,20.981582691690452,0,0,0.34752849390298235,161.5,0.09721360339468843,2026-02-20,101.5,5510000,0.21302097521111413,-0.01299574864597286,0.007618150983060068,0.59602288204848819,0.94341563786008231,0,0,0,0,0.84314185380935669,0.99974628072822291,2026-02
2026-02-17,164,201.30000305175781,121.5,121.5,5414000,6085,-0.24767801857585137,-0.076045627376425839,0.19704433497536944,0.69930069930069938,1.4203186883156054,2,2.7616099959715377,0.0082987551867219622,0.98175751641098175,0.33165278163969636,1.3164101441875167,0.83756805595590866,1.8416218790393903,1.4523160725179762,2.4596792512834491,74.236069738242293,0.14074074163778888,-0.53258143326679763,0,0.46741856673320237,0.65679014857413842,0.015479876160990669,0.45305001907348613,-0.396423258032638,1.1931407338182818,0.51518832355946564,-0.396423258032638,2.3106266341741777,0.54164272255794799,-0.396423258032638,3.4669116394123849,0.54164272255794799,-0.396423258032638,3.4669116394123849,50.771127745220021,0.89356365621155942,2.1281641298343752,0.90546201780284075,20.304413013457204,1,1,0.47572018972640184,109.5,0.63744295024436348,2026-02-25,161.5,1709000,0.44102424407518387,-0.0007027406886859211,0.0029962563628365135,0.60365023154453823,0.99796954314720809,1,1,1,0,0.8318900465965271,0.99942743045564486,2026-02
2026-02-18,109.5,129,93.599998474121094,117.1999969482422,6397000,6085,-0.035390971619405742,-0.27430342446908851,-0.10874527035557258,0.35491325951725083,0.94684377845379197,1.8585365109327365,2.8175893822688161,-0.074542028481546785,1.1076672669344785,0.20899522617040689,1.3647806792968082,0.67596163414997767,2.2151811067248426,1.266595696784298,2.7156563083715404,72.583478736538339,0.16424915335944551,0.21751402871022976,0.44915256611656723,0.33333340517320303,0.30204780245439966,-0.098765432098765427,0.42357775720380347,-0.4177844253777383,1.1155233523503565,0.4890643685657548,-0.4177844253777383,2.1934603409216709,0.51694425618673889,-0.4177844253777383,3.3088232963555484,0.51694425618673889,-0.4177844253777383,3.3088232963555484,48.118442371350405,0.82502940640808209,2.0796937779263325,1.3216060730858792,20.435221540870113,2,2,0.56996591118733542,135.19999694824219,0.3609467762816565,2026-02-26,121.5,5414000,0.64396622173794604,0.0050916746826588088,0,0.64995913919912829,0.99789915966386555,1,1,1,0,0.83011460304260254,0.99936035524586464,2026-02
2026-02-25,159.80000305175781,191.69999694824219,159.30000305175781,179.30000305175781,5300000,6085,0.18115941664786117,0.011851050449673606,0.21807069815906654,0.47572018972640184,1.507692350374235,3.2894738355111635,4.8025891671608383,0.16021744376794578,1.4483248619992348,0.30381037994218429,1.1554392849356878,0.88736845696573452,1.6510389084452197,1.7596291212139854,2.0198170731707319,72.599621254844905,0.15297585133458477,0.60185196522879236,0.015432101672533139,0.38271593309867447,0.18070269573353884,0.052700921206650486,0.82442139294352268,-0.10928961582948116,1.3592105664704976,0.86428130975098971,-0.10928961582948116,3.5739795806655188,0.87363584313167486,-0.10928961582948116,5.5919116920047172,0.87363584313167486,-0.10928961582948116,5.5919116920047172,84.92117904735062,0.93920636880218533,2.0203906864688417,0.8078217128156383,20.672277777206148,1,2,0.33351925283847073,200,0.19550003051757803,2026-03-04,151.80000305175781,3379000,0.55092592592592593,0.0022173773428653121,0.007692307692307665,0.64460784313725494,0.99392097264437695,1,0,0,0,0.84113287925720215,0.99971322917557759,2026-02
2026-02-26,200,205,181.19999694824219,184,7374000,6085,0.026213033286371257,0.21212118775296251,0.038374735715960506,0.56996591118733542,1.1271676300578033,3.532019874761418,5.1538462323580605,0.095890410958904049,1.9129397115284841,0.24940585578385566,1.5314641744548287,0.80092003725260796,2.0734742081066262,1.6734471485652014,2.6301428494997592,73.408240369253562,0.15403726086113023,-0.67226882136127619,0.11764717196332505,0.21008400667539878,0.1293478426725968,0.11544894922431648,0.81149012825532529,-0.10243902439024388,0.96581199785887883,0.87334137456795624,-0.10243902439024388,3.6938774596646864,0.88188976327271673,-0.10243902439024388,5.7647056926080564,0.88188976327271673,-0.10243902439024388,5.7647056926080564,85.962566701741821,0.90921841972193573,1.9571944923613984,1.4369119002240802,21.028406616122233,1,1,0.027717424475628194,192,-0.015104134877522934,2026-03-05,179.30000305175781,5300000,0.59123093681917216,0.0032414996007229524,0.0055944055944054938,0.67265795206971679,0.61344537815126055,0,0,0,0,0.82172310352325439,0.99904247707777616,2026-02
2026-02-13,784,897,700,758,4464500,6166,-0.014304291287386195,0.13303437967115106,0.1661538461538461,0.26544240400667785,0.25496688741721862,1.4530744336569579,2.0441767068273093,0.095059231436001035,1.96734675891244,0.18493043614194149,2.6230442471636812,0.22336991607488699,1.3846459220479548,0.70327509690466838,2.4292665541225298,62.291666666666671,0.10572936298529965,-0.13197969543147209,0.29441624365482233,0.57360406091370564,0.25989445910290238,0.01950585175552666,0.60845070422535208,-0.15496098104793754,0.39852398523985233,0.72637795275590555,-0.15496098104793754,0.94858611825192796,0.785824345146379,-0.15496098104793754,2.056451612903226,0.7861538461538462,-0.15496098104793754,2.068825910931174,60.845070422535208,0.88313550552386355,0.58300500176686032,0.3606568234808149,21.942351169877281,1,1,0.069920844327176823,860,-0.05697674418604648,2026-02-20,769,1160700,0.21302097521111413,-0.01299574864597286,0.007618150983060068,0.59602288204848819,0.10390946502057613,0,0,0,0,0.83197718858718872,0.99943131887360304,2026-02
2026-02-09,220,279,216,260,8114000,6495,0.2560386473429952,0.26213592233009719,0.16071428571428581,0.33333333333333326,0.61490683229813659,0.52046783625730986,1.2608695652173911,0.19485294117647056,1.9412597852508278,0.34505949301603711,2.7726047244309737,0.42037694618956567,3.9893309733643081,0.64115512071958336,5.2384295686559339,76.470588235294116,0.087912087912087919,0.63492063492063489,0.063492063492063489,0.30158730158730157,0.24230769230769231,0.062801932367149815,0.84552845528455289,-0.068100358422939045,0.66666666666666674,0.84552845528455289,-0.068100358422939045,0.66666666666666674,0.88554216867469882,-0.068100358422939045,1.3008849557522124,0.88690476190476186,-0.068100358422939045,1.3423423423423424,84.552845528455279,1.2672033618367007,0.54793418160104856,2.7578645220626812,21.469783154238073,1,2,-0.092307692307692313,244,-0.032786885245901676,2026-02-17,207,2470800,0.66512261580381471,0.0063796015547099572,0.019716767196828244,0.60408719346049045,0.23322683706070288,0,0,0,0,0.8390277624130249,0.99967337289150537,2026-02
2026-02-19,282,340,280,321,13813100,6495,0.22988505747126431,0.36016949152542366,0.33749999999999991,0.42666666666666675,0.43303571428571419,0.96932515337423308,1.588709677419355,0.24805598755832037,3.2005737032591721,0.32316570486397356,3.321438790796317,0.53772455089820359,4.8046651489511936,0.77642501383508589,7.1065733913153082,78.291814946619212,0.10881174899866489,0.65000000000000002,0.033333333333333333,0.31666666666666665,0.18691588785046728,0.080459770114942541,0.8716216216216216,-0.055882352941176494,0.671875,0.89673913043478259,-0.055882352941176494,1.0576923076923075,0.91402714932126694,-0.055882352941176494,1.6974789915966388,0.91703056768558955,-0.055882352941176494,1.8918918918918921,89.502762430939228,1.1517202949144725,0.82508486400407566,3.2961758491579283,22.212569098568377,1,1,-0.14330218068535827,292,-0.058219178082191791,2026-02-27,261,3397400,0.59765731408335598,0.0032397408207343048,-0.0010365543858066317,0.66984472895668756,0.048128342245989303,0,0,0,0,0.84759509563446045,0.99984737959513792,2026-02
2026-02-20,292,303,268,296,5671800,6495,-0.077881619937694713,0.13409961685823757,0.25423728813559321,0.29824561403508776,0.43689320388349517,0.79393939393939394,1.446280991735537,0.093057607090103245,1.1303900700739005,0.17647058823529416,1.3117961741012885,0.3748258244310263,1.8126413179824385,0.59935161421045535,2.7488441071272791,71.333333333333329,0.12861969111969113,0.11428571428571428,0.68571428571428572,0.20000000000000001,0.11824324324324324,-0.090342679127725867,0.70270270270270274,-0.12941176470588234,0.54166666666666674,0.76086956521739135,-0.12941176470588234,0.89743589743589736,0.80090497737556565,-0.12941176470588234,1.4873949579831933,0.80786026200873362,-0.12941176470588234,1.6666666666666665,74.117647058823536,0.94066292053325673,0.85059533481383187,0.76398666446916308,21.241376540561237,1,2,-0.17905405405405406,301,-0.19269102990033227,2026-03-02,321,13813100,0.24244075183873603,-0.0074571215510812472,0.0036036036036035668,0.61509125578861346,0.0010905125408942203,0,0,0,1,0.8348962664604187,0.99953338984500761,2026-02
2026-02-16,645,715,615,715,7495000,6613,0.16260162601626016,0.12598425196850394,0.13312202852614896,0.15508885298869135,0.57488986784140961,0.5376344086021505,1.2136222910216716,0.10921501706484649,1.0859171254708779,0.19285952619285962,0.98731182455752098,0.38700290979631435,1.683600006289633,0.66221085667790325,2.6157865071484787,85.510688836104521,0.091108891108891102,0.69999999999999996,0.29999999999999999,0,0.13986013986013987,0.048780487804878092,0.99612403100775193,-0.0013966480446927498,0.56113537117903922,0.99687499999999996,-0.0013966480446927498,0.80555555555555558,0.99763593380614657,-0.0013966480446927498,1.4402730375426622,0.99763593380614657,-0.0013966480446927498,1.4402730375426622,99.6875,1.0264178421477763,0.73516298045170458,0.79200135652839498,22.402029232399446,1,1,-0.074125874125874125,728,-0.09065934065934067,2026-02-24,615,5901100,0.52356306183601198,0.0012759170653906526,0.0097079215605112568,0.60909833832743121,0.091733870967741937,0,0,0,0,0.82110601663589478,0.99901720236104741,2026-02
2026-02-19,777,835,732,771,8742400,6613,-0.021573604060913687,0.12063953488372103,0.078321678321678245,0.2141732283464568,0.40181818181818185,0.72869955156950672,1.5785953177257523,0.077718758736371241,1.3230945253452873,0.16272055496908466,1.1852960596335811,0.37555753791257795,1.6898963627911203,0.66378938282261557,2.6266705124507257,82.803738317757009,0.10422456920511396,-0.058252427184466021,0.37864077669902912,0.56310679611650483,0.13359273670557717,-0.013959390862944177,0.79617834394904463,-0.076646706586826374,0.47984644913627639,0.85421412300683375,-0.076646706586826374,0.94696969696969702,0.88148148148148153,-0.076646706586826374,1.6135593220338982,0.88191881918819193,-0.076646706586826374,1.6313993174061432,84.798099762470315,0.93350655761278001,0.86632492938673455,0.91867055509116302,22.631383683190187,2,3,-0.01037613488975353,741,0.029689608636977116,2026-02-27,788,2345800,0.59765731408335598,0.0032397408207343048,-0.0010365543858066317,0.66984472895668756,0.66951871657754014,0,0,0,0,0.82146048545837402,0.99903567234634916,2026-02
2026-02-17,293,293,259,293,5417300,7256,0.37558685446009399,0.79754601226993871,0.74404761904761907,0.79754601226993871,0.87820512820512819,0.77575757575757587,0.96644295302013417,0.46500000000000008,3.5014930775495432,0.61699779249448139,5.6743479627107991,0.73784104389086602,8.3357183523365492,0.87340153452685421,9.5995676269542063,90.853658536585371,0.053876157971721114,0,1,0,0.11604095563139932,0.37558685446009399,1,0,0.92763157894736836,1,0,0.97972972972972983,1,0,1.2713178294573644,1,0,1.9595959595959598,100,1.499055320321971,0.73853872641714957,4.240448697348711,21.185280703960945,1,1,0.040955631399317349,373,-0.18230563002680966,2026-02-25,213,1410300,0.44102424407518387,-0.0007027406886859211,0.0029962563628365135,0.60365023154453823,0.013197969543147208,0,0,0,1,0.82400155067443848,0.99912121754143113,2026-02
2026-02-19,341,420,332,352,13277100,7256,-0.056300268096514783,0.20136518771331069,0.65258215962441324,1.0952380952380953,1.2000000000000002,1.2564102564102564,1.6466165413533833,0.26255380200860823,3.1744866632874591,0.59132007233273054,5.9573026548990224,0.86095691250330431,10.291767113412451,1.099612287503728,15.923268580954465,87.404580152671755,0.075892857142857151,0.125,0.10227272727272728,0.77272727272727271,0.25,-0.085790884718498606,0.74242424242424243,-0.16190476190476188,1.2564102564102564,0.74814814814814812,-0.16190476190476188,1.3466666666666667,0.76632302405498287,-0.16190476190476188,1.7286821705426356,0.78548895899053628,-0.16190476190476188,2.4174757281553396,74.626865671641795,1.1205764605411355,1.3873502577789687,4.036191878268788,22.265182480483691,1,2,-0.10795454545454541,336,-0.065476190476190466,2026-02-27,373,454700,0.59765731408335598,0.0032397408207343048,-0.0010365543858066317,0.66984472895668756,0.038502673796791446,0,0,0,0,0.83619660139083862,0.9995781066515278,2026-02
2026-02-20,336,359,309,355,4103000,7256,0.0085227272727272929,-0.048257372654155528,0.21160409556313997,1.1779141104294477,1.191358024691358,1.2756410256410255,1.6492537313432836,0.11916771752837341,0.83183307382898664,0.47609147609147606,1.5715670089667033,0.78302360622802625,2.7562995855138084,1.0499494730763677,4.428088086899745,87.452471482889734,0.08390342052313883,0.38,0.54000000000000004,0.080000000000000002,0.14084507042253522,-0.045454545454545414,0.75378787878787878,-0.15476190476190477,1.2756410256410255,0.7592592592592593,-0.15476190476190477,1.3666666666666667,0.77508650519031141,-0.15476190476190477,1.7099236641221376,0.79495268138801267,-0.15476190476190477,2.4466019417475726,75.746268656716424,1.0243346822809769,1.4933660364057797,0.86621858994283996,21.099346761586286,1,1,-0.15774647887323945,353,-0.15297450424929182,2026-03-02,352,13277100,0.24244075183873603,-0.0074571215510812472,0.0036036036036035668,0.61509125578861346,0.0032715376226826608,0,0,0,1,0.83734786510467529,0.99961990714457916,2026-02
2026-02-02,340,375,302,305,2115400,7602,-0.094955489614243271,-0.012944983818770184,-0.10029498525073743,0.11721611721611724,0.75287356321839072,0.7231638418079096,1.3461538461538463,-0.051616915422885601,0.33371720645537867,0.15355521936459926,0.46800677873106755,0.41926477431363418,0.89603700377831619,0.67214912280701755,1.2384865219306784,72.727272727272734,0.13770491803278689,-0.47945205479452052,0.041095890410958902,0.47945205479452052,0.23934426229508196,0.0089020771513352859,0.63111111111111107,-0.21391752577319589,0.87116564417177922,0.64224137931034486,-0.21391752577319589,0.95512820512820507,0.68320610687022898,-0.21391752577319589,1.4206349206349205,0.68320610687022898,-0.21391752577319589,1.4206349206349205,63.755458515283841,0.83427866223878888,1.2542373225549655,-0.073228990975533134,20.285066256033414,2,2,-0.12786885245901636,289,-0.079584775086505188,2026-02-09,337,9198400,0.37356948228882836,-0.0028704363865266758,-0.010336717365594994,0.37438692098092641,0.040358744394618833,0,0,0,0,0.82156616449356079,0.9990376165553283,2026-02
2026-02-04,350,415,345,415,5584600,7771,0.23880597014925375,0.25377643504531733,0.40202702702702697,0.40677966101694918,0.62109375,1.4269005847953218,3.882352941176471,0.23585467540202498,1.7838752954705168,0.30544196288140935,1.5909408161811838,0.51321786690975379,0.81902743608451911,1.2686893535602022,1.4821951329559238,68.839103869653769,0.13115318416523236,0.9285714285714286,0.071428571428571425,0,0.16867469879518071,0.044776119402984982,1,0,0.60852713178294571,1,0,2.143939393939394,1,0,4,1,0,4,100,0.96491762305447271,1.1038898967476267,-0.21191890151075965,21.563801888170936,0,1,1.2289156626506026,445,1.0786516853932584,2026-02-12,335,1554800,0.5697547683923706,0.0027656143437163605,0.010546806393068375,0.52561307901907361,0.99888641425389757,1,1,1,0,0.82092589139938354,0.9990035928981934,2026-02
2026-02-06,573,575,513,575,7648700,7771,0.16161616161616155,0.3855421686746987,0.71641791044776126,0.94256756756756754,0.87296416938110744,2.9930555555555554,5.927710843373494,0.33658763365876343,1.5016353920032668,0.57967032967032961,2.4648259504888599,0.84235821851970516,1.2456587927107619,1.7983939652025795,1.8759619004639196,68.839103869653769,0.094658385093167707,0.032258064516129031,0.967741935483871,0,0.10782608695652174,0.15757575757575748,1,0,1.0833333333333335,1,0,3.3560606060606064,1,0,5.927710843373494,1,0,5.927710843373494,100,1.162148484567304,1.2721590974721677,0.28210029775031897,22.204416297746395,0,0,0.086956521739130377,675,-0.07407407407407407,2026-02-16,495,4805000,0.45504087193460491,0,0.012055459473599983,0.55912806539509541,0.093989071038251368,0,0,0,0,0.85090577602386475,0.999905705864512,2026-02
2026-02-06,942,1047,842,1047,7269200,7794,0.16722408026755864,0.40160642570281135,0.61823802163833075,0.58636363636363642,1.0650887573964498,1.4810426540284358,1.7845744680851063,0.32297194844579225,1.8835832961930328,0.48111472626962803,2.8232095696753148,0.72303135028388055,4.6990074112859697,1.0969357099939914,8.3197326405182377,77.546549835706458,0.083094555873925502,0.51219512195121952,0.48780487804878048,0,0.19579751671442217,0.050167224080267525,1,0,1.2371794871794872,1,0,1.4751773049645389,1,0,1.9083333333333332,1,0,1.9083333333333332,100,1.22001254006767,1.004192718943377,2.785168415492421,22.752841013191173,0,1,1.0754536771728751,1347,0.61321455085374899,2026-02-16,897,2844200,0.45504087193460491,0,0.012055459473599983,0.55912806539509541,0.99453551912568305,1,0,1,0,0.84625369310379028,0.99982890960983617,2026-02
2026-02-17,345,361,313,361,3541000,7810,0.28469750889679712,0.79601990049751237,0.54273504273504281,0.8704663212435233,1.3141025641025643,1.4228187919463089,1.4557823129251699,0.42014162077104644,0.86169974594336773,0.66589755422242747,1.0191335781633146,0.91868190273717776,1.7150108247647369,1.1684937678330081,3.3617035416083203,74.327628361858189,0.10130589631974674,0.33333333333333331,0.66666666666666663,0,0.1329639889196676,0.22775800711743766,1,0,1.3141025641025643,1,0,1.4726027397260273,1,0,1.5602836879432624,1,0,1.5602836879432624,100,1.3342978261457668,1.101143828914481,0.5734904544990409,20.968797690209211,1,1,-0.36565096952908582,393,-0.41730279898218825,2026-02-25,281,8250100,0.44102424407518387,-0.0007027406886859211,0.0029962563628365135,0.60365023154453823,0.0010152284263959391,0,0,0,1,0.8388788104057312,0.99966754026456794,2026-02
2026-03-05,305,359,285,358,6034400,2321,0.18151815181518161,0.30181818181818176,0.59111111111111114,0.84536082474226815,1.022598870056497,0.82653061224489788,0.7047619047619047,0.31135531135531136,1.0778947970105317,0.56879929886064873,2.0125131735168953,0.73155985489721886,3.5086780823909063,0.71169017451589767,5.5796707805612122,88.9908256880734,0.065442936951316838,0.71621621621621623,0.27027027027027029,0.013513513513513514,0.20670391061452514,0.0066006600660066805,0.9946236559139785,-0.0027855153203342198,1.0693641618497112,0.99465240641711228,-0.0027855153203342198,1.0813953488372094,0.99465240641711228,-0.0027855153203342198,1.0813953488372094,0.99484536082474229,-0.0027855153203342198,1.1696969696969699,99.465240641711233,1.2955525382730431,0.91956196442445237,1.5579136511969163,21.493519974385155,0,0,0.069832402234636826,348,0.10057471264367823,2026-03-12,303,8770900,0.90443778927307383,0.025778732545649774,-0.021961475854584911,0.3547508848352845,0.95652173913043481,0,0,0,0,0.84976208209991455,0.99958960406837249,2026-03
2026-03-06,348,426,338,403,10012800,2321,0.12569832402234637,0.33003300330033003,0.46545454545454557,0.97549019607843146,1.1902173913043477,1.056122448979592,0.9375,0.2883631713554986,1.3443753423774691,0.61135545781687339,2.5170374131789512,0.85628742514970058,4.5318783478884681,0.88295759841140042,7.7120608782050786,95.599999999999994,0.071428571428571425,0.625,0.11363636363636363,0.26136363636363635,0.21836228287841192,-0.027932960893854775,0.90909090909090906,-0.0539906103286385,1.3294797687861273,0.90944881889763785,-0.0539906103286385,1.3430232558139537,0.90944881889763785,-0.0539906103286385,1.3430232558139537,0.91187739463601536,-0.0539906103286385,1.4424242424242424,90.944881889763778,1.2283185641005299,1.1757045163433557,2.3792877901185516,22.118311394651204,0,0,0.017369727047146455,381,0.076115485564304475,2026-03-13,358,6034400,0.50830383882384966,0.00070721357850067612,-0.03363518758085382,0.37108630547236593,0.92659574468085104,0,0,0,0,0.85174399614334106,0.99963552249428889,2026-03
2026-03-09,381,449,323,351,8273100,2321,-0.12903225806451613,-0.019553072625698276,0.15841584158415833,0.56000000000000005,0.96089385474860345,0.79081632653061229,0.63255813953488382,0.038461538461538547,0.9792736914372292,0.31313131313131315,1.7262057525586054,0.56104069379586385,3.1825429645800676,0.61434977578475336,5.5445551190007452,78.644067796610173,0.10541310541310542,-0.23809523809523808,0.22222222222222221,0.53968253968253965,0.35897435897435898,-0.054590570719602938,0.64492753623188404,-0.21826280623608019,1.0289017341040463,0.64620938628158842,-0.21826280623608019,1.0406976744186047,0.64620938628158842,-0.21826280623608019,1.0406976744186047,0.65492957746478875,-0.21826280623608019,1.1272727272727274,64.620938628158839,0.95117944952698741,1.243497890659812,1.6182737275325678,21.789306069423102,1,1,0.14245014245014254,350,0.14571428571428569,2026-03-16,403,10012800,0.081404846174789006,-0.025000000000000022,-0.045886075949367111,0.19194119248570651,0.96563573883161513,0,0,0,0,0.84103941917419434,0.99930165727252207,2026-03
2026-03-10,350,417,348,406,4482900,2321,0.15669515669515666,0.0074441687344912744,0.13407821229050287,0.47636363636363632,1.2681564245810057,1.2065217391304346,0.91509433962264142,0.114772103239978,0.59654123452058727,0.39999999999999991,0.8599380401108756,0.7207035388853571,1.6106651911786898,0.82656619052974922,2.8095959588046258,83.430232558139537,0.10151301900070374,0.81159420289855078,0.028985507246376812,0.15942028985507245,0.16995073891625614,-0.0028490028490028019,0.84074074074074079,-0.095768374164810655,1.2681564245810057,0.84476534296028882,-0.095768374164810655,1.36046511627907,0.84476534296028882,-0.095768374164810655,1.36046511627907,0.84859154929577463,-0.095768374164810655,1.4606060606060605,84.420289855072468,1.0347527639239389,1.3477322372248035,0.48512084050353443,21.322133876548762,1,1,-0.20935960591133007,414,-0.22463768115942029,2026-03-17,351,8273100,0.87585080315818131,0.018072289156626509,-0.0083682008368201055,0.31826844541246935,0.0039408866995073889,0,0,0,1,0.86308670043945312,0.99985459165126489,2026-03
2026-03-11,414,438,382,406,3001700,2321,0,0.15669515669515666,0.0074441687344912744,0.33993399339933994,1.2430939226519335,1.1711229946524062,0.91509433962264142,0.055093555093554958,0.47189269577958115,0.29919999999999991,0.54557913142101033,0.64439044147428115,1.0258083918282539,0.78756191524490915,1.8045352346370731,83.381924198250729,0.11066150598170303,-0.14285714285714285,0.42857142857142855,0.42857142857142855,0.13793103448275862,0.019704433497536922,0.83895131086142327,-0.095768374164810655,1.2307692307692308,0.84476534296028882,-0.095768374164810655,1.36046511627907,0.84476534296028882,-0.095768374164810655,1.36046511627907,0.84859154929577463,-0.095768374164810655,1.4606060606060605,84.420289855072468,0.95847928074372124,1.4054952285498803,0.021884543051409303,20.921042513226411,1,1,-0.16256157635467983,414,-0.17874396135265702,2026-03-18,406,4482900,0.62210726926218352,0.0039735099337747659,0.024258760107816801,0.36046828205826298,0.0043668122270742356,0,0,0,1,0.84862488508224487,0.99954751217794924,2026-03
2026-03-11,130,180,130,180,12723100,2338,0.38461538461538458,0.60714285714285721,0.53846153846153855,0.85567010309278357,0.69811320754716988,0.02857142857142847,-0.50953678474114439,0.35135135135135154,1.8955468482293172,0.5503875968992249,2.4206212555625526,0.41732283464566922,4.3021162133694908,-0.067719798005956178,7.7013546723484616,59.444444444444443,0.13055555555555556,1,0,0,0.27777777777777779,0,1,0,0.9780219780219781,1,0,0.9780219780219781,0.32129963898916969,-0.51086956521739135,0.9780219780219781,0.25797101449275361,-0.58715596330275233,0.9780219780219781,100,1.029830481365708,0.78765350300338444,2.9150341213488686,21.551886648202309,1,2,-0.050000000000000044,190,-0.099999999999999978,2026-03-18,130,4430700,0.62210726926218352,0.0039735099337747659,0.024258760107816801,0.36046828205826298,0.030567685589519649,0,0,0,0,0.84820711612701416,0.99952359633111776,2026-03
2026-03-16,172,207,156,187,4679300,2338,0.14723926380368102,0.17610062893081757,0.038888888888888973,0.66964285714285721,0.81553398058252435,0.29861111111111116,-0.45639534883720934,0.14163614163614158,0.77963125256167176,0.36098981077147019,0.82691260982971537,0.45752143413873725,1.3262156669907124,0.039466370205669676,2.3941437033682917,69.948186528497416,0.14667685255920548,0.29411764705882354,0.31372549019607843,0.39215686274509803,0.27272727272727271,0.055214723926380271,0.82456140350877194,-0.09661835748792269,1.010752688172043,0.82758620689655171,-0.09661835748792269,1.0549450549450547,0.37944664031620551,-0.45639534883720934,1.0549450549450547,0.27988338192419826,-0.56912442396313367,1.0549450549450547,82.758620689655174,1.0452377180524315,0.8391228614428704,0.35335964843549977,20.589767702054559,1,1,-0.19251336898395721,191,-0.20942408376963351,2026-03-24,163,2177900,0.38415464198203103,-0.0018921475875117721,0.0014184397163119478,0.2267900898448135,0.011013215859030838,0,0,0,1,0.85117000341415405,0.99962786942330284,2026-03
2026-03-17,191,231,166,192,8108400,2338,0.02673796791443861,0.17791411042944794,0.20754716981132071,0.47692307692307701,0.88235294117647056,0.34265734265734271,-0.42686567164179101,0.089670828603859221,1.2034766708027334,0.31147540983606548,1.4408017484940563,0.46845124282982797,2.0678812021580595,0.088898341131433467,3.7680189599888472,72.164948453608247,0.16034226190476189,0.015384615384615385,0.38461538461538464,0.59999999999999998,0.33854166666666669,0.021390374331550888,0.71739130434782605,-0.16883116883116878,1.064516129032258,0.72142857142857142,-0.16883116883116878,1.1098901098901099,0.42083333333333334,-0.41993957703927487,1.1098901098901099,0.30699088145896658,-0.54285714285714293,1.1098901098901099,72.142857142857139,1.0074685213583165,0.92311389399276833,1.2643657364410295,21.165906491998385,0,1,-0.22916666666666663,177,-0.16384180790960456,2026-03-25,187,4679300,0.51020963789817586,0.00066533599467732962,-0.014686248331108098,0.22869588891913967,0.007575757575757576,0,0,0,1,0.85430753231048584,0.99970248686541696,2026-03
2026-03-23,741,886,725,886,691600,3803,0.20380434782608692,0.22206896551724142,0.18449197860962574,0.61678832116788329,0.69083969465648853,0.23398328690807801,0.70057581573896344,0.18354261287737095,1.1044394762056851,0.41285281454313494,1.6970113363105461,0.44041619248902619,2.8528410848716099,0.3573863418744494,2.9421649331036095,71.869918699186996,0.088842308932602379,0.90062111801242239,0.099378881987577633,0,0.18171557562076748,0.0067934782608696231,0.99521531100478466,-0.0022522522522522292,0.88510638297872335,0.99521531100478466,-0.0022522522522522292,0.88510638297872335,0.76051188299817185,-0.12881022615535886,0.88510638297872335,0.76051188299817185,-0.12881022615535886,0.88510638297872335,99.52153110047847,1.1518957149929503,0.67559301642869185,1.6367734421400757,20.233479985028321,1,1,-0.34650112866817151,915,-0.36721311475409835,2026-03-30,736,355700,0.065069425537707601,-0.027257240204429323,-0.033448106246925735,0.09719575279063436,0.0010384215991692627,0,0,0,1,0.83507192134857178,0.99909885089139139,2026-03
2026-03-12,86,104,82,92,21064600,3840,0.17948717948717952,0.21052631578947367,0.55932203389830515,0.53333333333333344,0.70370370370370372,0.70370370370370372,0.5862068965517242,0.26373626373626369,1.774772725357868,0.42857142857142838,3.3699477820155117,0.55800169348010176,6.4232699684700343,0.5586615840745448,10.614509375110229,88,0.090062111801242239,0.27272727272727271,0.18181818181818182,0.54545454545454541,0.2391304347826087,0.10256410256410264,0.77358490566037741,-0.11538461538461542,0.80392156862745101,0.77358490566037741,-0.11538461538461542,0.80392156862745101,0.77358490566037741,-0.11538461538461542,0.80392156862745101,0.77358490566037741,-0.11538461538461542,0.80392156862745101,77.35849056603773,1.30333363686519,0.69460765474425368,2.6448470065345657,21.38489304193596,0,1,-0.26086956521739135,92,-0.26086956521739135,2026-03-19,78,18031700,0.13721753335148379,-0.015602836879432647,-0.013709063214013661,0.24938742172610945,0.0033444816053511705,0,0,0,1,0.83344864845275879,0.99904719266223552,2026-03
2026-03-17,487,488,424,435,828500,4422,-0.10860655737704916,0.066176470588235281,0.32621951219512191,0.3141993957703928,0.39423076923076916,0.055825242718446688,-0.011363636363636354,0.093514328808446345,3.4746686797517197,0.21644295302013417,5.844797178130511,0.2465969336581173,7.453220582943505,0.14980506178550201,3.2646065036005241,66.36904761904762,0.071756978653530382,-0.8125,0.171875,0.015625,0.14712643678160919,-0.002049180327868827,0.72395833333333337,-0.10860655737704916,0.46959459459459452,0.72395833333333337,-0.10860655737704916,0.46959459459459452,0.69616030257950989,-0.12239406403335051,0.46959459459459452,0.57408735042276293,-0.31315787267288597,1.5944333208987858,72.395833333333329,0.95938495310631877,0.53679802089870698,4.1507340852562171,19.702718149712151,1,3,0.31264367816091965,467,0.22269807280513909,2026-03-25,488,257200,0.51020963789817586,0.00066533599467732962,-0.014686248331108098,0.22869588891913967,0.99242424242424243,1,0,1,0,0.83575481176376343,0.99911989683660307,2026-03
2026-03-18,467,515,445,515,938400,4422,0.18390804597701149,0.055327868852458995,0.26225490196078427,0.56060606060606055,0.69407894736842102,0.28750000000000009,0.15990990990990994,0.18445262189512412,2.2259120451634327,0.35991550039609188,4.0778724143924912,0.45193120947279386,6.1241271291522548,0.35490660352538805,4.0110706233102871,72.705314009661834,0.069764216366158122,0.68571428571428572,0.31428571428571428,0,0.13592233009708737,0.073563218390804597,1,0,0.72818791946308714,1,0,0.73986486486486491,1,0,0.73986486486486491,0.74588406703482402,-0.18684207914146278,2.07157048336293,100,1.1864522894859042,0.65835778595953531,3.1456165248682404,19.99609847905435,1,2,-0.031067961165048508,555,-0.10090090090090087,2026-03-26,435,828500,0.83283419548053361,0.014559386973180155,-0.0053191489361702482,0.37081404846174787,0.040000000000000001,0,0,0,1,0.84939098358154297,0.99957525456027363,2026-03
2026-03-19,555,558,460,475,1288400,4422,-0.077669902912621325,0.091954022988505857,-0.026639344262295084,0.44817073170731714,0.46604938271604945,0.30136986301369872,0.14734299516908211,0.023265833692373894,1.9325033748312583,0.20619603859827329,3.6460367320372415,0.31871182676290943,6.1509082662974723,0.24467736652472971,5.0876638761649025,65.384615384615387,0.087368421052631581,-0.81632653061224492,0.15306122448979592,0.030612244897959183,0.2063157894736842,0.077669902912621325,0.68076923076923079,-0.14874551971326166,0.59395973154362425,0.68320610687022898,-0.14874551971326166,0.60472972972972983,0.68320610687022898,-0.14874551971326166,0.60472972972972983,0.65998570872879347,-0.24999997590717438,1.8330019021308579,68.320610687022906,0.94842326804204824,0.71073882529446308,3.0693371594664103,20.232226502107835,2,2,0.023157894736842044,435,0.11724137931034484,2026-03-27,515,938400,0.081404846174789006,-0.022742040285899989,-0.011261261261261257,0.19548053362374082,0.96196868008948544,0,0,0,0,0.84124255180358887,0.99931026697738135,2026-03
2026-03-24,490,522,470,522,1202800,4422,0.1809954751131222,0.098947368421052673,0.013592233009708687,0.069672131147541005,0.72277227722772275,0.53529411764705892,0.41591323979226313,0.0925073252406865,1.2737477496558298,0.22133832475432857,2.3471558200800078,0.39702930549979931,4.1929130427204431,0.34819852694365827,4.2641897401354276,69.88636363636364,0.093596059113300489,0.61538461538461542,0.38461538461538464,0,0.099616858237547887,0.10859728506787336,0.85365853658536583,-0.064516129032258118,0.67307692307692313,0.86259541984732824,-0.064516129032258118,0.7635135135135136,0.86259541984732824,-0.064516129032258118,0.7635135135135136,0.76091627973837939,-0.17578944720746326,2.1133199850785429,86.25954198473282,0.99840833600507128,0.79659443235267169,2.235549509492583,20.257830319571859,2,3,-0.097701149425287404,592,-0.20439189189189189,2026-03-31,442,463400,0.83855159270351209,0.018211920529801251,-0.014238773274917849,0.15654778110536346,0.0075117370892018778,0,0,0,1,0.84424638748168945,0.9994107135340734,2026-03
2026-03-25,592,622,545,571,2768800,4422,0.093869731800766187,0.29185520361990958,0.20210526315789479,0.31264367816091965,0.7250755287009063,0.77329192546583858,0.56438356164383552,0.13069306930693059,2.078117025428563,0.26495347806823233,3.525337407690349,0.47889147889147887,6.5930873545975164,0.45539507127410506,7.9495259081675869,73.4622144112478,0.096072054040530389,-0.27272727272727271,0.33766233766233766,0.38961038961038963,0.13485113835376533,0.13409961685823757,0.82885906040268453,-0.081993569131832755,0.76234567901234573,0.84355828220858897,-0.081993569131832755,0.92905405405405395,0.84355828220858897,-0.081993569131832755,0.92905405405405395,0.86585369497891351,-0.098421023669466479,2.3853753919827492,84.259259259259252,1.0449148289447352,0.87883730347159916,3.4763014515219739,21.1813137815918,1,2,-0.17688266199649738,548,-0.14233576642335766,2026-04-01,522,1202800,0.88299319727891157,0.016291698991466319,-0.0010695187165775666,0.29986394557823132,0.025423728813559324,0,0,0,1,0.85706633329391479,0.99975797163006586,2026-03
2026-03-26,548,654,484,499,1894800,4422,-0.12609457092819609,-0.044061302681992376,0.12895927601809953,-0.031067961165048508,0.5121212121212122,0.53538461538461535,0.25692695214105798,-0.0055799123156636821,1.2436008505946285,0.065556267349989206,1.9481601052837212,0.26393110435663614,3.7045798914902979,0.26366437262980691,4.8812092250423449,64.090177133655402,0.12997423418265103,-0.28823529411764703,0.088235294117647065,0.62352941176470589,0.34068136272545091,-0.040280210157618179,0.53030303030303028,-0.23700305810397548,0.54012345679012341,0.56703910614525144,-0.23700305810397548,0.68581081081081074,0.56703910614525144,-0.23700305810397548,0.68581081081081074,0.68063186478491,-0.23700305810397548,1.9584979344998104,56.460674157303373,0.79938454946395177,0.88157890856159782,1.8642647580598215,20.667229946840887,1,3,-0.076152304609218402,491,-0.061099796334012191,2026-04-02,571,2768800,0.28680272108843535,-0.0055157198014340603,-0.020340134136918819,0.26938775510204083,0.10062240663900415,0,0,0,0,0.83537030220031738,0.99910650396237755,2026-03
2026-03-25,84,96,81,96,45794600,4594,0.18518518518518512,0.41176470588235303,0.33333333333333326,0.39130434782608692,0.37142857142857144,0.47692307692307701,0.47692307692307701,0.22137404580152675,2.7770224625755131,0.27490039840637448,3.8321456186214031,0.37240886347390978,3.5328810763751606,0.39839766933721776,5.5256935834668166,71.428571428571431,0.079613095238095247,0.80000000000000004,0.20000000000000001,0,0.15625,0.037037037037036979,1,0,0.43283582089552231,1,0,0.57377049180327866,1,0,0.57377049180327866,1,0,1.1333333333333333,100,1.3182443142751503,0.45513162386445899,1.7289190502768979,22.20402492989837,1,2,-0.30208333333333337,91,-0.26373626373626369,2026-04-01,81,17412300,0.88299319727891157,0.016291698991466319,-0.0010695187165775666,0.29986394557823132,0.0063559322033898309,0,0,0,1,0.83797013759613037,0.99919547091259042,2026-03
2026-03-09,110,125,109,117,8152600,4596,-0.033057851239669422,-0.1333333333333333,-0.10687022900763354,-0.46082949308755761,-0.36065573770491799,-0.063999999999999946,1.5434782608695654,-0.12556053811659196,0.50406586503504458,-0.33972911963882613,0.53738017442477459,-0.38903394255874668,0.4448885241178191,-0.12621359223300976,0.57106672765442079,41.498559077809801,0.3174603174603175,0.4375,0.0625,0.5,0.13675213675213677,-0.090909090909090939,0.056737588652482268,-0.53200000000000003,0.073394495412844041,0.033195020746887967,-0.6657142857142857,0.073394495412844041,0.24104234527687296,-0.6657142857142857,1.7209302325581395,0.2459546925566343,-0.6657142857142857,1.8536585365853657,5.161290322580645,0.096266149531120643,0.96359010300211201,-1.0589141529183348,20.676021388592535,2,4,-0.017094017094017144,121,-0.049586776859504078,2026-03-16,121,9716600,0.081404846174789006,-0.025000000000000022,-0.045886075949367111,0.19194119248570651,0.10080183276059565,0,0,0,0,0.83377528190612793,0.9990558023670949,2026-03
2026-03-18,475,560,455,560,5861100,4888,0.16666666666666674,0.35265700483091789,0.25560538116591935,0.1336032388663968,0.27272727272727271,0.46981627296587924,1.3333333333333335,0.18193330519206419,1.2181946667220918,0.18895966029723987,2.0541622273313518,0.23593025822114311,2.2773581386674127,0.46319158664837667,2.1891749554590243,64.592274678111579,0.090688775510204087,0.80952380952380953,0.19047619047619047,0,0.1875,-0.01041666666666663,1,0,0.38613861386138604,1,0,0.5135135135135136,1,0,1.445414847161572,1,0,1.7999999999999998,100,1.1653879831499412,0.35457547204903123,1.0057243450004134,21.911784641281702,1,3,0.38928571428571423,550,0.41454545454545455,2026-03-26,480,15105900,0.83283419548053361,0.014559386973180155,-0.0053191489361702482,0.37081404846174787,1,1,1,1,0,0.86657589673995972,0.99990051007718117,2026-03
2026-03-19,550,646,545,605,8573300,4888,0.080357142857142794,0.26041666666666674,0.46135265700483097,0.28997867803837951,0.28997867803837951,0.38127853881278528,1.5420168067226889,0.20758483033932129,1.3658015140701467,0.24845233182005777,2.3702726837913084,0.31108462455303942,2.9899472514059027,0.54376116356213333,2.9710246002832994,65.408805031446548,0.091853600944510033,0.54455445544554459,0.049504950495049507,0.40594059405940597,0.16694214876033059,-0.017857142857142905,0.83057851239669422,-0.063467492260061875,0.49752475247524752,0.85144927536231885,-0.063467492260061875,0.63513513513513509,0.90167865707434047,-0.063467492260061875,1.6419213973799125,0.90807174887892372,-0.063467492260061875,2.0249999999999999,83.057851239669418,1.1924853904913619,0.44922915172593786,1.6205403123796127,22.369391738856777,0,2,0.45619834710743801,624,0.41185897435897445,2026-03-27,560,5861100,0.081404846174789006,-0.022742040285899989,-0.011261261261261257,0.19548053362374082,0.99664429530201337,1,0,1,0,0.85958296060562134,0.99981345639471475,2026-03
2026-03-24,765,855,704,855,14221100,4888,0.2127659574468086,0.41322314049586772,0.52678571428571419,1.0652173913043477,0.93877551020408156,1.1590909090909092,2.7012987012987013,0.33385335413416528,1.4532116354212863,0.55595996360327571,2.6601782293786664,0.70931627349060378,4.2266020539934885,1.0387481371087928,4.2391001402491097,76.608187134502927,0.079782790309106094,0.59602649006622521,0.40397350993377484,0,0.17660818713450294,0.085106382978723305,1,0,1.1163366336633662,1,0,1.2036082474226806,1,0,2.7173913043478262,1,0,3.2750000000000004,100,1.3301161638704921,0.85447833009702179,2.5435215845623182,23.221338804203413,0,0,-0.11228070175438598,825,-0.07999999999999996,2026-03-31,705,5168500,0.83855159270351209,0.018211920529801251,-0.014238773274917849,0.15654778110536346,0.10140845070422536,0,0,0,0,0.86959099769592285,0.99994642850309756,2026-03
2026-03-25,825,995,786,840,13906700,4888,-0.017543859649122862,0.1914893617021276,0.38842975206611574,0.75,0.79871520342612423,1.0843672456575684,2.4854771784232366,0.17812061711079941,1.456787769716346,0.43149284253578735,2.082511586813121,0.60904127957092236,3.4965968606133444,0.93392425463336015,3.7646240336649703,80.864197530864203,0.091496598639455792,0.071770334928229665,0.18660287081339713,0.74162679425837319,0.24880952380952381,-0.035087719298245612,0.73773265651438236,-0.15577889447236182,1.0792079207920793,0.73993288590604023,-0.15577889447236182,1.1052631578947367,0.79578392621870886,-0.15577889447236182,2.5593220338983049,0.8045397225725095,-0.15577889447236182,3.1584158415841586,73.773265651438237,1.1237269275104369,0.97645500411833874,2.0591197692966445,23.181283188280755,1,1,-0.1607142857142857,851,-0.1715628672150411,2026-04-01,855,14221100,0.88299319727891157,0.016291698991466319,-0.0010695187165775666,0.29986394557823132,0.013771186440677966,0,0,0,1,0.86594486236572266,0.9998919003723219,2026-03
2026-03-26,851,882,716,778,6676500,4888,-0.073809523809523769,-0.090058479532163727,0.10354609929078018,0.38928571428571423,0.57489878542510131,0.86570743405275774,2.0155038759689923,0.028284430346285916,0.68764535153184292,0.26462938881664488,0.91959516601333835,0.44047398629883339,1.5723118624589201,0.73913043478260865,1.775104272254441,72.687224669603523,0.11035622475211165,-0.43975903614457829,0.37349397590361444,0.18674698795180722,0.21336760925449871,0.013095238095238049,0.63282571912013541,-0.21809045226130652,0.92574257425742568,0.63282571912013541,-0.21809045226130652,0.92574257425742568,0.70516304347826086,-0.21809045226130652,2.0038610038610041,0.7263556116015133,-0.21809045226130652,2.8514851485148514,63.282571912013537,0.93563783704359316,1.0111013067369454,0.50469875779523199,22.370830980477066,2,2,-0.13624678663239076,765,-0.1215686274509804,2026-04-02,840,13906700,0.28680272108843535,-0.0055157198014340603,-0.020340134136918819,0.26938775510204083,0.026970954356846474,0,0,0,1,0.84570157527923584,0.99944419571963738,2026-03
2026-03-27,765,928,725,881,7314000,4888,0.13239074550128538,0.048809523809523858,0.030409356725146219,0.45619834710743801,0.87846481876332616,1.0778301886792452,1.7531249999999998,0.085242670608524307,0.77336592875813126,0.34216940889701397,0.92967800651816901,0.5649702460254018,1.6009070493317517,0.90950961798970464,2.0307655144696208,76.245210727969351,0.11091292362574995,0.5714285714285714,0.19704433497536947,0.23152709359605911,0.2304199772985244,-0.016709511568123392,0.80710659898477155,-0.11457286432160807,1.1806930693069306,0.80710659898477155,-0.11457286432160807,1.1806930693069306,0.84254143646408841,-0.11457286432160807,2.2509225092250924,0.85624211853720056,-0.11457286432160807,3.3613861386138613,80.710659898477161,1.0214259819647806,1.0835099622319211,0.57267582583884036,22.586358503782836,2,2,-0.33371169125993194,836,-0.29784688995215314,2026-04-03,778,6676500,0.61207834602829159,0.0036202735317778512,0.0034722222222223209,0.34330794341675736,0.003092783505154639,0,0,0,1,0.84610700607299805,0.99945663195998979,2026-03
2026-03-16,944,1109,924,1109,1705300,5381,0.1564129301355579,0.29254079254079257,0.30470588235294116,0.47669773635153123,0.27033218785796098,0.32497013142174436,1.2678936605316973,0.2122868386532577,1.7444096646821743,0.30118502874574693,2.4017633306104051,0.25063433887792508,1.5849396806513374,0.47537166993714042,0.87226840680454265,67.408585055643883,0.070655674352698705,0.89189189189189189,0.10810810810810811,0,0.16681695220919748,-0.015641293013555768,1,0,0.57752489331436707,0.75605214152700184,-0.10564516129032253,0.57752489331436707,0.83290816326530615,-0.10564516129032253,1.432017543859649,0.84140435835351091,-0.10564516129032253,1.6787439613526569,100,1.0656146546352323,0.44311853807882751,0.55151273387745459,21.360465594180145,0,0,-0.17312894499549147,1149,-0.20191470844212356,2026-03-24,959,2234900,0.38415464198203103,-0.0018921475875117721,0.0014184397163119478,0.2267900898448135,0.017621145374449341,0,0,0,1,0.85894685983657837,0.99979910688661588,2026-03
2026-03-02,203.69999694824219,239.1000061035156,203.69999694824219,239.1000061035156,7991000,6085,0.20090406214856316,0.2994565549104109,0.33351925283847073,0.34932285677947039,0.81825099698490944,4.7200959442010157,6.6634615466909759,0.25406483536658442,1.3101288651342755,0.42499555872753558,1.6916465557390237,0.99274913436877976,1.9079567838596072,2.0565676603262966,2.5293377541088682,78.012619259229595,0.13341697192297186,1,0,0,0.14805524153749869,0.023103921163794228,1,0,1.5544872863392505,1,0,4.860294376827583,1,0,7.7904411542993106,1,0,7.7904411542993106,100,1.0252555111621882,1.8900308769197076,1.4048362139725434,21.370708366871302,0,1,-0.11877878891804772,289.10000610351562,-0.27118646662083223,2026-03-09,199.1000061035156,6453000,0.22624557582357746,-0.010000000000000009,0.013297872340425565,0.64688265722842364,0.0031712473572938688,0,0,0,1,0.85086733102798462,0.99961638981682377,2026-03
2026-03-04,289.20001220703125,315.5,239.1000061035156,239.1000061035156,4730000,6085,-0.17295053249530867,0,0.20090406214856316,0.33351925283847073,0.96790128480259741,3.7629482563680172,7.6630435796676348,0.039203759689145024,0.86531777102923424,0.24330509826597346,1.0366441658630665,0.68647507792980456,1.0904270647224943,1.6570357503336299,1.4424359785616809,69.464286492795367,0.16370913638137025,-0.65575929458053317,0,0.34424070541946683,0.31953154306239501,0.00034592217711626461,0.65570079598411213,-0.24215528968774769,1.5544872863392505,0.70626684219651814,-0.24215528968774769,3.3158844678339081,0.7349982861648815,-0.24215528968774769,7.7904411542993106,0.7349982861648815,-0.24215528968774769,7.7904411542993106,65.570079598411212,0.86964192105810412,1.8571353486226942,0.14875422348862352,20.846317661343654,1,1,0.23797571076535307,199.1000061035156,0.48669005989936731,2026-03-11,289.10000610351562,783000,0.066430710590797706,-0.029940119760479056,-0.044140187657873531,0.1837734821671658,0.99605522682445757,1,0,1,0,0.84144049882888794,0.99931409351287437,2026-03
2026-03-10,250,260.70001220703125,230.3999938964844,256.29998779296875,5741000,6085,0.21642141198477605,0.50146451303500172,0.35536742210715255,-0.11345561265329906,0.68840568274284264,3.1674794763084346,6.4289851534193838,0.20227033145972362,1.0859531646048499,0.18849981905616486,1.0566128022969044,0.49712308833575847,1.1794676884200146,1.3818041229185551,1.5367010847380502,65.638049627954615,0.16476228122079709,0.20792026355891169,0.64686449699910631,0.14521523944198203,0.11822091203149908,0.1865211372613913,0.64055851060133806,-0.18763870747078049,0.69960200667238093,0.76665348037445025,-0.18763870747078049,3.1472490446127619,0.79081267771367048,-0.18763870747078049,6.8861534705528848,0.79465829912003283,-0.18763870747078049,8.4227934045569075,73.321310590380008,0.87828126922584893,1.3141625789538005,0.37399624872051046,21.109492555571514,1,3,0.5606711628995773,274.70001220703125,0.45613389961750261,2026-03-17,210.69999694824219,5943000,0.87585080315818131,0.018072289156626509,-0.0083682008368201055,0.31826844541246935,0.99704433497536948,1,0,1,0,0.84965974092483521,0.99958673416675281,2026-03
2026-03-11,274.70001220703125,304,271.70001220703125,296,6420000,6085,0.15489666054568718,0.40484102651748732,0.73403635203197992,0.23797571076535307,0.65086444485198847,3.13986013986014,6.4185460822104519,0.31813325266342529,1.1414145005867085,0.30212915014291264,1.1577163054062827,0.62262909361484131,1.2672219809719316,1.5962634804469999,1.7354517378170342,69.168096005786296,0.14563223938223938,0.65944259575248065,0.092879292067505281,0.24767811218001409,0.10912158038165118,0.071790968749188888,0.88160291219599729,-0.061806656101426327,0.96286468176268158,0.91858037578288099,-0.061806656101426327,2.8947368421052633,0.93109540636042398,-0.061806656101426327,8.1076923076923073,0.93236212260976892,-0.061806656101426327,9.8823526359346996,89.226519337016569,0.99285403042640041,1.2633133852555976,0.59123049362178748,21.365288130516433,0,2,0.11486486486486491,306.5,0.076672104404567731,2026-03-18,256.29998779296875,5741000,0.62210726926218352,0.0039735099337747659,0.024258760107816801,0.36046828205826298,0.94323144104803491,0,0,0,0,0.83491313457489014,0.99909215445427868,2026-03
2026-03-12,306.5,346,305,346,6001000,6085,0.16891891891891886,0.34998055590813437,0.64214525396976563,0.82971966595598889,0.88043478260869557,3,6.5217391304347823,0.35187936606521109,0.97988308677051694,0.42082785095922715,1.109631848523511,0.77077202174776671,1.1740078841056041,1.8475022578245284,1.6358630465598081,70.435855192212273,0.1287159372419488,0.96341463414634143,0.036585365853658534,0,0.11849710982658959,0.035472972972973027,1,0,1.2944296617901614,1,0,2.6965812568433267,1,0,9.6461538461538456,1,0,11.720587878491237,100,1.0931837576469992,1.2993815353360527,0.38690816623576335,21.453875455510989,0,1,-0.24855491329479773,380,-0.31578947368421051,2026-03-19,296,6420000,0.13721753335148379,-0.015602836879432647,-0.013709063214013661,0.24938742172610945,0.002229654403567447,0,0,0,1,0.83457940816879272,0.99907876158005304,2026-03
2026-03-13,380,415,367,406,10208000,6085,0.17341040462427748,0.37162162162162171,0.58408123034307091,1.3784417531249455,1.0391762308079158,3,9.6842105263157894,0.33993400689489794,1.4874828782094249,0.5366564439729733,1.7649906632547203,0.92764219503178924,1.9093043047255656,2.1061127632856493,2.6390558550173862,72.153369383748526,0.11655524278676987,0.54166666666666663,0.27083333333333331,0.1875,0.11822660098522167,0.098265895953757232,0.96593489741120953,-0.02168674698795181,1.6923076378231374,0.97199751102280152,-0.02168674698795181,3.3376069083190476,0.97647058823529409,-0.02168674698795181,11.492307692307692,0.97679216086202636,-0.02168674698795181,13.926470169559082,96.759092510297208,1.1542421408571781,1.4178881748833947,1.9038775720710828,22.145035444409729,0,0,-0.31896551724137934,430.5,-0.35772357723577231,2026-03-23,346,6001000,0.30274979580724204,-0.0043103448275861878,-0.020542920029346989,0.23604682820582629,0.0022522522522522522,0,0,0,1,0.85392934083938599,0.99969674706217737,2026-03
2026-03-23,210,305,205,276.5,20130000,6085,0.063461538461538458,-0.16212121212121211,-0.30874999999999997,-0.31896551724137934,0.61980084911095434,0.8783967780734514,6.2382197507245181,-0.20385833573279588,3.1910846200183887,-0.14962324681663253,3.0567619279011145,0.049335860339355886,3.5491691276942743,0.63184607882067456,4.7472216490286829,52.693747712390611,0.24027383656995732,0.66500000000000004,0.050000000000000003,0.28499999999999998,0.36166365280289331,-0.19230769230769229,0.3314873363920392,-0.47830188679245278,0.83355433955196423,0.35446905533485079,-0.47830188679245278,1.0138382655080358,0.48611392582188534,-0.47830188679245278,6.5340597888819767,0.49582338825645139,-0.47830188679245278,9.1654408913376511,33.148733639203918,0.53748262112231937,1.316232933079976,3.4554232131758642,22.439932618758029,2,3,0.14647377938517181,296.5,0.069139966273187081,2026-03-30,260,469000,0.065069425537707601,-0.027257240204429323,-0.033448106246925735,0.09719575279063436,0.95742471443406019,0,0,0,0,0.85697394609451294,0.99975797163006586,2026-03
2026-03-25,247.8999938964844,287.89999389648438,223.8999938964844,285.39999389648438,9708000,6085,0.19966372937642141,0.032188043025259905,0.097692284217247627,-0.2865000152587891,0.11353885091489624,0.8801053238396459,6.6310155682480936,0.026766428274709986,1.3286253900476268,-0.13719089742512203,1.396814434324686,0.044598553289868059,1.5678927605281221,0.57967561895867536,2.1110313784330352,53.402909491899614,0.23455802570543102,0.58593749999999978,0.37500000000000017,0.039062500000000021,0.22424667613417332,0.042034469342404623,0.2473845966045673,-0.46150944547833139,0.39219509217797266,0.35495778462017868,-0.46150944547833139,0.89257286552261506,0.5033502414141815,-0.46150944547833139,6.6106665039062502,0.51352425124370094,-0.46150944547833139,9.4926465401187627,35.495778462017867,0.53783002333331309,1.178919528992058,0.85431156289443788,21.74235252984646,1,3,0.040294324617859312,298.39999389648438,-0.005026809754293593,2026-04-01,237.8999938964844,5623000,0.88299319727891157,0.016291698991466319,-0.0010695187165775666,0.29986394557823132,0.59533898305084743,0,0,0,0,0.83786475658416748,0.99919260101097063,2026-03
2026-03-19,752,957,660,854,17281300,6522,0.53321364452423703,0.79035639412997893,1.1511335012594457,1.1565656565656566,1.0931372549019609,1.2181818181818183,0.94090909090909092,0.59447348767737118,4.9716625047468899,0.8259568099208896,9.8825393012975571,0.9413503068879292,18.427981125536508,1.0310363279624233,34.993368364567829,90.07352941176471,0.059468049514887919,0.34343434343434343,0.30976430976430974,0.34680134680134678,0.3477751756440281,0.35008976660682234,0.81993006993006989,-0.10762800417972829,1.2181818181818183,0.82086956521739129,-0.10762800417972829,1.2356020942408379,0.82086956521739129,-0.10762800417972829,1.2356020942408379,0.83224755700325737,-0.10762800417972829,1.489795918367347,81.993006993006986,1.5133019567798212,0.92899288370018795,4.3571582926181289,23.415066743848246,0,1,0.75644028103044492,1004,0.49402390438247012,2026-03-27,557,44400,0.081404846174789006,-0.022742040285899989,-0.011261261261261257,0.19548053362374082,0.99776286353467558,1,1,1,0,0.83398914337158203,0.99906154217033438,2026-03
2026-03-25,988,1300,982,1300,8787700,6522,0.30000000000000004,0.29482071713147406,0.52224824355971888,1.7253668763102725,2.2098765432098766,2.225806451612903,2.1100478468899522,0.37857900318133608,1.0615369376247239,0.91740412979351027,2.1188813043572612,1.3835716905023836,4.1714194845358374,1.7562811406763492,8.1163931246594192,96.985446985446984,0.077747252747252749,0.98113207547169812,0.018867924528301886,0,0.24461538461538462,-0.012000000000000011,1,0,2.3163265306122449,1,0,2.3766233766233764,1,0,2.4031413612565444,1,0,2.7900874635568513,100,1.2254618885368647,1.9071597176425303,1.315103235346663,23.158983117980931,1,1,-0.16615384615384621,1517,-0.28543177323665125,2026-04-01,1000,15131900,0.88299319727891157,0.016291698991466319,-0.0010695187165775666,0.29986394557823132,0.0042372881355932203,0,0,0,1,0.85589295625686646,0.99973022924774135,2026-03
2026-03-03,824,929,824,888,17227200,6613,0.13992297817715027,0.16382699868938411,0.18875502008032119,0.34138972809667667,0.24195804195804205,0.95594713656387675,1.7323076923076921,0.16108786610878667,2.2853140396539238,0.19082741048679086,2.6058702873427602,0.32034792952196867,2.4259835068270919,0.64764820484274965,3.9022533909592543,70.486656200941908,0.099581724581724582,0.60952380952380958,0,0.39047619047619048,0.11824324324324324,0.057766367137355612,0.8595890410958904,-0.04413347685683533,0.39403453689167978,0.91295116772823781,-0.04413347685683533,0.93886462882096078,0.93289689034369883,-0.04413347685683533,1.7924528301886791,0.93553459119496851,-0.04413347685683533,2.0307167235494878,88.948787061994608,1.0566741914072675,0.57546754361313557,2.7735285526470292,23.450971831101128,0,1,-0.014639639639639657,843,0.037959667852906387,2026-03-10,779,4899700,0.086577729376531451,-0.022277227722772297,-0.010534509143354132,0.42308739450040839,0.74377593360995853,0,0,0,0,0.83756339550018311,0.99918494793998458,2026-03
2026-03-05,897,960,862,934,16879800,6613,0.15308641975308634,0.051801801801801828,0.19897304236200264,0.25033467202141901,0.18527918781725883,0.63859649122807016,1.8048048048048049,0.11883085769046486,1.4895851350349634,0.20906148867313923,2.0426863580092287,0.32154227095861332,2.1389389064671991,0.64944812362030913,3.3196912335906386,67.990373044524659,0.10752523707555828,0.37755102040816324,0.35714285714285715,0.26530612244897961,0.10492505353319058,0.1074074074074074,0.91950464396284826,-0.027083333333333348,0.46624803767660916,0.94077448747152614,-0.027083333333333348,0.79270633397312862,0.95859872611464969,-0.027083333333333348,1.8132530120481927,0.96101949025487254,-0.027083333333333348,2.1877133105802047,93.53233830845771,1.0580917521583277,0.57614589306346431,2.1341773639936976,23.481104637012933,1,1,0.17773019271948609,979,0.12359550561797761,2026-03-12,810,10545500,0.90443778927307383,0.025778732545649774,-0.021961475854584911,0.3547508848352845,0.96920289855072461,0,0,0,0,0.83803892135620117,0.99919738418033699,2026-03
2026-03-06,979,992,858,859,11169200,6613,-0.080299785867237738,0.060493827160493785,-0.032657657657657713,0.12581913499344699,0.11413748378728927,0.56181818181818177,1.5641791044776121,0.0058548009367680454,0.91970870236852242,0.099449635223345823,1.3130642201403446,0.18942121296039871,1.406530192823034,0.48269612496763603,2.0865192236920023,63.769751693002256,0.11915848993846666,-0.89552238805970152,0.007462686567164179,0.097014925373134331,0.15599534342258439,0.048179871520342532,0.62535211267605639,-0.13407258064516125,0.34850863422292,0.71762208067940547,-0.13407258064516125,0.6487523992322457,0.79475308641975306,-0.13407258064516125,1.4970930232558142,0.80972818311874106,-0.13407258064516125,1.9317406143344709,64.721485411140577,0.8410708244622711,0.55537207927133136,0.76071378662520461,22.984439470157184,2,2,0.32712456344586727,796,0.4321608040201006,2026-03-13,934,16879800,0.50830383882384966,0.00070721357850067612,-0.03363518758085382,0.37108630547236593,0.99574468085106382,1,0,1,0,0.83585911989212036,0.99912563663984266,2026-03
2026-03-12,848,1024,813,890,5126200,6666,0.018306636155606348,0.22928176795580102,0.42628205128205132,0.37345679012345689,0.6123188405797102,0.81632653061224492,0.9603524229074889,0.17352320675105481,3.5211286954610395,0.30479401847236476,5.8026102803844104,0.46755709456674066,8.7619861550294846,0.67112613246960517,16.082826777520687,76.516329704510099,0.083467094703049763,0.1990521327014218,0.16587677725118483,0.63507109004739337,0.23707865168539327,-0.029748283752860427,0.72314049586776863,-0.130859375,0.64814814814814814,0.76449912126537789,-0.130859375,0.95604395604395598,0.77054794520547942,-0.130859375,1.0227272727272729,0.784219001610306,-0.130859375,1.208436724565757,73.412698412698418,1.135995202251167,0.7351582101748203,4.0899561538912073,22.241096664867605,0,1,-0.21573033707865163,830,-0.15903614457831328,2026-03-19,874,1196500,0.13721753335148379,-0.015602836879432647,-0.013709063214013661,0.24938742172610945,0.012263099219620958,0,0,0,1,0.84656351804733276,0.99946811156646886,2026-03
2026-03-09,47,55,40,52,363331200,6740,0.92592592592592582,1,1.0800000000000001,0.7931034482758621,1.2608695652173911,1.3636363636363638,1.6000000000000001,0.66666666666666674,2.5707398651641382,0.81184668989547037,2.2919726152662925,0.99233716475095779,2.3688183867893482,1.1644120707596257,2.2075136144138443,87.179487179487182,0.085164835164835168,0.33333333333333331,0.46666666666666667,0.20000000000000001,0.28846153846153844,0.7407407407407407,0.90909090909090906,-0.054545454545454564,1.3636363636363638,0.91176470588235292,-0.054545454545454564,1.4761904761904763,0.91428571428571426,-0.054545454545454564,1.6000000000000001,0.91891891891891897,-0.054545454545454564,1.8888888888888888,90.909090909090907,1.545034713033872,0.94957339921281048,3.2654777666295334,23.662069091576839,0,2,1.3269230769230771,57,1.1228070175438596,2026-03-16,27,142338900,0.081404846174789006,-0.025000000000000022,-0.045886075949367111,0.19194119248570651,1,1,1,1,0,0.85436201095581055,0.99970344349929019,2026-03
2026-03-10,57,82,50,82,407942300,6740,0.57692307692307687,2.0370370370370372,2.1538461538461537,2.1538461538461537,2.4166666666666665,2.7272727272727271,3.0999999999999996,0.93396226415094352,2.0875786342950686,1.3768115942028984,2.2442110831626967,1.8178694158075599,2.4486819035840388,2.2062561094819162,2.441532402168944,92.753623188405797,0.080139372822299645,0.78125,0.21875,0,0.3902439024390244,0.096153846153846256,1,0,2.5652173913043477,1,0,2.9047619047619047,1,0,3.0999999999999996,1,0,3.5555555555555554,100,1.4728736660455861,1.8685565035351464,2.8453982133156308,24.233355548092984,0,1,0.62195121951219523,102,0.30392156862745101,2026-03-17,52,363331200,0.87585080315818131,0.018072289156626509,-0.0083682008368201055,0.31826844541246935,0.99014778325123154,1,0,1,0,0.84992969036102295,0.99959247396999229,2026-03
2026-03-11,102,112,86,106,677851900,6740,0.29268292682926833,1.0384615384615383,2.925925925925926,3.2400000000000002,3.416666666666667,3.416666666666667,4.0476190476190474,0.80887372013651881,2.0913819508366029,1.4824355971896952,2.9087537429421562,2.1927710843373491,3.5222151987693455,2.8267148014440435,3.82252298554421,94.565217391304344,0.080188679245283015,0.15384615384615385,0.61538461538461542,0.23076923076923078,0.24528301886792453,0.24390243902439024,0.93258426966292129,-0.053571428571428603,3.6086956521739131,0.93333333333333335,-0.053571428571428603,3.8181818181818183,0.93478260869565222,-0.053571428571428603,4.2999999999999998,0.93617021276595747,-0.053571428571428603,4.8888888888888893,93.333333333333329,1.3464109251882663,2.590669637031934,3.4677412951934579,24.997878479591741,0,0,0.094339622641509413,96,0.20833333333333326,2026-03-18,82,407942300,0.62210726926218352,0.0039735099337747659,0.024258760107816801,0.36046828205826298,0.98689956331877726,0,0,1,0,0.86392319202423096,0.99986511462387073,2026-03
2026-03-12,96,110,77,79,266492300,6740,-0.25471698113207553,-0.036585365853658569,0.51923076923076916,2.0384615384615383,2.0384615384615383,2.1600000000000001,2.7619047619047619,0.14161849710982644,0.71716502958142292,0.64583333333333326,1.1026150523095282,1.2005571030640669,1.334026713543,1.7101200686106348,1.5035104739878966,73.109243697478988,0.13562386980108498,-0.51515151515151514,0.060606060606060608,0.42424242424242425,0.41772151898734178,-0.094339622641509413,0.6292134831460674,-0.2946428571428571,2.4347826086956523,0.6333333333333333,-0.2946428571428571,2.5909090909090908,0.64130434782608692,-0.2946428571428571,2.9500000000000002,0.64893617021276595,-0.2946428571428571,3.3888888888888893,63.333333333333336,0.95671952590775899,2.6286528929935362,0.47719474416789937,23.770303760609121,1,1,0.20253164556962022,84,0.13095238095238093,2026-03-19,106,677851900,0.13721753335148379,-0.015602836879432647,-0.013709063214013661,0.24938742172610945,0.97435897435897434,0,0,0,0,0.84265941381454468,0.99935331550167794,2026-03
2026-03-13,84,97,79,91,192399800,6740,0.15189873417721511,-0.14150943396226412,0.10975609756097571,2.3703703703703702,2.25,2.7916666666666665,3.1363636363636367,0.10975609756097571,0.50418772364509234,0.67587476979742189,0.79228354556314573,1.3184713375796178,0.9455718869194123,1.9473684210526314,1.0953733422942633,76.15384615384616,0.13029827315541601,0.3888888888888889,0.27777777777777779,0.33333333333333331,0.19780219780219779,0.063291139240506222,0.7640449438202247,-0.1875,2.9565217391304346,0.76666666666666672,-0.1875,3.1363636363636367,0.76923076923076927,-0.1875,3.333333333333333,0.77659574468085102,-0.1875,4.0555555555555554,76.666666666666671,0.99249098182778861,2.6771481838842148,-0.07990556638554773,23.585945563268265,1,1,-0.2857142857142857,94,-0.30851063829787229,2026-03-23,79,266492300,0.30274979580724204,-0.0043103448275861878,-0.020542920029346989,0.23604682820582629,0.0045045045045045045,0,0,0,1,0.8623620867729187,0.99985172174964509,2026-03
2026-03-16,94,121,92,121,236881100,6740,0.32967032967032961,0.53164556962025311,0.14150943396226423,1.3269230769230771,3.1724137931034484,4.2608695652173916,4.5,0.2630480167014615,0.66481094119706052,0.90551181102362199,0.95200491593636294,1.7406568516421292,1.1311299036591032,2.6281859070464768,1.3448873235576335,80.503144654088047,0.11452184179456908,0.93103448275862066,0.068965517241379309,0,0.23966942148760331,0.032967032967033072,1,0,4.2608695652173916,1,0,4.5,1,0,4.7619047619047619,1,0,5.7222222222222223,100,1.1115320936417885,2.8463867550698612,0.19993992005711594,24.078859431079909,1,1,-0.48760330578512401,146,-0.57534246575342474,2026-03-24,91,192399800,0.38415464198203103,-0.0018921475875117721,0.0014184397163119478,0.2267900898448135,0.0011013215859030838,0,0,0,1,0.84937649965286255,0.9995742979264004,2026-03
2026-03-17,146,164,128,133,372489700,6740,0.099173553719008156,0.46153846153846145,0.68354430379746844,0.62195121951219523,4.115384615384615,4.7826086956521738,4.7826086956521738,0.25471698113207553,1.0666243135903779,0.79245283018867907,1.3678455887669487,1.678751258811682,1.686112838198605,2.6842105263157894,2.0590441572571159,81.871345029239762,0.12620837808807733,-0.3611111111111111,0.1388888888888889,0.5,0.27067669172932329,0.20661157024793386,0.78014184397163122,-0.18902439024390238,4.7826086956521738,0.78169014084507038,-0.18902439024390238,5.0454545454545459,0.78321678321678323,-0.18902439024390238,5.333333333333333,0.78767123287671237,-0.18902439024390238,6.3888888888888893,78.01418439716312,1.0715606098578103,2.9371360269723836,1.0761477831858617,24.62606907263682,0,1,-0.46616541353383456,137,-0.48175182481751821,2026-03-25,121,236881100,0.51020963789817586,0.00066533599467732962,-0.014686248331108098,0.22869588891913967,0.0010822510822510823,0,0,0,1,0.85469084978103638,0.99971013993640301,2026-03
2026-03-18,137,141,101,116,250079200,6740,-0.1278195488721805,-0.04132231404958675,0.27472527472527464,0.094339622641509413,3.6399999999999997,4.0434782608695654,3.833333333333333,0.074074074074074181,0.94846094955171345,0.39255702280912375,0.85092042813738267,1.1362799263351753,1.1096794370435503,2.0208333333333335,1.3787745041074675,74.193548387096769,0.16810344827586207,-0.52500000000000002,0.375,0.10000000000000001,0.34482758620689657,0.03007518796992481,0.65467625899280579,-0.29268292682926833,3.6399999999999997,0.6619718309859155,-0.29268292682926833,4.2727272727272725,0.66433566433566438,-0.29268292682926833,4.5238095238095237,0.67123287671232879,-0.29268292682926833,5.4444444444444446,65.957446808510639,0.89932339264175154,2.8455130535129345,0.17618346270699667,24.090878416796834,1,2,-0.30172413793103448,106,-0.23584905660377353,2026-03-26,133,372489700,0.83283419548053361,0.014559386973180155,-0.0053191489361702482,0.37081404846174787,0.0022857142857142859,0,0,0,1,0.83860617876052856,0.9992193867594219,2026-03
2026-03-24,60,73,59,62,146736200,6740,-0.046153846153846101,-0.34736842105263155,-0.46551724137931039,-0.48760330578512401,0.19230769230769229,1.6956521739130435,1.8181818181818183,-0.34182590233545651,0.76312932105734999,-0.34736842105263155,0.53495206032420595,0.0024252223120453387,0.67804532961774211,0.46572104018912541,0.81837490539003122,57.692307692307686,0.38248847926267282,0.14285714285714285,0.071428571428571425,0.7857142857142857,0.22580645161290322,-0.076923076923076872,0.10526315789473684,-0.62195121951219512,0.23999999999999999,0.28169014084507044,-0.62195121951219512,1.8181818181818183,0.28671328671328672,-0.62195121951219512,1.9523809523809526,0.30136986301369861,-0.62195121951219512,2.4444444444444446,27.659574468085108,0.5010073413932703,2.4075475586005957,-0.47067374566196551,22.931281359926984,3,4,0.16129032258064524,65,0.10769230769230775,2026-03-31,65,6978900,0.83855159270351209,0.018211920529801251,-0.014238773274917849,0.15654778110536346,0.98685446009389677,0,0,0,0,0.84194290637969971,0.9993303562887198,2026-03
2026-03-02,605,735,572,735,2857100,7719,0.15748031496062986,0.25856164383561642,0.21287128712871284,0.53125,1.378640776699029,1.3941368078175898,1.4915254237288136,0.17788461538461542,1.1150441787130414,0.48335015136226045,1.5173369729735471,0.80834050928773538,2.9206683465629424,1.0274463830080687,3.6441672406316163,92.073170731707322,0.079397473275024291,0.7975460122699386,0.20245398773006135,0,0.22176870748299321,-0.047244094488189003,1,0,1.3633440514469455,1,0,1.4257425742574257,1,0,1.5880281690140845,1,0,1.8488372093023258,100,1.1092446942317533,1.3267912169625673,1.4005871502396923,21.465188182039483,1,1,0.17823129251700687,728,0.18956043956043955,2026-03-09,635,1892000,0.22624557582357746,-0.010000000000000009,0.013297872340425565,0.64688265722842364,0.9947145877378436,1,0,0,0,0.8419230580329895,0.9993303562887198,2026-03
2026-03-09,715,926,694,866,4941100,7719,0.096202531645569689,0.25507246376811588,0.46779661016949148,0.17823129251700687,0.8041666666666667,1.6811145510835912,1.6483180428134556,0.22871736662883091,2.2905791928201231,0.30343166767007834,2.0939260000084756,0.71996027805362472,3.2966270470065084,1.0939370126337424,5.2701553229784679,80.85585585585585,0.12207192345760474,0.65086206896551724,0.090517241379310345,0.25862068965517243,0.26789838337182448,-0.094936708860759444,0.85436893203883491,-0.064794816414686873,0.68482490272373542,0.90306946688206791,-0.064794816414686873,1.8208469055374592,0.9036918138041734,-0.064794816414686873,1.8580858085808583,0.91017964071856283,-0.064794816414686873,2.3565891472868219,90.212071778140299,1.0066562565409134,1.4210034293645135,2.1853455822418018,22.176983445237273,0,1,-0.084295612009237852,922,-0.13991323210412143,2026-03-16,790,318000,0.081404846174789006,-0.025000000000000022,-0.045886075949367111,0.19194119248570651,0.011454753722794959,0,0,0,1,0.8638494610786438,0.99986415798999739,2026-03
2026-03-10,922,983,801,861,3474800,7719,-0.0057736720554272258,0.089873417721519022,0.24782608695652164,0.46428571428571419,0.53750000000000009,1.6822429906542058,1.339673913043478,0.13378983407953648,1.4935355202530776,0.23974082073434122,1.3387528654813046,0.62299717247879349,2.0806562677764138,1.0216013148626439,3.8070821281444474,80.493273542600889,0.13704994192799072,-0.33516483516483514,0.32967032967032966,0.33516483516483514,0.21138211382113822,0.064665127020785196,0.72584269662921352,-0.12410986775178023,0.6003717472118959,0.81952662721893488,-0.12410986775178023,1.8045602605863191,0.82058823529411762,-0.12410986775178023,1.8415841584158414,0.8317241379310345,-0.12410986775178023,2.3372093023255816,81.791044776119406,0.93553217840586067,1.4304274250391649,1.1319225878091255,21.819141986129878,1,1,-0.19512195121951215,850,-0.18470588235294116,2026-03-17,866,4941100,0.87585080315818131,0.018072289156626509,-0.0083682008368201055,0.31826844541246935,0.0078817733990147777,0,0,0,1,0.85742920637130737,0.99976466806717867,2026-03
2026-03-31,947,1147,943,1111,7345000,7746,0.11434302908726179,0.16701680672268915,0.14536082474226797,0.11995967741935476,-0.04141501294219152,0.021139705882353033,0.010000000000000009,0.10283899146317266,3.5150604427684033,0.076237527850431031,4.326722000011781,0.08305712614544758,4.1993024984277625,0.0084872690963553321,2.107295632489937,59.353023909985929,0.090909090909090912,0.80392156862745101,0.019607843137254902,0.17647058823529413,0.18361836183618363,-0.050150451354062153,0.71785714285714286,-0.066386554621848726,0.22087912087912098,0.61280487804878048,-0.10258481421647814,0.22087912087912098,0.28103683492496589,-0.3217338217338217,0.22762430939226519,0.60166288737717311,-0.3217338217338217,2.5269841269841269,61.280487804878049,0.88599499748822164,0.21517669059423988,2.9446401150472905,22.822546157352289,1,2,-0.099009900990098987,1126,-0.11101243339253997,2026-04-07,997,1467900,0.36860718171926005,-0.0027816465490559938,-0.016255267910897042,0.18879216539717084,0.021696252465483234,0,0,0,1,0.84611248970031738,0.99945663195998979,2026-03
2026-03-03,420,433,387,387,959500,7771,-0.078571428571428625,-0.099999999999999978,-0.10416666666666663,0.0025906735751295429,-0.38080000000000003,0.30743243243243246,3.4482758620689653,-0.093676814988290391,0.27408490776235883,-0.084673604541154246,0.22945872134456355,-0.2377388221390585,0.26753251098570185,0.036075229234991069,0.18467309542036706,35.365853658536594,0.24049464747139165,-0.71739130434782605,0,0.28260869565217389,0.11886304909560723,0,0.28125,-0.2628571428571429,0.16216216216216206,0.13322884012539185,-0.58829787234042552,0.2814569536423841,0.35093896713615025,-0.58829787234042552,3.3977272727272725,0.35472578763127188,-0.58829787234042552,3.6626506024096388,8.8962108731466234,0.31383991106181103,1.2770665479107894,-0.85817564089676024,19.73259229015272,3,4,0.24806201550387597,377,0.28116710875331563,2026-03-10,420,1272900,0.086577729376531451,-0.022277227722772297,-0.010534509143354132,0.42308739450040839,0.99066390041493779,1,0,1,0,0.83461469411849976,0.9990806748477995,2026-03
2026-03-10,419,483,417,483,4058200,7771,0.19851116625310183,0.20448877805486276,0.16385542168674694,0.24806201550387597,0.25129533678756477,-0.16000000000000003,2.3541666666666665,0.16273471352912861,2.4265145535863768,0.14672364672364679,1.5689382546132167,-0.04166666666666663,1.4858697383379802,0.18367847077564026,0.91488680580917725,45.643153526970949,0.1254066844128956,0.96969696969696972,0.030303030303030304,0,0.13664596273291926,0.039702233250620278,0.76506024096385539,-0.074712643678160884,0.35674157303370779,0.24711696869851729,-0.4861702127659574,0.45045045045045051,0.4344059405940594,-0.4861702127659574,2.6590909090909092,0.46674445740956827,-0.4861702127659574,4.8192771084337354,79.365079365079367,0.46679701423881814,1.2549072232949545,0.45857883011849226,21.39626673767841,1,2,-0.14699792960662528,483,-0.14699792960662528,2026-03-17,403,1264300,0.87585080315818131,0.018072289156626509,-0.0083682008368201055,0.31826844541246935,0.014778325123152709,0,0,0,1,0.85121273994445801,0.99962786942330284,2026-03
2026-04-02,533,604,490,604,2664300,2195,0.19841269841269837,0.20799999999999996,0.19603960396039599,0.36961451247165522,0.79761904761904767,0.96742671009771986,0.67313019390581719,0.18991331757289198,0.78968428041305561,0.37491463692237637,1.0150487656202378,0.59429853504025321,2.0043105880228844,0.6592267014628117,3.8932686476652516,89.701897018970186,0.10596026490066225,0.6228070175438597,0.37719298245614036,0,0.18874172185430463,0.057539682539682557,1,0,0.88749999999999996,1,0,1.0474576271186442,1,0,1.0474576271186442,1,0,1.0474576271186442,100,1.1639575719241753,0.89508510810103825,0.73152584070983706,21.199026115470932,1,2,-0.19370860927152322,604,-0.19370860927152322,2026-04-09,504,2748200,0.23505434782608695,-0.0081668930589793853,-0.0093457943925233655,0.32065217391304346,0.0021390374331550803,0,0,0,1,0.84639865159988403,0.99962074630368458,2026-04
2026-04-10,681,743,620,627,8330400,281A,-0.024883359253499271,0.15469613259668513,0.17196261682242997,0.2127659574468086,0.34549356223175964,0.8550295857988166,0.82798833819241979,0.065239551478083468,1.5944997186312078,0.18503118503118499,2.3381938109606342,0.20114942528735624,2.7492207340033894,0.46418354836826436,5.4053843608261474,54.685314685314694,0.14012303485987698,-0.43902439024390244,0.056910569105691054,0.50406504065040647,0.19617224880382775,0.059097978227060644,0.63174603174603172,-0.15612382234185729,0.4649532710280373,0.71980676328502413,-0.15612382234185729,0.90577507598784202,0.73455377574370706,-0.15612382234185729,1.0490196078431371,0.73455377574370706,-0.15612382234185729,1.0490196078431371,63.174603174603178,0.82420999305113041,0.62042944264100297,2.2709217866917668,22.376368573022198,1,2,0.28867623604465709,687,0.17612809315866085,2026-04-17,643,4102300,0.29052402932392074,-0.0051020408163264808,0.0064516129032257119,0.53841976649470535,0.97785547785547788,0,0,0,0,0.83021199703216553,0.99902745834311191,2026-04
2026-04-14,674,764,643,680,5625300,281A,0.024096385542168752,0.084529505582137121,0.057542768273716849,0.27102803738317749,0.48796498905908092,0.63069544364508401,1.0795107033639142,0.076971808679125786,1.1902323632839775,0.19570951292421301,1.384035114481279,0.23300090661831363,1.6584314581036221,0.52757497472761994,3.1812899230593046,60.563380281690137,0.12678571428571428,0.049586776859504134,0.256198347107438,0.69421487603305787,0.17794117647058824,0.015060240963855387,0.75,-0.10994764397905754,0.58878504672897192,0.75,-0.10994764397905754,0.58878504672897192,0.81659388646288211,-0.10994764397905754,1.2222222222222223,0.81659388646288211,-0.10994764397905754,1.2222222222222223,75,0.92628638935841057,0.54658303064518576,0.98240404471733356,22.064877636397497,1,1,0.31617647058823528,675,0.32592592592592595,2026-04-21,664,3634800,0.52457235948954661,0.0012484394506866447,0,0.51045343469997284,0.98997772828507791,0,0,1,0,0.83380907773971558,0.99918704529453184,2026-04
2026-04-15,675,780,661,780,6250000,281A,0.14705882352941169,0.17469879518072284,0.24401913875598091,0.43646408839779016,0.74887892376681608,0.56941649899396385,1.3999999999999999,0.14908662345315271,1.1183560702578124,0.29546586945690079,1.36228497693924,0.37894457703526929,1.6884065899184568,0.70855922457696741,3.2505145564542866,75.638841567291308,0.11272893772893773,0.88235294117647056,0.11764705882352941,0,0.15256410256410258,-0.0073529411764705621,1,0,0.82242990654205617,1,0,0.82242990654205617,1,0,1.5490196078431371,1,0,1.5490196078431371,100,1.1013469969768264,0.63015958995447063,1.148422203639283,22.30738594160135,0,1,0.024358974358974272,765,0.044444444444444509,2026-04-22,680,5625300,0.55172413793103448,0.0017937219730941312,-0.012145028159361138,0.54900896008688571,0.90135287485907556,0,0,0,0,0.83409851789474487,0.99919643276226233,2026-04
2026-04-20,803,958,803,958,2644500,281A,0.18564356435643559,0.26552179656538977,0.22820512820512828,0.44277108433734935,0.61008403361344543,0.71071428571428563,1.7848837209302326,0.20261109716294246,0.62222358167375669,0.36954967834167252,0.58386247825280613,0.58307857555977871,0.76465774734632386,0.93809427473194407,1.2282276389535565,83.897158322056839,0.10744109752460483,1,0,0,0.1617954070981211,-0.0061881188118811936,1,0,0.86019417475728166,1,0,1.2383177570093458,1,0,2.130718954248366,1,0,2.130718954248366,100,1.1435093572951978,0.90609183681582794,-0.40525900965924549,21.652840347853754,1,1,-0.20354906054279753,958,-0.20354906054279753,2026-04-27,808,3003900,0.45587836003258214,0,0.0037102128490529296,0.55226717349986421,0.010600706713780919,0,0,0,1,0.83314371109008789,0.99915418915747478,2026-04
2026-04-21,958,1060,870,895,2374900,281A,-0.065762004175365374,0.10767326732673266,0.18229854689564062,0.31617647058823528,0.67289719626168232,0.35606060606060597,1.640117994100295,0.065983801810385767,0.65969444444444447,0.21685927940176741,0.57046294717170576,0.45080239909223541,0.6805124546186534,0.76111767020857934,1.0737299218178673,78.381795195954481,0.12593774940143654,-0.33157894736842103,0.13157894736842105,0.5368421052631579,0.21229050279329609,0,0.69724770642201839,-0.15566037735849059,0.73786407766990281,0.73892405063291144,-0.15566037735849059,1.0911214953271027,0.78116710875331563,-0.15566037735849059,1.9248366013071894,0.78116710875331563,-0.15566037735849059,1.9248366013071894,73.892405063291136,0.96142121208242437,0.97698672555111743,-0.56138680327726831,21.477289608046593,1,2,-0.20446927374301671,880,-0.19090909090909092,2026-04-28,958,2644500,0.37550909584577791,-0.0018867924528301883,0.00076335877862598878,0.52375780613630196,0.010169491525423728,0,0,0,1,0.83013039827346802,0.99902276460924666,2026-04
2026-04-07,489,522,458,493,3691900,4265,0.06021505376344094,0.28051948051948061,0.26410256410256405,0.28385416666666674,0.30423280423280419,0.69415807560137455,0.5903225806451613,0.1671401515151516,3.0198602908698282,0.20537897310513453,3.3045416301176131,0.25573102394294445,3.097855272873733,0.47296086047206454,5.9940982834691052,60.641399416909628,0.12271805273833672,0.0625,0.484375,0.453125,0.12981744421906694,0.051612903225806361,0.82530120481927716,-0.05555555555555558,0.38483146067415741,0.87763713080168781,-0.05555555555555558,0.72982456140350882,0.89605734767025091,-0.05555555555555558,1.0288065843621399,0.89605734767025091,-0.05555555555555558,1.0288065843621399,82.634730538922156,1.0457501907834954,0.46858622912400483,1.6473320045941431,21.3221609632397,1,2,-0.36105476673427994,486,-0.35185185185185186,2026-04-14,465,1470300,0.59695817490494296,0.0026990553306343035,0.027897074816139233,0.48343291689299295,0.0011098779134295228,0,0,0,1,0.8363335132598877,0.99930063365407185,2026-04
2026-04-09,1041,1041,886,886,840000,4422,-0.0056116722783389195,0.19568151147098511,0.38221528861154441,0.9219088937093276,0.77555110220440882,1.684848484848485,1.0652680652680653,0.19729729729729728,1.4701764211705404,0.46011865524060647,1.6543900421475559,0.64821877034694464,1.134866754483737,1.0015813848412969,2.0673869705397356,79.06647807637907,0.096420509513060304,-1,0,0,0.17494356659142213,0.16835016835016825,0.73728813559322037,-0.14889529298751203,0.9645232815964524,0.78382147838214788,-0.14889529298751203,1.7345679012345681,0.79194630872483218,-0.14889529298751203,1.9932432432432434,0.79194630872483218,-0.14889529298751203,1.9932432432432434,75.120385232744781,1.1089141434784489,1.0645487172361712,0.14822692039061153,20.42787412276823,1,1,0.2381489841986455,826,0.3280871670702179,2026-04-16,891,1289700,0.23323377681238122,-0.0078020512124832853,0.017922953864333291,0.62041813738799889,0.99452354874041626,1,0,1,0,0.83053117990493774,0.99904060079793477,2026-04
2026-04-10,826,999,812,900,2974500,4422,0.015801354401805856,0.010101010101010166,0.21457489878542502,0.66358595194085024,0.85185185185185186,1.7439024390243905,1.1327014218009479,0.10864745011086474,2.7557997331752149,0.38846035174328897,4.0226387536514121,0.5896847125320146,3.358133128612717,0.97976242850857886,6.2254081205525322,83.284883720930239,0.10523809523809523,0.39572192513368987,0.074866310160427801,0.52941176470588236,0.20777777777777778,-0.067720090293453716,0.76101694915254237,-0.13544668587896258,0.99556541019955658,0.77725118483412325,-0.13544668587896258,1.2058823529411766,0.81073825503355701,-0.13544668587896258,2.0405405405405403,0.81073825503355701,-0.13544668587896258,2.0405405405405403,76.101694915254242,1.0385044186415069,1.0950415486276248,2.572966616287653,21.707981279307955,1,1,0.55222222222222217,1050,0.33047619047619037,2026-04-17,886,840000,0.29052402932392074,-0.0051020408163264808,0.0064516129032257119,0.53841976649470535,0.9941724941724942,1,0,1,0,0.85161852836608887,0.99974653837127436,2026-04
2026-04-15,1020,1116,894,947,1949600,4422,-0.053000000000000047,-0.098095238095238124,0.05222222222222217,0.06285072951739612,1.0148936170212766,1.1770114942528735,1.2985436893203883,-0.01003554254651895,1.0341827749368755,0.17522958550508827,1.6685923605583657,0.45815690199399484,1.7548312766091505,0.89703525641025639,3.190443071636051,80.270270270270274,0.12211494946447428,-0.32882882882882886,0.23873873873873874,0.43243243243243246,0.23442449841605068,0.020000000000000018,0.6262626262626263,-0.23813354786806118,1.0997782705099777,0.64121212121212123,-0.23813354786806118,1.2655502392344498,0.6874340021119324,-0.23813354786806118,2.1993243243243241,0.6874340021119324,-0.23813354786806118,2.1993243243243241,62.626262626262623,0.85857811031192999,1.2777046027584913,0.8559039147165578,21.336433875020845,2,3,0.19746568109820495,962,0.17879417879417869,2026-04-22,1000,3452900,0.55172413793103448,0.0017937219730941312,-0.012145028159361138,0.54900896008688571,0.97406989853438553,0,0,0,0,0.83800101280212402,0.99936634592818585,2026-04
2026-04-06,1014,1100,922,1100,1536600,4840,0.134020618556701,0.34146341463414642,0.39593908629441632,0.87074829931972797,1.5522041763341066,1.263374485596708,1.2267206477732793,0.25973431058176821,1.1659458229000683,0.5818234109864826,1.5375532830354819,0.90756958293592316,3.0617185554171855,1.1023460270438146,5.9759654649399137,91.47286821705427,0.069935064935064933,0.48314606741573035,0.5168539325842697,0,0.16181818181818181,0.045360824742268102,1,0,1.5943396226415096,1,0,1.5943396226415096,1,0,1.5943396226415096,1,0,1.5943396226415096,100,1.1827985116732267,1.3291909215090192,1.596267201714523,21.248148200793757,0,0,-0.24818181818181817,1130,-0.268141592920354,2026-04-13,970,1845300,0.58272208638956802,0.0026560471809921049,0.020776551580729663,0.45503939146970934,0.0022446689113355782,0,0,0,1,0.84906899929046631,0.99969584604552919,2026-04
2026-04-15,869,1009,865,1009,1054300,4840,0.17462165308498245,0.22007255139056836,0.27721518987341764,-0.0049309664694280331,0.28045685279187826,1.2522321428571428,1.2623318385650224,0.15578465063001135,1.4364151611760538,0.079490745693805431,0.81756568131765872,0.36841391469451401,1.1272379302786821,0.67851944271158238,2.2298479841374754,71.025641025641022,0.14922837321251595,0.97222222222222221,0.027777777777777776,0,0.14271555996035679,0.011641443538998875,0.44741235392320533,-0.2470149253731343,0.36167341430499333,0.638646288209607,-0.2470149253731343,1.3797169811320753,0.638646288209607,-0.2470149253731343,1.3797169811320753,0.638646288209607,-0.2470149253731343,1.3797169811320753,59.085290482076637,0.79830567271792019,1.2350214842977147,0.14860521029573984,20.785102618858687,0,2,0,1039,-0.028873917228103951,2026-04-22,859,423500,0.55172413793103448,0.0017937219730941312,-0.012145028159361138,0.54900896008688571,0.22886133032694475,0,0,0,0,0.83009976148605347,0.99902182586247357,2026-04
2026-04-21,317,378,314,378,4565600,5341,0.26845637583892623,0.21153846153846145,0.2989690721649485,0.35483870967741926,0.32631578947368411,1.1849710982658959,0.82608695652173902,0.20843989769820959,2.2404993718592965,0.27229888926287438,1.9508860088793174,0.52850788515972491,2.4929289840670079,0.72661870503597115,4.7665456481624062,80.530973451327441,0.12263794406651549,0.953125,0.046875,0,0.1693121693121693,0.063758389261745041,1,0,0.61538461538461542,1,0,1.2771084337349397,1,0,1.2771084337349397,1,0,1.2771084337349397,100,1.0243621575542179,1.0079062295891907,1.2917730285473494,21.268954694403664,1,1,0.0079365079365079083,375,0.016000000000000014,2026-04-28,298,1129300,0.37550909584577791,-0.0018867924528301883,0.00076335877862598878,0.52375780613630196,0.92316384180790956,0,0,0,0,0.84073883295059204,0.99946773057967608,2026-04
2026-04-22,375,458,357,430,6758200,5341,0.13756613756613767,0.44295302013422821,0.37820512820512819,0.50877192982456143,0.5985130111524164,1.5146198830409356,1.0772946859903381,0.25804564072557046,2.1447385959010621,0.37292464878671772,2.3799830962107338,0.65225744476464942,3.1179772040996636,0.91536748329621376,6.0008346578346847,83.547557840616975,0.12325581395348838,0.54455445544554459,0.17821782178217821,0.27722772277227725,0.23488372093023255,-0.0079365079365079083,0.875,-0.061135371179039333,0.83760683760683752,0.90410958904109584,-0.061135371179039333,1.5903614457831323,0.90410958904109584,-0.061135371179039333,1.5903614457831323,0.90410958904109584,-0.061135371179039333,1.5903614457831323,88.28451882845188,1.0946411495367534,1.0968925464925883,1.9719313069267808,21.790052349404785,1,1,-0.12790697674418605,409,-0.08312958435207829,2026-04-30,378,4565600,0.2157394843962008,-0.0079908675799086337,-0.0077369439071566237,0.43473541383989145,0.12009237875288684,0,0,0,0,0.86687994003295898,0.99997465383712747,2026-04
2026-04-27,346,413,339,385,2377700,5341,0.049046321525885617,-0.022842639593908642,-0.10465116279069764,0.29194630872483218,0.29629629629629628,1.2126436781609193,0.83333333333333326,-0.014841351074718512,0.68365181688010723,0.12606025153553668,0.97658046921206543,0.31917080692136368,0.9638139093706044,0.62002945508100149,1.8632041280898965,64.124293785310741,0.13525046382189237,0.52702702702702697,0.0945945945945946,0.3783783783783784,0.19220779220779222,-0.057220708446866442,0.61780104712041883,-0.15938864628820959,0.44194756554307113,0.75,-0.15938864628820959,1.3192771084337349,0.75,-0.15938864628820959,1.3192771084337349,0.75,-0.15938864628820959,1.3192771084337349,67.410714285714292,0.82448993377837942,0.98360772922882511,-0.041319599498195476,20.63488752722068,2,2,0.0077922077922076838,392,-0.010204081632653073,2026-05-08,367,1480500,0.37944128017358286,-0.0024529844644317622,-0.024572180781044284,0.28695416327637646,0.31547619047619047,0,0,0,0,0.83385765552520752,0.99918798404130482,2026-04
2026-04-16,297.89999389648438,336.5,296.5,335.5,6938000,6085,0.17102966841186729,0.14115646258503411,0.070175438596491224,0.29088113843367913,0.17636741108010612,0.016666666666666607,1.7613168724279835,0.12169842861919089,1.8708877143781686,0.2003577948593962,2.411455979979841,0.1818790367565617,1.4710216370363303,0.25710753182837842,1.4214955616679728,57.831325301204821,0.090866504691117678,0.9400001525878906,0.034999847412109375,0.025000000000000001,0.11922503725782414,0.039790554612510798,0.99021526389568837,-0.0029717682020802272,0.43192486397828467,0.87583892617449666,-0.052259887005649763,0.63658536585365844,0.55430797589384062,-0.36698113207547167,2.5844017678350752,0.60571660186334009,-0.36698113207547167,8.1416891832546234,99.021526389568834,0.98170692996032782,0.37757197466837517,0.5085806604028924,21.568146063353176,2,2,0.31445603576751124,349.5,0.2618025751072961,2026-04-23,286.5,1437000,0.55959815367906596,0.0021459227467810482,-0.0024660912453761119,0.59299484116209611,0.9899888765294772,0,0,1,0,0.85420680046081543,0.99979535320347335,2026-04
2026-04-22,396,460,393,430,8562600,6085,0.13157894736842102,0.085858585858585856,0.18784530386740328,0.50087260034904024,0.69291338582677175,0.50665735527647771,1.8326745148574664,0.12949829261885992,1.248134197821676,0.29385569233227082,1.8163960577506437,0.39032592374927311,1.9968144622481128,0.47640752551862819,1.6341026805650447,72.954974093926012,0.077956806068800608,0.5074626865671642,0.044776119402985072,0.44776119402985076,0.1558139534883721,0.042105263157894646,0.86046511627906974,-0.065217391304347783,0.75510204081632648,0.86708019315179863,-0.065217391304347783,0.83525392402581944,0.73628691770889121,-0.18867924528301883,1.851458828236328,0.79695431472081213,-0.18867924528301883,10.466666666666667,86.708019315179854,1.1161804890406375,0.6334603751524025,1.6912468381559214,22.026699649275745,1,1,0.43023255813953498,451,0.36363636363636354,2026-04-30,380,3806000,0.2157394843962008,-0.0079908675799086337,-0.0077369439071566237,0.43473541383989145,0.99769053117782913,1,1,1,0,0.84855115413665771,0.99968176484393334,2026-04
2026-04-23,451,480,415,441,6019600,6085,0.025581395348837299,0.16052631578947363,0.11363636363636354,0.31445603576751124,0.69680650387258569,0.32035928143712566,1.4595649330396179,0.097560975609755962,0.90159121953557475,0.25838208018262243,1.1592829685778774,0.4016463837237203,1.4418859780445099,0.48090936869564249,1.1448611906206434,74.968905947691781,0.084143178610497388,-0.15384615384615385,0.40000000000000002,0.44615384615384618,0.14739229024943309,0.048837209302325491,0.82969432314410485,-0.081250000000000044,0.75697211155378485,0.8412698392983069,-0.081250000000000044,0.88220228022182878,0.7652953567609132,-0.16792452830188676,1.9244031238423736,0.81866340640108226,-0.16792452830188676,10.249999781044167,84.126983929830686,1.0578467855807192,0.71999408100130191,0.7709615051871207,21.699576245718244,1,1,0.16780045351473927,465,0.10752688172043001,2026-05-01,430,8562600,0.21052631578947367,-0.0080924855491329994,-0.019577133907595967,0.34508952794357028,0.96994219653179192,0,0,0,0,0.85094565153121948,0.99973245716967851,2026-04
2026-04-24,465,521,460,516,11925200,6085,0.17006802721088432,0.19999999999999996,0.35789473684210527,0.42541436464088389,0.93984962406015038,0.74030354131534559,1.8043478260869565,0.19278779472954222,1.5852329223096024,0.37435077906512193,1.9253944368739546,0.5847422549853345,2.7311161088488967,0.68577869590289686,2.2200007074097448,83.513872154165298,0.079194350892127161,0.83606557377049184,0.081967213114754092,0.081967213114754092,0.11821705426356589,0.054421768707483054,0.9800717412449883,-0.0095969289827255722,0.91040351106931627,0.98256016723675565,-0.0095969289827255722,1.2023047088309835,0.96308016847924471,-0.026415094339622636,2.4217505938835933,0.97147514257994549,-0.026415094339622636,12.163265049929228,98.256016723675572,1.1666532414047994,0.8771310460489794,2.6850818391146376,22.540271131730584,0,1,0.19186046511627897,589,0.044142614601018648,2026-05-07,441,6019600,0.32384052074857606,-0.0038167938931297218,-0.021037868162692819,0.32085706536479525,0.88925081433224751,0,0,0,0,0.83967572450637817,0.99942360948134246,2026-04
2026-04-27,589,609,510,540,14044400,6085,0.046511627906976827,0.22448979591836737,0.2558139534883721,0.36363636363636354,0.72248803827751207,0.70347003154574139,1.7122048390056026,0.17035110533159958,1.5830812168322144,0.3564431047475507,1.9750579393830299,0.60353967114800322,2.9173833204543378,0.71639715939292659,2.5252922100981841,88.775776738468338,0.085066138373480898,-0.49494949494949497,0.30303030303030304,0.20202020202020202,0.18333333333333332,0.14147286821705429,0.79185520361990946,-0.11330049261083741,0.94594594594594605,0.81585268064592198,-0.11330049261083741,1.3047374859859127,0.84941073666616773,-0.11330049261083741,2.5809017842967839,0.87890487874273737,-0.11330049261083741,12.775509935972449,81.147540983606561,1.096002976731359,1.0126453972729759,2.6232270976402856,22.74930343746902,0,1,0.05555555555555558,564,0.010638297872340496,2026-05-08,516,11925200,0.37944128017358286,-0.0024529844644317622,-0.024572180781044284,0.28695416327637646,0.59740259740259738,0,0,0,0,0.84841549396514893,0.99968082609716025,2026-04
2026-04-28,564,640,551,640,12643700,6085,0.18518518518518512,0.24031007751937983,0.4512471655328798,0.68421052631578938,1.1768707482993199,1.1843003412969284,1.6767042394926555,0.24659135177249714,1.1884181932682276,0.47908481626993304,1.5731571514778249,0.80737352538446649,2.3934275722053693,0.97144485901061706,2.2268611371016567,90.889830508474574,0.080479911395481649,0.8539325842696629,0.14606741573033707,0,0.13906250000000001,0.044444444444444509,1,0,1.3063063063063063,1,0,1.7315407241314524,1,0,3.2440317443517435,1,0,14.686274803129361,100,1.167388655855802,1.2097501482837762,1.8938161754405454,22.814137801844684,0,0,-0.09375,680,-0.1470588235294118,2026-05-11,540,14044400,0.66910767561703277,0.0068649885583524917,-0.014803471158754467,0.35855709248711692,0.013626834381551363,0,0,0,1,0.85633444786071777,0.99984322928889935,2026-04
2026-04-30,680,720,554,615,15236600,6085,-0.0390625,0.13888888888888884,0.19186046511627897,0.43023255813953498,1.1465968586387434,1.0714045558869993,1.1272915496922962,0.11736918604651159,1.2724843200628033,0.32101815057458927,1.6179698442515804,0.6621172441872214,2.5718580334905656,0.84805391501636795,2.5229699034756945,86.153533057446808,0.10130081442590375,-0.39156626506024095,0.36746987951807231,0.24096385542168675,0.26991869918699185,0.0625,0.75206611570247939,-0.14583333333333337,1.0741989881956155,0.78381716973494409,-0.14583333333333337,1.6248399145950674,0.81553056823092751,-0.14583333333333337,3.0782492543380036,0.84540636059768193,-0.14583333333333337,14.073529693632119,77.611940298507463,1.0094065814328679,1.2997814875591243,2.1232606581753051,22.960833254133288,1,1,-0.11056910569105693,645,-0.15193798449612406,2026-05-12,640,12643700,0.2449145646867372,-0.0076411960132890533,-0.014254385964912242,0.28152969894222946,0.012276785714285714,0,0,0,1,0.8529779314994812,0.99977188453414689,2026-04
2026-04-02,97,113,88,93,275840000,6740,-0.021052631578947323,0.29166666666666674,0.14814814814814814,0.14814814814814814,-0.19827586206896552,2.7200000000000002,3.2272727272727275,0.1124401913875599,2.2877518028154342,0.17424242424242431,2.1781465507915443,0.14461538461538459,1.3118609944785224,0.76386913229018494,1.5497432816319632,53.763440860215063,0.24807987711213519,-0.16,0.20000000000000001,0.64000000000000001,0.26881720430107525,0.021052631578947434,0.64912280701754388,-0.17699115044247793,0.66071428571428581,0.48920863309352519,-0.43292682926829273,2.7200000000000002,0.50349650349650354,-0.43292682926829273,3.4285714285714288,0.51034482758620692,-0.43292682926829273,3.8947368421052628,34.25925925925926,0.60951314436902038,1.320529927696005,0.42257560288347024,23.967931038631839,2,3,-0.064516129032258118,98,-0.11224489795918369,2026-04-09,95,160066100,0.23505434782608695,-0.0081668930589793853,-0.0093457943925233655,0.32065217391304346,0.0096256684491978616,0,0,0,1,0.83428692817687988,0.99920300398967377,2026-04
2026-04-14,83,91,81,90,92525400,6740,0.097560975609756184,0.0843373493975903,0.034482758620689724,0.097560975609756184,0.25,-0.25619834710743805,2.9130434782608696,0.048951048951048959,1.1414766084973607,0.02857142857142847,0.83187091612934316,0.041666666666666519,0.72135637957924348,0.37878207583301404,0.54799705720485603,61.728395061728392,0.15952380952380954,0.69999999999999996,0.20000000000000001,0.10000000000000001,0.1111111111111111,0.012195121951219523,0.41025641025641024,-0.20353982300884954,0.21621621621621623,0.31481481481481483,-0.45121951219512191,0.60714285714285721,0.47887323943661969,-0.45121951219512191,3.0909090909090908,0.4825174825174825,-0.45121951219512191,3.2857142857142856,47.727272727272727,0.5570077155662958,0.73089521747650654,-0.40337505514327998,22.842803429833406,2,2,0.15555555555555545,94,0.1063829787234043,2026-04-21,82,65724300,0.52457235948954661,0.0012484394506866447,0,0.51045343469997284,0.95100222717149219,0,0,0,0,0.83396154642105103,0.99919080028162399,2026-04
2026-04-16,96,109,96,109,139485900,6740,0.18478260869565211,0.21111111111111103,0.3292682926829269,0.25287356321839072,0.17204301075268824,-0.060344827586206851,3.7391304347826084,0.19517543859649122,1.4606618147546993,0.22747747747747749,1.5403877487149438,0.29761904761904767,1.2844464424695836,0.57628344179320301,0.83535050448592629,68.604651162790702,0.127129750982962,1,0,0,0.11926605504587157,0.043478260869565188,0.96969696969696972,-0.0090909090909090384,0.4155844155844155,0.92982456140350878,-0.03539823008849563,0.9464285714285714,0.61267605633802813,-0.33536585365853655,3.9545454545454541,0.61538461538461542,-0.33536585365853655,4.1904761904761907,90.909090909090907,1.0748721626449735,0.5177134447591083,0.4997711843303218,23.444821961143344,0,2,-0.12844036697247707,107,-0.11214953271028039,2026-04-23,92,89688100,0.55959815367906596,0.0021459227467810482,-0.0024660912453761119,0.59299484116209611,0.021134593993325918,0,0,0,1,0.84333604574203491,0.99954470781506688,2026-04
2026-04-17,107,115,100,110,113528900,6740,0.0091743119266054496,0.19565217391304346,0.22222222222222232,0.32530120481927716,0.19565217391304346,0.15789473684210531,3.583333333333333,0.13871635610766053,1.133130160418371,0.21412803532008828,1.3036680243180709,0.29793510324483785,1.0810607238634873,0.54277699859747552,0.68854277346570125,67.46987951807229,0.12727272727272726,0.20000000000000001,0.46666666666666667,0.33333333333333331,0.13636363636363635,-0.01834862385321101,0.86842105263157898,-0.043478260869565188,0.4285714285714286,0.9152542372881356,-0.043478260869565188,0.96428571428571419,0.61971830985915488,-0.32926829268292679,4,0.6223776223776224,-0.32926829268292679,4.2380952380952381,88.372093023255815,1.0235255199070923,0.56909375362964354,0.14356783241113483,23.2480483538973,0,1,-0.08181818181818179,114,-0.11403508771929827,2026-04-24,109,139485900,0.38093945153407549,-0.0017398869073510514,0,0.57073038284007604,0.033594624860022397,0,0,0,1,0.84360212087631226,0.99955127904247831,2026-04
2026-04-20,114,123,110,120,117693100,6740,0.090909090909090828,0.10091743119266061,0.30434782608695654,0.46341463414634143,0.4285714285714286,0.84615384615384626,4,0.15163147792706333,1.0642841821640472,0.27388535031847128,1.2908458201014794,0.37142857142857144,1.0645957121323628,0.62822252374491172,0.71869166632890147,78.571428571428569,0.11904761904761905,0.46153846153846156,0.30769230769230771,0.23076923076923078,0.10833333333333334,0.036363636363636376,0.93478260869565222,-0.024390243902439046,0.55844155844155852,0.95522388059701491,-0.024390243902439046,1.1428571428571428,0.6901408450704225,-0.26829268292682928,4.4545454545454541,0.69230769230769229,-0.26829268292682928,4.7142857142857144,93.877551020408163,1.1048461581548206,0.61408767571852207,0.13010686797389484,23.371082689745553,0,0,-0.2416666666666667,123,-0.26016260162601623,2026-04-27,110,113528900,0.45587836003258214,0,0.0037102128490529296,0.55226717349986421,0.0011778563015312131,0,0,0,1,0.84421902894973755,0.99956817648439333,2026-04
2026-04-21,123,124,103,104,101220300,6740,-0.1333333333333333,-0.054545454545454564,-0.04587155963302747,0.15555555555555545,0.26829268292682928,0.67741935483870974,3.5217391304347823,-0.028037383177570097,0.90115172939246957,0.078838174273858863,1.0468489907741665,0.16071428571428581,0.93483489550443366,0.37339055793991416,0.6234951456131268,55.844155844155843,0.13324175824175824,-0.90476190476190477,0.047619047619047616,0.047619047619047616,0.20192307692307693,0.024999999999999911,0.57446808510638303,-0.16129032258064513,0.35064935064935066,0.70588235294117652,-0.16129032258064513,0.85714285714285721,0.57746478873239437,-0.36585365853658536,3.7272727272727275,0.58041958041958042,-0.36585365853658536,3.9523809523809526,57.446808510638299,0.78718326344710032,0.55962274327970951,-0.12998990011502215,23.077200786823319,1,1,-0.096153846153846145,107,-0.12149532710280375,2026-04-28,120,117693100,0.37550909584577791,-0.0018867924528301883,0.00076335877862598878,0.52375780613630196,0.047457627118644069,0,0,0,1,0.83552014827728271,0.99926871626378788,2026-04
2026-04-24,361,455,361,455,18512500,7256,0.21333333333333337,0.31884057971014501,0.71698113207547176,0.66058394160583944,0.69144981412639406,0.66666666666666674,0.41304347826086962,0.32113821138211396,3.0205848472289754,0.47201552895503052,5.7605299843170448,0.5878555225964055,10.450625908519976,0.59621119101911946,12.540772328671542,83.859649122807014,0.063736263736263732,1,0,0,0.20659340659340658,-0.037333333333333329,1,0,0.75,1,0,0.82000000000000006,1,0,0.82730923694779124,1,0,2.0333333333333332,100,1.3712676702626549,0.6747128840660287,3.8227862315474588,22.85425415662786,0,1,-0.22197802197802197,428,-0.17289719626168221,2026-05-07,375,10011200,0.32384052074857606,-0.0038167938931297218,-0.021037868162692819,0.32085706536479525,0.011943539630836048,0,0,0,1,0.85078775882720947,0.99973057967613232,2026-04
2026-04-27,428,432,375,381,8126000,7256,-0.16263736263736261,0.016000000000000014,0.10434782608695659,0.35106382978723394,0.38545454545454549,0.45419847328244267,0.21337579617834401,0.046128500823723328,1.0641139804096171,0.19174225836721925,2.0432024419864776,0.3025641025641026,3.7662217278457546,0.32879937222076894,4.9124037287356881,67.89772727272728,0.089051368578927634,-0.82456140350877194,0.10526315789473684,0.070175438596491224,0.14960629921259844,-0.059340659340659352,0.62051282051282053,-0.16263736263736261,0.46538461538461529,0.63902439024390245,-0.16263736263736261,0.52400000000000002,0.64077669902912626,-0.16263736263736261,0.53012048192771077,0.75737704918032789,-0.16263736263736261,1.54,62.051282051282051,0.92448118154819003,0.7127856680491107,1.3038295686203132,21.853378730979507,1,2,0.13910761154855633,389,0.11568123393316188,2026-05-08,455,18512500,0.37944128017358286,-0.0024529844644317622,-0.024572180781044284,0.28695416327637646,0.94913419913419916,0,0,0,0,0.84498262405395508,0.99958319643276228,2026-04
2026-04-22,668,739,640,731,1531500,7719,0.089418777943368166,0.026685393258427004,0.081360946745562046,0.14218749999999991,0.37148217636022518,0.27130434782608703,0.30535714285714288,0.041310541310541238,0.57452076377686911,0.1744858611825193,0.97015114467066177,0.27964989059080958,1.3785002565279616,0.16004126001745611,1.0019971245332273,74.703557312252968,0.078073089700996676,0.63636363636363635,0.28282828282828282,0.080808080808080815,0.13543091655266759,-0.0044709388971684305,0.8666666666666667,-0.046936114732724854,0.47082494969818911,0.87456445993031362,-0.046936114732724854,0.5229166666666667,0.49900596421471172,-0.25635808748728384,0.5229166666666667,0.62941176470588234,-0.25635808748728384,1.4125412541254128,87.188612099644132,0.97916572216105791,0.58361831336677572,0.31788524922600442,20.836171665897979,1,2,-0.19015047879616964,771,-0.23216601815823601,2026-04-30,671,887700,0.2157394843962008,-0.0079908675799086337,-0.0077369439071566237,0.43473541383989145,0.0046189376443418013,0,0,0,1,0.83546721935272217,0.99926871626378788,2026-04
2026-04-23,771,847,715,778,2572800,7719,0.064295485636114869,0.15946348733233973,0.092696629213483206,0.080555555555555491,0.54059405940594063,0.3231292517006803,0.28382838283828393,0.090246636771300404,1.1387497123028167,0.19747575804217332,1.4164125037161008,0.33964700817907878,2.4068365833921916,0.22625896445740401,1.7284079171670179,75.939849624060145,0.083180315828130735,0.053030303030303032,0.42424242424242425,0.52272727272727271,0.16966580976863754,0.054719562243502162,0.80285714285714282,-0.081463990554899612,0.56539235412474853,0.81198910081743869,-0.081463990554899612,0.62083333333333335,0.59244532803180916,-0.20854526958290942,0.62083333333333335,0.69852941176470584,-0.20854526958290942,1.5676567656765679,80.285714285714292,1.0203811692820342,0.65268889081379944,1.1926662225407818,21.417231882644767,1,2,-0.25064267352185088,787,-0.25921219822109276,2026-05-01,731,1531500,0.21052631578947367,-0.0080924855491329994,-0.019577133907595967,0.34508952794357028,0.0023121387283236996,0,0,0,1,0.84757369756698608,0.99965172494719545,2026-04
2026-05-25,401,467,369,447,2815300,2693,0.15503875968992253,0.31470588235294117,0.39252336448598135,0.47039473684210531,0.3545454545454545,0.80971659919028349,0.82448979591836724,0.22264770240700216,2.2558132081216646,0.32366005330174707,2.4547039846542855,0.512434444256471,4.6332090811095474,0.63302584710932486,8.7132665851658135,76.943699731903479,0.097794822627037398,0.46938775510204084,0.32653061224489793,0.20408163265306123,0.21923937360178972,0.036175710594315236,0.89247311827956988,-0.042826552462526757,0.59074733096085419,0.9126637554585153,-0.042826552462526757,0.87815126050420167,0.9126637554585153,-0.042826552462526757,0.87815126050420167,0.9126637554585153,-0.042826552462526757,0.87815126050420167,91.150442477876112,1.1695983372230212,0.76528631534787661,2.263748756061875,20.953137981221804,0,1,-0.08948545861297541,463,-0.12095032397408212,2026-06-01,387,2491200,0.4147002983455384,-0.0018281535648994041,0,0.38974776240846215,0.046958377801494131,0,0,0,1,0.84057414531707764,0.99916825577149349,2026-05
2026-05-26,463,527,427,520,4139000,2693,0.16331096196868011,0.34366925064599485,0.52941176470588225,0.56156156156156145,0.46478873239436624,1.1224489795918369,1.0800000000000001,0.29032258064516125,2.0894331926579568,0.46809712027103334,3.3553020906798965,0.68121564823795655,5.0856725092307595,0.85399768250289676,9.8673898143457404,80.674157303370777,0.097252747252747254,0.56999999999999995,0.35999999999999999,0.070000000000000007,0.19230769230769232,0.035794183445190253,0.97154471544715448,-0.013282732447817858,0.85053380782918153,0.97577854671280273,-0.013282732447817858,1.1848739495798317,0.97577854671280273,-0.013282732447817858,1.1848739495798317,0.97577854671280273,-0.013282732447817858,1.1848739495798317,97.552447552447546,1.2168551192722172,0.95028357882071979,2.7019593364933696,21.489793582770965,0,1,-0.23653846153846159,518,-0.23359073359073357,2026-06-02,447,2815300,0.44887442365066449,0,-0.0058102001291155947,0.40059669107675616,0.0051440329218106996,0,0,0,1,0.86236625909805298,0.99981834410973858,2026-05
2026-05-27,518,548,430,487,2706200,2693,-0.063461538461538458,0.08948545861297541,0.25839793281653756,0.51713395638629289,0.54113924050632911,1.0462184873949578,0.90234375,0.11646033929390187,1.089233246125981,0.31160786426070564,1.8702788624347766,0.51359751359751349,2.8558764866661743,0.70131004366812233,5.5692008499297732,75.104602510460253,0.12012320328542095,-0.26271186440677968,0.48305084745762711,0.25423728813559321,0.24229979466119098,-0.0038461538461538325,0.77153558052434457,-0.11131386861313863,0.73309608540925275,0.8032258064516129,-0.11131386861313863,1.0462184873949578,0.8032258064516129,-0.11131386861313863,1.0462184873949578,0.8032258064516129,-0.11131386861313863,1.0462184873949578,80,1.0097168065010795,1.0076134572118056,1.3711386415860933,20.999320118653042,1,1,-0.23819301848049279,455,-0.18461538461538463,2026-06-03,520,4139000,0.40412259289395175,-0.0016260162601625661,0.0032362459546926292,0.39544344995931652,0.0096256684491978616,0,0,0,1,0.84489256143569946,0.99932409255044874,2026-05
2026-05-18,735,850,730,823,933800,281A,0.07581699346405224,0.1494413407821229,0.10321715817694366,0.021091811414392092,0.1558988764044944,0.21029411764705874,0.97362110311750594,0.081187598528638993,1.321726822363765,0.079910772864453472,1.5072959710743801,0.050615944341609653,0.65257118497786448,0.23309735176237045,0.38723629687148486,52.575107296137332,0.096944974830758562,0.73333333333333328,0.041666666666666664,0.22500000000000001,0.14580801944106925,-0.039215686274509776,0.7944444444444444,-0.043023255813953498,0.21029411764705874,0.40601503759398494,-0.22358490566037736,0.24508320726172461,0.625,-0.22358490566037736,0.92289719626168232,0.68567639257294433,-0.22358490566037736,1.6895424836601309,79.444444444444443,0.66484407550610725,0.30705346362135133,-0.34121141022943702,20.459973763497249,1,3,0.087484811664641615,823,0.087484811664641615,2026-05-25,765,831600,0.3197721724979658,-0.0075642965204235635,-0.016071428571428625,0.34065636018443179,0.93313373253493015,0,0,0,0,0.83957034349441528,0.99913321554900647,2026-05
2026-05-19,823,932,790,842,1884700,281A,0.023086269744835963,0.10065359477124192,0.17597765363128492,0.11375661375661372,0.21500721500721509,0.079487179487179427,0.69416498993963782,0.081706063720452304,2.151582264030321,0.083655083655083562,2.4383207193220779,0.070633861021043964,1.5541482159496656,0.24547000961467358,0.76701045192653028,53.276955602536994,0.10188327112317612,0.13380281690140844,0.23239436619718309,0.63380281690140849,0.16864608076009502,0,0.6428571428571429,-0.096566523605150167,0.2382352941176471,0.4263157894736842,-0.20566037735849052,0.2382352941176471,0.65506329113924056,-0.20566037735849052,0.96728971962616828,0.71087533156498672,-0.20566037735849052,1.7516339869281046,64.285714285714292,0.72594753542504509,0.3126117790493696,0.69893845920448194,21.185059229877197,0,2,0.073634204275534465,833,0.085234093637454933,2026-05-26,823,933800,0.60157309465690267,0.0046511627906977715,-0.007905138339920903,0.38242473555736373,0.92982456140350878,0,0,0,0,0.85283839702606201,0.99958136155239252,2026-05
2026-05-07,984,1083,961,1083,200400,2962,0.16077170418006426,0.19536423841059603,0.20066518847006654,0.19536423841059603,0.30012004801920766,0.31591737545565013,-0.0091491308325708509,0.14700275365388693,1.988489779718198,0.13605370817161444,0.7590046585615271,0.19906997342781207,1.2452619151183744,0.16586376725785179,1.0629748975613638,67.450271247739607,0.075781559161060538,0.81147540983606559,0.18852459016393441,0,0.11265004616805172,0.054662379421221763,0.81481481481481477,-0.04413062665489853,0.25492468134414836,0.8498498498498499,-0.04413062665489853,0.35375000000000001,0.62888888888888894,-0.13360000000000005,0.35375000000000001,0.42368421052631577,-0.44716692189892804,1.4669703872437356,83.4983498349835,1.1790634547267058,0.29315371345956087,0.18335614131569464,19.195560899801428,0,1,-0.10064635272391509,1130,-0.13805309734513271,2026-05-14,933,78700,0.65202061296446978,0.0066889632107023367,0.0022603126765869952,0.36886357472199621,0.034482758620689655,0,0,0,1,0.84041404724121094,0.99916272310478504,2026-05
2026-05-21,1031,1113,918,1113,575400,3907,0.15576323987538943,0.047036688617121403,0.21905805038335169,0.27931034482758621,0.93565217391304345,0.84883720930232553,0.6367647058823529,0.11211031175059949,0.54734318817419092,0.32927266212826956,1.0476103777878927,0.5602439195345903,2.0657715229410498,0.61696872843496875,3.9826959681605816,81.600955794504188,0.098639455782312938,0.42051282051282052,0.57948717948717954,0,0.17520215633423181,0.070612668743509799,0.75348189415041777,-0.13720930232558137,0.94580419580419584,0.75484764542936289,-0.13720930232558137,0.95950704225352124,0.75484764542936289,-0.13720930232558137,0.95950704225352124,0.75484764542936289,-0.13720930232558137,0.95950704225352124,75.48476454293629,1.0477949816461034,1.0227255420469139,0.5014405351224045,20.277635082936605,1,2,0.61455525606469008,1203,0.49376558603491283,2026-05-28,963,2435700,0.59750474640629236,0.0037523452157599557,-0.0097560975609756184,0.3553024138866287,0.99689762150982419,1,0,1,0,0.84945648908615112,0.99947255244045929,2026-05
2026-05-12,859,874,727,870,28146000,4392,0.70923379174852652,1.0279720279720279,1.4928366762177649,1.5290697674418605,1.4857142857142858,1.6126126126126126,1.6769230769230767,0.73860911270983221,4.8749480393515308,1.0470588235294116,9.1773751259419143,1.3046357615894038,17.122416824328845,1.5012578164306762,31.080976622458781,97.207678883071551,0.053366174055829232,0.074829931972789115,0.89795918367346939,0.027210884353741496,0.16896551724137931,0.68762278978389002,0.99252336448598133,-0.0045766590389015871,1.5663716814159292,0.99283154121863804,-0.0045766590389015871,1.7531645569620253,0.99306759098786823,-0.0045766590389015871,1.9292929292929295,0.99306759098786823,-0.0045766590389015871,1.9292929292929295,99.270072992700733,1.5190229040234151,1.2802810971552272,4.3574075031529995,23.921409018228118,0,0,0.56321839080459779,780,0.74358974358974361,2026-05-19,509,182900,0.3737455926227285,-0.0027114967462038564,0.0022222222222221255,0.37537293192297261,0.99892357373519913,1,1,1,0,0.85935497283935547,0.99976209533153582,2026-05
2026-05-13,780,840,720,735,15030000,4392,-0.15517241379310343,0.44400785854616887,0.71328671328671334,1.1304347826086958,1.1181556195965419,1.2685185185185186,1.2205438066465257,0.27074688796680513,1.7177064333420191,0.58473479948253559,3.3297886481456866,0.8465016957668634,6.2914932982829201,1.0535028288049171,11.77786615313185,78.783592644978782,0.077356656948493682,-0.375,0.125,0.5,0.16326530612244897,-0.10344827586206895,0.74018691588785046,-0.15903890160183065,1.168141592920354,0.75089605734767029,-0.15903890160183065,1.3259493670886076,0.75909878682842291,-0.15903890160183065,1.4747474747474749,0.75909878682842291,-0.15903890160183065,1.4747474747474749,74.588665447897625,1.089434601592046,1.43612487879145,1.8785564955450258,23.125429261032515,1,1,1.1510204081632653,769,1.0559167750325096,2026-05-20,870,28146000,0.51423921887713586,0.001097694840834329,0.0046728971962617383,0.40737727149443992,1,1,1,1,0,0.85527157783508301,0.99965328621960259,2026-05
2026-05-14,769,880,742,760,20723200,4392,0.034013605442176909,-0.12643678160919536,0.49312377210216107,1.177650429799427,1.1839080459770117,1.360248447204969,1.375,0.15046927036027857,1.6103043564750348,0.50495049504950495,3.1603251338203222,0.80973925467317542,6.0605582046906505,1.0600393033814459,11.580069374691789,79.281767955801115,0.08731203007518798,-0.065217391304347824,0.13043478260869565,0.80434782608695654,0.18157894736842106,0.046258503401360507,0.77818853974121993,-0.13636363636363635,1.2418879056047198,0.78723404255319152,-0.13636363636363635,1.4050632911392404,0.79416809605488847,-0.13636363636363635,1.5589225589225588,0.79416809605488847,-0.13636363636363635,1.5589225589225588,77.900552486187848,1.0251533848265952,1.5419099982389903,2.2197520048473596,23.480082836929213,1,1,1.6065789473684209,910,1.1769230769230767,2026-05-21,735,15030000,0.3341470029834554,-0.0052980132450330952,-0.0064935064935064402,0.37835638730675347,1,1,1,1,0,0.86162793636322021,0.99980635666520357,2026-05
2026-05-22,631,747,612,680,7438800,5031,0.55606407322654472,0.90476190476190466,1.4548736462093861,1.5185185185185186,1.5092250922509227,1.4548736462093861,1.3859649122807016,0.67818361303060226,4.9273365569318406,1.0148148148148146,9.7832605607869958,1.2335358843816722,19.135176848874597,1.324786324786325,35.961856878693759,98.126463700234197,0.055777310924369751,0.36296296296296299,0.14074074074074075,0.49629629629629629,0.19852941176470587,0.44393592677345528,0.86012526096033404,-0.089692101740294516,1.5373134328358211,0.86070686070686075,-0.089692101740294516,1.5563909774436091,0.86070686070686075,-0.089692101740294516,1.5563909774436091,0.86070686070686075,-0.089692101740294516,1.5563909774436091,86.070686070686065,1.4897960149591654,1.2462526275502959,4.3587907269478006,22.344312901845854,0,0,-0.19264705882352939,780,-0.2961538461538461,2026-05-29,437,44400,0.56441551396799561,0.0027548209366390353,-0.0041666666666666519,0.38920531597504748,0.0043243243243243244,0,0,0,1,0.84644407033920288,0.99937757499529722,2026-05
2026-05-01,645,648,515,515,9487800,6085,-0.16260162601626016,-0.1953125,-0.04629629629629628,0.16780045351473927,0.53502235469448589,0.80575027334204052,1.1539104427167461,-0.088818117480537917,0.74898520154663017,0.065149948293691917,0.98094620707623692,0.34993447459983384,1.5120975935498626,0.51613283634817519,1.5407031148824779,71.282051282051285,0.13608876729639821,-0.97744360902255634,0,0.022556390977443608,0.258252427184466,0.048780487804878092,0.46052631578947367,-0.28472222222222221,0.51470588235294112,0.57792875995870041,-0.28472222222222221,1.198036676449528,0.63984539511752525,-0.28472222222222221,2.4151192942830439,0.69154378502758529,-0.28472222222222221,8.2960286248264623,54.434318119335735,0.77236567386591881,1.2847965370706029,0.73416097993007168,22.309684221607856,2,2,-0.062135922330097126,540,-0.10555555555555551,2026-05-13,615,15236600,0.42175210197992946,-0.00048076923076922906,-0.0068755795559919397,0.27908868999186331,0.038503850385038507,0,0,0,1,0.83767342567443848,0.99906405721515068,2026-05
2026-05-07,540,615,536,615,11750600,6085,0.19417475728155331,0,-0.0390625,0.19186046511627897,0.69889502762430933,1.1932953401812139,2.2522473831298644,0.051282051282051322,0.93017917106665127,0.20872641509433953,1.1660059636919322,0.54433368125247461,1.7270579416725151,0.75550021739889872,1.8463339376167403,73.64705882352942,0.11994192940848214,0.94936708860759489,0.050632911392405063,0,0.12845528455284552,0.048543689320388328,0.7050561797752809,-0.14583333333333337,0.68956043956043955,0.78381716973494409,-0.14583333333333337,1.6248399145950674,0.81553056823092751,-0.14583333333333337,3.0782492543380036,0.8420102313555925,-0.14583333333333337,10.101082726734512,76.271186440677965,0.91624283741613821,1.3077310462120402,1.1327863670563563,22.701037129025412,2,2,-0.13821138211382111,645,-0.17829457364341084,2026-05-14,515,9487800,0.65202061296446978,0.0066889632107023367,0.0022603126765869952,0.36886357472199621,0.017797552836484983,0,0,0,1,0.86464565992355347,0.99986168333228831,2026-05
2026-05-11,600,604,521,580,6384100,6085,0.017543859649122862,-0.056910569105691033,0.12621359223300965,-0.09375,0.52631578947368429,1.3878139751916834,1.7527290384464278,0.0017271157167531026,0.63271932241420659,0.06188209447088977,0.61595713067271807,0.34736450951560638,0.8807161500725641,0.56950824848536685,0.99717596193796487,72.051089406461301,0.14230295566502463,-0.24096385542168675,0.71084337349397586,0.048192771084337352,0.14310344827586208,0.052631578947368363,0.5718654434250765,-0.19444444444444442,0.47582697201017821,0.70649895178197064,-0.19444444444444442,1.3868312757201644,0.72815533980582525,-0.19444444444444442,1.8292682926829267,0.78787878787878785,-0.19444444444444442,8.6666666666666661,66.942148760330582,0.787487809494542,1.2082756139341659,-0.20918118761767465,22.032349185960033,1,3,-0.02931034482758621,580,-0.02931034482758621,2026-05-18,570,7590600,0.50067805804176835,0.00033613445378155582,-0.00079808459696728562,0.38812042310821804,0.5130434782608696,0,0,0,0,0.8378223180770874,0.99906958988185912,2026-05
2026-05-22,52,75,49,66,48716000,6659,0.46666666666666656,0.19999999999999996,0.1785714285714286,1,0.78378378378378377,0.69230769230769229,0.83333333333333326,0.28404669260700399,1.6112953404207044,0.52073732718894017,3.06618261648926,0.63975155279503104,5.6134577337145082,0.69339320076972411,9.336510920800837,74.193548387096769,0.11255411255411256,0.53846153846153844,0.11538461538461539,0.34615384615384615,0.39393939393939392,0.15555555555555545,0.79069767441860461,-0.12,1.0625,0.79069767441860461,-0.12,1.0625,0.79069767441860461,-0.12,1.0625,0.79069767441860461,-0.12,1.0625,79.069767441860463,1.2651365611873335,0.836127281386566,2.520609097497656,21.891172818526581,2,2,0.18181818181818188,79,-0.012658227848101222,2026-05-29,45,12979300,0.56441551396799561,0.0027548209366390353,-0.0041666666666666519,0.38920531597504748,0.50378378378378375,0,0,0,0,0.87330937385559082,0.9999538944440961,2026-05
2026-05-25,79,96,75,96,41475300,6659,0.45454545454545459,1.1333333333333333,0.74545454545454537,1.7428571428571429,1.5945945945945947,1.4615384615384617,1.5945945945945947,0.50943396226415083,1.0857516383670833,0.94726166328600425,2.0839869560192747,1.2273781902552203,3.8925559102132983,1.3733003708281828,6.6524182708809843,82.608695652173907,0.098958333333333329,0.80952380952380953,0.19047619047619047,0,0.21875,0.19696969696969702,1,0,2,1,0,2,1,0,2,1,0,2,100,1.3957305673198979,1.370253773886092,1.7796735538023656,22.104956819006667,1,2,-0.28125,105,-0.34285714285714286,2026-06-01,66,48716000,0.4147002983455384,-0.0018281535648994041,0,0.38974776240846215,0.0010672358591248667,0,0,0,1,0.86626303195953369,0.99988565822135833,2026-05
2026-05-26,105,115,69,80,64814900,6659,-0.16666666666666663,0.21212121212121215,0.77777777777777768,0.4285714285714286,1.2222222222222223,1.0512820512820511,1.0512820512820511,0.16959064327485374,1.5861862214619415,0.48975791433891991,2.4703737639536407,0.77187153931339991,4.689878883501029,0.92887281494876417,8.2889837171062624,70.09345794392523,0.15892857142857142,-0.54347826086956519,0.2391304347826087,0.21739130434782608,0.57499999999999996,0.09375,0.57831325301204817,-0.30434782608695654,1.5,0.57831325301204817,-0.30434782608695654,1.5,0.57831325301204817,-0.30434782608695654,1.5,0.57831325301204817,-0.30434782608695654,1.5,57.831325301204821,1.0197187450840774,1.4851716368023828,2.4524132483356222,22.369072708029094,1,3,0.037500000000000089,75,0.10666666666666669,2026-06-02,96,41475300,0.44887442365066449,0,-0.0058102001291155947,0.40059669107675616,0.97530864197530864,0,0,0,0,0.85864889621734619,0.99974273099805622,2026-05
2026-05-28,85,95,73,85,45539600,6659,0.21428571428571419,0.0625,-0.11458333333333337,0.88888888888888884,1.4285714285714284,1.2972972972972974,1.2972972972972974,0.070528967254408048,1.0218778932704913,0.36876006441223819,1.3911559098068493,0.72764227642276413,2.6756073708518984,0.95514663599769967,4.823120254714671,68.461538461538467,0.17983193277310924,0,0.54545454545454541,0.45454545454545453,0.25882352941176473,0.21428571428571419,0.63855421686746983,-0.26086956521739135,1.65625,0.63855421686746983,-0.26086956521739135,1.65625,0.63855421686746983,-0.26086956521739135,1.65625,0.63855421686746983,-0.26086956521739135,1.65625,63.855421686746986,0.96638627452240056,1.5601708630210032,1.3271458140200734,22.076744091822906,2,2,0.03529411764705892,90,-0.022222222222222254,2026-06-04,70,22277300,0.46379170056956875,0,-0.0010660980810234255,0.38459452129102251,0.58144552319309606,0,0,0,0,0.8787238597869873,0.99998155777763842,2026-05
2026-05-29,90,93,78,78,19743800,6659,-0.082352941176470629,0.11428571428571432,-0.025000000000000022,0.18181818181818188,1.3636363636363638,1.1081081081081079,1.1666666666666665,-0.046454767726161306,0.50925221394380937,0.1711711711711712,0.57224889369117027,0.52195121951219514,1.0993898836619453,0.75182481751824826,1.9943197070106189,64.963503649635044,0.20879120879120877,-0.80000000000000004,0,0.20000000000000001,0.19230769230769232,0.058823529411764719,0.54878048780487809,-0.32173913043478264,1.3636363636363638,0.55421686746987953,-0.32173913043478264,1.4375,0.55421686746987953,-0.32173913043478264,1.4375,0.55421686746987953,-0.32173913043478264,1.4375,55.421686746987952,0.83517724317719655,1.5572394311873305,0.084292500296666323,21.15505890331524,2,3,0.012820512820512775,72,0.097222222222222321,2026-06-05,85,45539600,0.51966368321128287,0.0011737089201877549,-0.0018115942028985588,0.42148087876322216,0.97261774370208109,0,0,0,0,0.84615755081176758,0.99936743177299836,2026-05
2026-05-15,80,81,68,68,105673800,6740,-0.028571428571428581,-0.042253521126760618,-0.093333333333333379,-0.17073170731707321,-0.25274725274725274,-0.17073170731707321,-0.25274725274725274,-0.068493150684931559,1.7347604468485032,-0.16971916971916978,1.2373562534007925,-0.25845147219193021,1.219639025452629,-0.2429724464236015,0.9514712417759098,22.727272727272734,0.14915966386554622,-0.92307692307692313,0,0.076923076923076927,0.19117647058823528,0.14285714285714279,0,-0.45161290322580649,0,0,-0.45161290322580649,0,0.1111111111111111,-0.58536585365853666,0.21428571428571419,0.323943661971831,-0.58536585365853666,2.0909090909090908,0,0.073077603089560503,0.60538279102313919,0.34486548069586132,22.695375254096597,3,5,-0.014705882352941124,68,-0.014705882352941124,2026-05-22,70,58783800,0.44643341470029835,0,-0.0092250922509224953,0.37564415513967997,0.39835728952772076,0,0,0,0,0.84694677591323853,0.99939232877318651,2026-05
2026-05-21,848,955,781,955,1757300,6840,0.18633540372670798,0.17901234567901225,0.075450450450450512,0.25,0.38606676342525392,0.80529300567107742,0.997907949790795,0.13798856053384179,1.783952246563661,0.19330251155816569,1.6724085423883666,0.4014234353217403,2.1214590538966251,0.64740382956701725,3.096236521248855,74.584323040380042,0.095661929693343306,0.61494252873563215,0.38505747126436779,0,0.18219895287958116,0.053416149068322927,1,0,0.45801526717557262,1,0,0.86159844054580903,1,0,1.3012048192771086,1,0,1.3012048192771086,100,1.007441468363125,0.79107337564789204,1.3680161189053204,21.241000439259537,2,3,0.19162303664921465,1105,0.029864253393665052,2026-05-28,805,671700,0.59750474640629236,0.0037523452157599557,-0.0097560975609756184,0.3553024138866287,0.82419855222337124,0,0,0,0,0.85001659393310547,0.9994882283294666,2026-05
2026-05-11,495,519,386,417,9485400,7162,-0.089519650655021876,0.10317460317460325,0.39932885906040272,0.86995515695067271,0.78205128205128216,0.80519480519480524,0.97630331753554511,0.17863199547767095,2.8538676775882301,0.43892339544513459,5.6692546305427554,0.59556150755691584,10.915744592705115,0.71710932674490424,19.633732994561363,77.809798270893367,0.079136690647482008,-0.5864661654135338,0.23308270676691728,0.18045112781954886,0.31894484412470026,0.080786026200873273,0.66112956810631229,-0.19653179190751446,0.91284403669724767,0.66112956810631229,-0.19653179190751446,0.91284403669724767,0.67412140575079871,-0.19653179190751446,1.0242718446601944,0.68224299065420557,-0.19653179190751446,1.106060606060606,66.112956810631232,1.0658225559422125,1.0525587948065833,3.7878735805190846,22.098350554363954,1,2,-0.20383693045563545,415,-0.19999999999999996,2026-05-18,458,4933500,0.50067805804176835,0.00033613445378155582,-0.00079808459696728562,0.38812042310821804,0.030978260869565219,0,0,0,1,0.83655959367752075,0.99901795165924678,2026-05
2026-05-08,360,434,350,434,1086900,7256,0.22598870056497167,0.25797101449275361,0.25797101449275361,0.13910761154855633,0.53900709219858145,0.65648854961832059,0.57246376811594213,0.17297297297297298,0.79426207944813076,0.18223917188776895,0.24140351188916181,0.35646194717924673,0.44984882943697502,0.45747628242800786,0.66463649538625236,68.287037037037038,0.09660961158657011,0.88095238095238093,0.11904761904761904,0,0.19354838709677419,0.016949152542372836,0.89230769230769236,-0.046153846153846101,0.6692307692307693,0.89552238805970152,-0.046153846153846101,0.70866141732283472,0.89805825242718451,-0.046153846153846101,0.74297188755020072,0.92976588628762546,-0.046153846153846101,1.7820512820512819,89.230769230769226,0.98354425937416323,0.73718577000708219,-0.29455898083530824,19.971884701771611,0,2,0.020737327188940169,514,-0.13813229571984431,2026-05-15,354,739700,0.46026579875237322,0,0.0049902364938163579,0.37455926227285058,0.07399577167019028,0,0,0,1,0.86231058835983276,0.99981649988750243,2026-05
2026-05-12,483,498,448,477,3614200,7256,-0.071984435797665336,0.099078341013824955,0.34745762711864403,0.38260869565217392,0.38260869565217392,0.697508896797153,0.63917525773195871,0.12288135593220328,1.5679146240943993,0.17719644619940778,0.68879952735796912,0.39188794864312815,1.2793628318584072,0.5449392712550607,2.0573481089127368,68.85553470919325,0.10557053009883198,-0.12,0.57999999999999996,0.29999999999999999,0.10482180293501048,-0.060311284046692615,0.80526315789473679,-0.071984435797665336,0.47222222222222232,0.85433070866141736,-0.071984435797665336,0.83461538461538454,0.85984848484848486,-0.071984435797665336,0.90799999999999992,0.8960674157303371,-0.071984435797665336,2.018987341772152,85.433070866141733,0.94129486717481892,0.88804103059708073,0.1751864951521572,21.267897580414598,1,1,-0.088050314465408785,493,-0.11764705882352944,2026-05-19,514,5364900,0.3737455926227285,-0.0027114967462038564,0.0022222222222221255,0.37537293192297261,0.093110871905274492,0,0,0,1,0.84572768211364746,0.99935544432846335,2026-05
2026-06-30,51,65,45,65,13329500,2388,0.51162790697674421,1.03125,0.91176470588235303,0.85714285714285721,0.66666666666666674,0.51162790697674421,0.14035087719298245,0.5625,2.6860345147223588,0.65394402035623411,5.2268654492410374,0.66240409207161122,10.099330221845072,0.52135751901696903,17.93793483965603,81.395348837209298,0.067032967032967031,0.69999999999999996,0.29999999999999999,0,0.30769230769230771,0.18604651162790709,1,0,1.03125,1,0,1.03125,1,0,1.03125,1,0,1.03125,100,1.4980454288619502,0.66370134356202237,3.2983873832002057,20.579877453123867,1,2,-0.38461538461538458,69,-0.42028985507246375,2026-07-07,43,11046300,0.44432403142779736,0,0.0098820018988200475,0.59441885667840688,0.0010964912280701754,0,0,0,1,0.84022867679595947,0.99928445728627702,2026-06
2026-06-02,93,118,92,102,20899800,3624,0.15909090909090917,0.75862068965517238,0.92452830188679247,1.04,0.69999999999999996,0.32467532467532467,0.19999999999999996,0.43258426966292118,3.2268414015433406,0.57894736842105288,5.9758276886478203,0.49450549450549453,11.15039573613323,0.36045348449483172,20.00641360066242,65.168539325842701,0.10714285714285715,0.34615384615384615,0.038461538461538464,0.61538461538461542,0.25490196078431371,0.056818181818181879,0.77142857142857146,-0.13559322033898302,1.125,0.77142857142857146,-0.13559322033898302,1.125,0.77142857142857146,-0.13559322033898302,1.125,0.77142857142857146,-0.13559322033898302,1.125,77.142857142857139,1.1580810581044438,0.75143553885274061,4.100294989968817,21.480222961264626,0,1,-0.43137254901960786,103,-0.43689320388349517,2026-06-09,88,645600,0.26545553145336226,-0.0071392165428862397,-0.016040329972502265,0.30016268980477223,0.0010351966873706005,0,0,0,1,0.86389881372451782,0.99991918362751098,2026-06
2026-06-17,1000,1050,591,660,6959700,4179,-0.057142857142857162,0.10000000000000009,0.32000000000000006,0.94117647058823528,1.0754716981132075,1.1639344262295084,1.4626865671641789,0.14583333333333326,3.7821989870225856,0.35635018495684334,4.496075454633548,0.65621079046424091,8.9217200689668434,0.90489934338696854,16.087607269785316,74.609929078014176,0.1435064935064935,-0.7407407407407407,0.15032679738562091,0.10893246187363835,0.69545454545454544,0.4285714285714286,0.46206896551724136,-0.37142857142857144,1.0307692307692307,0.48684210526315791,-0.37142857142857144,1.2758620689655173,0.50191570881226055,-0.37142857142857144,1.4719101123595504,0.50632911392405067,-0.37142857142857144,1.5384615384615383,47.51009421265141,1.0319710500802506,1.2335460554954034,3.9342809740612639,22.247886763171522,1,1,-0.23939393939393938,590,-0.14915254237288134,2026-06-24,700,27400,0.62970994849552719,0.0047281323877068626,0.0056546367283289989,0.481160206017891,0.015957446808510637,0,0,0,1,0.85650217533111572,0.99978116015988927,2026-06
2026-06-26,450,539,450,539,988500,4179,0.17429193899782125,0.07370517928286846,0.1794310722100656,0.067326732673267387,0.078000000000000069,0.72204472843450485,0.82094594594594605,0.10496104961049602,0.998686603354213,-0.013543191800878485,0.64902662420800372,0.15603217158176941,0.83384297433518206,0.40355445609009832,1.6070296369755004,56.658878504672899,0.21137026239067055,1,0,0,0.16512059369202226,-0.019607843137254943,0.17580645161290323,-0.48666666666666669,0.25348837209302322,0.31132075471698112,-0.48666666666666669,0.75,0.33463541666666669,-0.48666666666666669,0.91134751773049638,0.35152284263959394,-0.48666666666666669,1.0572519083969465,29.517241379310345,0.66837039225492056,0.92671977235480574,-0.13047111459066077,20.093659494378677,1,3,-0.07235621521335811,555,-0.099099099099099086,2026-07-03,459,626200,0.46504065040650405,0,-0.0031570639305446013,0.50514905149051492,0.014476614699331848,0,0,0,0,0.83395254611968994,0.9990165827931955,2026-06
2026-06-29,430,430,395,430,1788000,4265,0.22857142857142865,0.37380191693290743,0.35220125786163514,0.25364431486880457,0.82978723404255317,0.84549356223175964,0.53571428571428581,0.20044667783361247,1.1748626698557048,0.30461165048543681,2.039629033913966,0.54676258992805749,3.7008672613996234,0.62371377324648369,6.8980816157251565,80.346820809248555,0.10946843853820598,0,1,0,0.081395348837209308,0.22857142857142865,1,0,0.82978723404255317,1,0,1.0673076923076925,1,0,1.0673076923076925,0.69374999999999998,-0.18560606060606055,1.0673076923076925,100,1.1170262286163251,0.88612536156553179,1.8738368041663511,20.460393444703865,1,2,-0.21395348837209305,385,-0.12207792207792212,2026-07-06,350,1133500,0.65718157181571812,0.0066666666666665986,0.0020202020202020332,0.60081300813008132,0.0098792535675082324,0,0,0,1,0.83551591634750366,0.99907560598658629,2026-06
2026-06-30,385,465,372,456,1692700,4265,0.060465116279069697,0.30285714285714294,0.45686900958466459,0.19999999999999996,0.78823529411764715,1.0821917808219177,0.6581818181818182,0.22121049812533489,1.27874474964494,0.3039748355733487,1.634685028344069,0.57322753148180072,2.993836167635016,0.69296454427325038,5.6281223244640612,81.940700808625337,0.10933583959899748,0.76344086021505375,0.13978494623655913,0.096774193548387094,0.20394736842105263,-0.10465116279069764,0.9598214285714286,-0.019354838709677469,0.89211618257261405,0.96498054474708173,-0.019354838709677469,1.1923076923076925,0.96498054474708173,-0.019354838709677469,1.1923076923076925,0.77500000000000002,-0.13636363636363635,1.1923076923076925,96.428571428571431,1.083790006885325,0.98190706370621539,1.5314984733711616,20.464328255987127,0,2,-0.29166666666666663,432,-0.25231481481481477,2026-07-07,430,1788000,0.44432403142779736,0,0.0098820018988200475,0.59441885667840688,0.0032894736842105261,0,0,0,1,0.84408491849899292,0.9994206646556405,2026-06
2026-06-08,690,915,687,915,1285400,4422,0.19607843137254899,0.37593984962406024,0.35756676557863498,0.29420084865629414,0.097122302158273444,-0.018240343347639465,0.23481781376518218,0.23581847649918974,3.7857100783412854,0.24269998641857948,5.3908740144271095,0.14920874152223051,5.0489021564083432,-0.036055729674207893,1.3272104471100854,59.219858156028373,0.073770491803278687,0.98684210526315785,0.013157894736842105,0,0.24918032786885247,-0.098039215686274495,1,0,0.39269406392694073,0.60705882352941176,-0.15434380776340106,0.39269406392694073,0.26515930113052416,-0.43865030674846628,0.39269406392694073,0.45751138088012139,-0.43865030674846628,1.9326923076923075,100,0.79635523966902944,0.50347934353672108,3.9229155483387315,20.885504578045083,1,3,-0.31475409836065571,892,-0.297085201793722,2026-06-15,765,185500,0.23129067245119306,-0.010959684622255106,-0.011506829971125787,0.27114967462039047,0.001088139281828074,0,0,0,1,0.84684169292449951,0.99951782591245319,2026-06
2026-06-05,266,323,266,320,5772500,6085,0.21212121212121215,0.29032258064516125,0.13475177304964547,-0.01538461538461533,-0.34020618556701032,-0.43859649122807021,0.21997718220472584,0.084745762711864403,1.0577342407218062,-0.11406423034330004,1.1413922513850936,-0.26131117266851334,1.2087309215251472,-0.24422689671145725,0.97474486295948415,31.04524180967239,0.20982142857142855,0.94736842105263153,0,0.052631578947368418,0.17812500000000001,0.007575757575757569,0.29999999999999999,-0.41176470588235292,0.4285714285714286,0.25263157894736843,-0.4701986754966887,0.4285714285714286,0.19354838709677419,-0.55555555555555558,0.4285714285714286,0.29725930754639074,-0.55555555555555558,1.1220158721758717,26.666666666666668,0.22557052396170416,0.95219790687516437,0.56694379704291753,21.336936816545919,1,2,0.071874999999999911,314,0.092356687898089262,2026-06-12,264,3686000,0.71800433839479394,0.0095087168106756659,-0.011435832274459989,0.36252711496746204,0.98101265822784811,0,0,0,0,0.83642089366912842,0.99911465209913719,2026-06
2026-06-19,948,1113,936,1113,987500,6217,0.15576323987538943,0.19037433155080219,0.19806243272335844,0.23666666666666658,0.073288331726133027,-0.40161290322580645,0.035348837209302264,0.15122052130740582,2.0419768403639371,0.16082603254067585,3.0464291223199136,-0.043937636902461108,3.4114070542715997,-0.25800000000000001,1.5311442492935416,31.730769230769226,0.10993453985367732,0.93220338983050843,0.067796610169491525,0,0.15902964959568733,-0.015576323987538943,1,0,0.28078250863060994,0.22141560798548093,-0.43531202435312022,0.28078250863060994,0.1325366648560565,-0.5892988929889299,0.28078250863060994,0.29616571176729839,-0.5892988929889299,1.5238095238095237,43.262411347517734,0.45294154513303503,0.93368209871474817,2.3759467561923939,20.817746127942804,0,1,-0.057502246181491468,1413,-0.25760792639773533,2026-06-26,963,1145200,0.36351314719436162,-0.0029972168700492796,0.0056603975094251524,0.48359989156953104,0.0044004400440044002,0,0,0,1,0.88402658700942993,0.99999727585261278,2026-06
2026-06-02,73,85,73,83,28366700,6659,0.20289855072463769,0.064102564102564097,-0.02352941176470591,0.037500000000000089,0.48214285714285721,1.3055555555555554,1.2432432432432434,0.077922077922077948,1.1125819139105784,0.141678129298487,0.85495456640140999,0.50226244343891402,1.429772464832427,0.78590640129101663,2.6161820971272602,64.779874213836479,0.21772805507745269,0.83333333333333337,0,0.16666666666666666,0.14457831325301204,0.057971014492753659,0.54285714285714282,-0.27826086956521734,0.84444444444444455,0.61445783132530118,-0.27826086956521734,1.59375,0.61445783132530118,-0.27826086956521734,1.59375,0.61445783132530118,-0.27826086956521734,1.59375,61.445783132530117,0.83652312864380074,1.4925049742139513,0.41405865536443143,21.579567088184263,2,3,-0.16867469879518071,78,-0.11538461538461542,2026-06-09,69,11554000,0.26545553145336226,-0.0071392165428862397,-0.016040329972502265,0.30016268980477223,0.044513457556935816,0,0,0,1,0.85168498754501343,0.99965948157659124,2026-06
2026-06-04,77,92,75,88,23555200,6659,0.14285714285714279,0.06024096385542177,0.2753623188405796,0.03529411764705892,0.95555555555555549,1.4444444444444446,1.3157894736842106,0.11392405063291133,1.2245576969465077,0.11111111111111116,0.73840405139160792,0.47034252297410184,1.0935505900387696,0.80512820512820515,2.0199939542192902,65.895953757225428,0.2232142857142857,0.6470588235294118,0.11764705882352941,0.23529411764705882,0.19318181818181818,0,0.59090909090909094,-0.23478260869565215,0.79591836734693877,0.67469879518072284,-0.23478260869565215,1.75,0.67469879518072284,-0.23478260869565215,1.75,0.67469879518072284,-0.23478260869565215,1.75,67.073170731707322,0.83326237114036028,1.4113280217165811,0.1020777926766032,21.452193975807155,1,3,-0.36363636363636365,84,-0.33333333333333337,2026-06-11,77,12958700,0.2841648590021692,-0.0057578821735238539,-0.017957351290684653,0.27657266811279829,0.0031413612565445027,0,0,0,1,0.84025013446807861,0.99928445728627702,2026-06
2026-06-25,68,77,65,75,24391000,6659,0.19047619047619047,0.171875,0.41509433962264142,0.36363636363636354,0.33928571428571419,-0.11764705882352944,1.0270270270270272,0.22549019607843124,1.4469514416123563,0.27768313458262339,2.229432975791672,0.13207547169811318,1.9440628610346948,0.29926375054135979,1.6498972323246193,46.774193548387103,0.12095238095238095,0.58333333333333337,0.25,0.16666666666666666,0.16,0.079365079365079305,0.9285714285714286,-0.025974025974025983,0.53061224489795911,0.59090909090909094,-0.19354838709677424,0.53061224489795911,0.51807228915662651,-0.34782608695652173,1.34375,0.51807228915662651,-0.34782608695652173,1.34375,78.787878787878782,0.70121589679541496,0.65638686506166111,1.2157820002322213,21.327212883844574,1,2,-0.23999999999999999,70,-0.18571428571428572,2026-07-02,63,11249300,0.59756097560975607,0.0036290470093287563,-0.0057142857142856718,0.491869918699187,0.0033707865168539327,0,0,0,1,0.84348630905151367,0.99940068757480049,2026-06
2026-06-01,223,274,191,208,57260700,8105,0.034825870646766122,0.3774834437086092,1.0594059405940595,0.85714285714285721,0.96226415094339623,0.50724637681159424,0.34193548387096784,0.36304062909567492,4.6850592129916757,0.58295281582952807,8.43555263537821,0.60431932124951793,14.081821613585864,0.54216867469879526,14.988799765459301,73.939393939393938,0.10061813186813186,-0.18072289156626506,0.20481927710843373,0.61445783132530118,0.39903846153846156,0.10945273631840791,0.63128491620111726,-0.24087591240875916,1.1894736842105265,0.63128491620111726,-0.24087591240875916,1.1894736842105265,0.63128491620111726,-0.24087591240875916,1.1894736842105265,0.63128491620111726,-0.24087591240875916,1.1894736842105265,63.128491620111731,1.1907860488163866,0.8748284976006343,4.3556176461438634,23.200663162283675,0,2,0.20192307692307687,216,0.15740740740740744,2026-06-08,201,469900,0.26193058568329719,-0.010075566750629705,-0.0084745762711864181,0.3524945770065076,0.98817204301075268,0,0,0,0,0.85025656223297119,0.999626791807944,2026-06
2026-06-02,216,284,190,276,51947400,8105,0.32692307692307687,0.37313432835820892,0.82781456953642385,1.7058823529411766,1.5090909090909093,1.0751879699248121,1.0294117647058822,0.47278548559231592,2.3211445178033321,0.86486486486486491,4.4018296258384657,1.0175438596491224,7.8927804413341063,0.99457994579945797,10.43479832914347,82.608695652173907,0.098602484472049695,0.63829787234042556,0.27659574468085107,0.085106382978723402,0.34057971014492755,0.038461538461538547,0.95767195767195767,-0.028169014084507005,1.905263157894737,0.95767195767195767,-0.028169014084507005,1.905263157894737,0.95767195767195767,-0.028169014084507005,1.905263157894737,0.95767195767195767,-0.028169014084507005,1.905263157894737,95.767195767195773,1.3149949952970759,1.2485277400730728,2.8289470449765299,23.386143091920765,0,1,-0.26086956521739135,250,-0.18400000000000005,2026-06-09,208,57260700,0.26545553145336226,-0.0071392165428862397,-0.016040329972502265,0.30016268980477223,0.009316770186335404,0,0,0,1,0.87007850408554077,0.99996458608396543,2026-06
2026-06-03,250,356,250,356,102967400,8105,0.28985507246376807,0.71153846153846145,0.77114427860696511,2.5247524752475248,2.4230769230769229,1.6969696969696968,2.0956521739130434,0.49328859060402674,2.4162572199738963,1.0554272517321017,4.6878006207156213,1.4054054054054053,8.8096077371133674,1.4653739612188366,13.938298089070235,87.947882736156359,0.096508828250401274,1,0,0,0.29775280898876405,-0.094202898550724612,1,0,2.7473684210526317,1,0,2.7473684210526317,1,0,2.7473684210526317,1,0,2.7473684210526317,100,1.3121927098155826,1.7303841667386035,3.465045790533948,24.324853722120618,0,0,-0.3792134831460674,355,-0.37746478873239442,2026-06-10,276,51947400,0.51328633405639912,0.0010947304338655428,-0.011864406779661052,0.31860086767895879,0.0010224948875255625,0,0,0,1,0.87538301944732666,0.99999091950870911,2026-06
2026-06-04,355,369,276,276,55781000,8105,-0.2247191011235955,0,0.32692307692307687,0.82781456953642385,1.5090909090909093,1.0444444444444443,1.28099173553719,0.047835990888382751,1.0390371438874866,0.4541622760800843,2.0346638050084369,0.78007094485649775,3.8719865614349276,0.86140617096611027,6.4221596225753634,70.129870129870127,0.14725672877846793,-0.84946236559139787,0,0.15053763440860216,0.33695652173913043,-0.0028089887640448952,0.66058394160583944,-0.25203252032520329,1.905263157894737,0.66058394160583944,-0.25203252032520329,1.905263157894737,0.66058394160583944,-0.25203252032520329,1.905263157894737,0.66058394160583944,-0.25203252032520329,1.905263157894737,66.058394160583944,0.93373169203445483,1.7985103675442977,1.4828848666778018,23.45734473335763,1,1,-0.13405797101449279,260,-0.080769230769230815,2026-06-11,356,102967400,0.2841648590021692,-0.0057578821735238539,-0.017957351290684653,0.27657266811279829,0.12670157068062826,0,0,0,0,0.84892094135284424,0.99958865374452222,2026-06
2026-06-05,260,292,216,238,49066800,8105,-0.1376811594202898,-0.3314606741573034,-0.1376811594202898,0.18407960199004969,1.0695652173913044,0.76296296296296306,0.98333333333333339,-0.12112259970457906,0.77386740974559287,0.17763483424047499,1.5241696197372803,0.4856429463171037,2.9183212283799227,0.57381385352950898,4.9642014431723993,66.17647058823529,0.18757503001200482,-0.28947368421052633,0.28947368421052633,0.42105263157894735,0.31932773109243695,-0.057971014492753659,0.52189781021897808,-0.3550135501355014,1.5052631578947366,0.52189781021897808,-0.3550135501355014,1.5052631578947366,0.52189781021897808,-0.3550135501355014,1.5052631578947366,0.52189781021897808,-0.3550135501355014,1.5052631578947366,52.189781021897808,0.77083043118019967,1.793162401288563,1.1238197521300108,23.180963866735659,2,2,-0.033613445378151252,264,-0.12878787878787878,2026-06-12,276,55781000,0.71800433839479394,0.0095087168106756659,-0.011435832274459989,0.36252711496746204,0.035864978902953586,0,0,0,1,0.8454933762550354,0.99946879125948229,2026-06
2026-06-08,264,289,236,250,58365100,8105,0.050420168067226934,-0.094202898550724612,-0.297752808988764,0.20192307692307687,1.2321428571428572,0.79856115107913661,1.0661157024793386,-0.10458452722063039,0.91732188049013019,0.15794349235757288,1.5390114271369717,0.50829562594268474,2.9697089191606065,0.61864681126578192,5.1615918617405008,66.82692307692308,0.19085714285714286,-0.26415094339622641,0.26415094339622641,0.47169811320754718,0.21199999999999999,0.10924369747899165,0.56569343065693434,-0.3224932249322493,1.6315789473684212,0.56569343065693434,-0.3224932249322493,1.6315789473684212,0.56569343065693434,-0.3224932249322493,1.6315789473684212,0.56569343065693434,-0.3224932249322493,1.6315789473684212,56.569343065693431,0.78381357102972071,1.7909489813982733,1.2973888848965787,23.40368958435382,2,2,-0.19999999999999996,238,-0.15966386554621848,2026-06-15,238,49066800,0.23129067245119306,-0.010959684622255106,-0.011506829971125787,0.27114967462039047,0.026115342763873776,0,0,0,1,0.83712959289550781,0.99915188211342987,2026-06
2026-07-15,571,678,551,574,1453500,4381,-0.11827956989247312,0.041742286751361268,0.83974358974358965,2.1538461538461537,2.3179190751445087,1.2959999999999998,0.55555555555555558,0.23706896551724133,2.0681559476380191,0.77874186550976154,4.0616442184094339,1.1591122813616699,7.3901769371568031,1.059562253318981,13.788033296179476,82.646048109965633,0.092707814833250371,0.023622047244094488,0.15748031496062992,0.81889763779527558,0.22125435540069685,-0.12288786482334868,0.79527559055118113,-0.15339233038348088,2.3764705882352941,0.79527559055118113,-0.15339233038348088,2.3764705882352941,0.79527559055118113,-0.15339233038348088,2.3764705882352941,0.79527559055118113,-0.15339233038348088,2.3764705882352941,79.527559055118104,1.0404400377456897,2.1447564954599154,2.4347178267027467,20.54211439649923,1,1,-0.29790940766550522,614,-0.34364820846905542,2026-07-23,651,59500,0.656732592793281,0.0054054054054053502,0.010344827586206806,0.76618802492549443,0.0024125452352231603,0,0,0,1,0.85887771844863892,0.99975755155594859,2026-07
2026-07-16,614,647,488,580,835600,4381,0.010452961672473782,-0.10906298003072201,0.052631578947368363,1.5,2.3333333333333335,1.265625,0.5934065934065933,0.086956521739130377,0.96220722691785077,0.59647674098541148,1.8984868450947425,1.0563729835135613,3.5110718937770495,1.0415346708905315,6.6220232198755795,83.820998278829606,0.10997536945812808,-0.21383647798742139,0.57861635220125784,0.20754716981132076,0.27413793103448275,0.069686411149825878,0.80708661417322836,-0.14454277286135697,2.4117647058823528,0.80708661417322836,-0.14454277286135697,2.4117647058823528,0.80708661417322836,-0.14454277286135697,2.4117647058823528,0.80708661417322836,-0.14454277286135697,2.4117647058823528,80.70866141732283,0.97122711513904747,2.2417491472277691,1.1225398795187425,19.998933414268365,1,1,-0.36896551724137927,550,-0.33454545454545459,2026-07-24,574,1453500,0.30444203683640303,-0.0042283298097252064,0.0061728395061728669,0.7061213434452871,0.001201923076923077,0,0,0,1,0.84412145614624023,0.99939298753529759,2026-07
2026-07-08,295,379,278,379,8716600,4935,0.22653721682847894,0.13134328358208958,0.052777777777777812,0.51600000000000001,0.73059360730593603,0.94358974358974357,0.41417910447761197,0.12063867534003547,1.1530199211619354,0.31141868512110737,1.8867589634362798,0.50307356732103914,3.3532671522850159,0.56031288596130091,5.9208691857157651,71.83098591549296,0.11081794195250659,0.83168316831683164,0.16831683168316833,0,0.26649076517150394,-0.04530744336569581,0.83091787439613529,-0.08454106280193241,0.83091787439613518,0.84848484848484851,-0.08454106280193241,1.0710382513661201,0.84848484848484851,-0.08454106280193241,1.0710382513661201,0.84848484848484851,-0.08454106280193241,1.0710382513661201,83.091787439613526,1.0801083519231531,0.86720621355177652,1.9362750837698093,21.918276016979419,2,2,-0.12664907651715041,359,-0.077994428969359375,2026-07-15,309,4289500,0.34570577079382281,-0.0033296337402886067,0.018691588785046731,0.70658358168518021,0.016431924882629109,0,0,0,0,0.83886539936065674,0.99920669442939047,2026-07
2026-08-07,492,540,481,533,2307900,4052,0.15869565217391313,0.40263157894736845,0.5584795321637428,0.5584795321637428,0.66043613707165116,1.2777777777777777,1.1150793650793651,0.24707533926064573,1.7202081035151009,0.42399145070798827,2.0351851851851852,0.67399497487437188,3.432842481035252,0.93800563585128649,6.8055555555555554,69.60526315789474,0.13200214419726616,0.69491525423728817,0.1864406779661017,0.11864406779661017,0.11069418386491557,0.06956521739130439,0.97526501766784457,-0.012962962962962954,1.0739299610894943,0.977491961414791,-0.012962962962962954,1.3275109170305677,0.9780564263322884,-0.012962962962962954,1.4117647058823528,0.9780564263322884,-0.012962962962962954,1.4117647058823528,97.727272727272734,1.1426629269958397,1.0487534702289354,2.2502041550129714,20.930370003093916,0,1,0.088180112570356517,553,0.048824593128390603,2026-08-17,460,1244400,0.51082251082251084,0.00078311609067460708,0.0062630480167014113,0.5757575757575758,0.72614622057001244,0,0,0,0,0.84068810939788818,0.99942242431041495,2026-08
2026-08-10,553,633,552,633,1378400,4052,0.18761726078799246,0.37608695652173907,0.66578947368421049,0.5,0.57855361596009969,1.6485355648535567,1.5524193548387095,0.34795570698466771,0.87870056353112169,0.59245283018867934,1.2579626553744501,0.87222715173025711,1.8604776719733831,1.2237835938872301,3.6914589484537461,73.395565927654616,0.12186865267433987,0.98765432098765427,0.012345679012345678,0,0.12796208530805686,0.037523452157598447,1,0,1.463035019455253,1,0,1.728448275862069,1,0,1.8642533936651584,1,0,1.8642533936651584,100,1.1961886738152603,1.2528603014327555,0.87867516340911134,20.586904387486129,0,1,-0.13902053712480256,732,-0.25546448087431695,2026-08-18,533,2307900,0.58847402597402598,0.0036224977484571319,0.013435700575815668,0.60984848484848486,0.0011614401858304297,0,0,0,1,0.83756518363952637,0.9993154983102186,2026-08
2026-08-14,513,680,505,629,2200400,4052,0.078902229845626115,-0.14188267394270127,-0.0063191153238546516,0.36739130434782608,1.4007633587786259,1.5991735537190084,1.6995708154506439,0.010928961748633892,1.6729772060277055,0.24382044690527982,1.7808640476537334,0.57407407407407396,2.4861872210609568,0.99460916442048508,4.9470536657748596,64.72275334608031,0.16352486940722236,0.66285714285714281,0.045714285714285714,0.29142857142857143,0.27821939586645467,-0.12006861063464835,0.60999999999999999,-0.27114716106604864,1.3916349809885933,0.62916006339144215,-0.27114716106604864,1.7112068965517242,0.63551401869158874,-0.27114716106604864,1.8461538461538463,0.63551401869158874,-0.27114716106604864,1.8461538461538463,61.386138613861384,0.89607959323197772,1.4493906878404805,1.7778875939856109,21.048280977406396,1,1,-0.15580286168521462,619,-0.14216478190630044,2026-08-21,583,462200,0.64691558441558439,0.0052138550450435694,0.018780623585637479,0.71699134199134196,0.0044543429844097994,0,0,0,1,0.82993435859680176,0.99903153089986119,2026-08
2026-08-04,419,443,388,443,1980800,4381,0.22038567493112948,0.56537102473498235,0.62867647058823528,0.35889570552147232,0.07004830917874405,1.4207650273224042,0.64074074074074083,0.33193024654239323,2.4508178466259185,0.2671624713958809,2.7388244403578392,0.1521456436931079,3.1655825995237561,0.46980756469807572,6.0890548869522449,35.05747126436782,0.18155433731054499,0.43636363636363634,0.5636363636363636,0,0.12415349887133183,0.15426997245179064,1,0,0.6346863468634687,0.5281124497991968,-0.34660766961651912,1.4611111111111112,0.53740157480314965,-0.34660766961651912,1.6058823529411765,0.53740157480314965,-0.34660766961651912,1.6058823529411765,42.260442260442261,0.61234703959596815,1.3542470210186837,2.1773586708972918,20.592581132657159,0,2,0.069977426636568918,475,-0.0021052631578947212,2026-08-12,363,1188000,0.45833333333333331,0,-0.0016255757247358726,0.44696969696969696,0.23999999999999999,0,0,0,0,0.84796172380447388,0.99961962390094095,2026-08
2026-08-05,475,488,416,435,959300,4381,-0.018058690744920947,0.19834710743801653,0.53710247349823326,0.4403973509933774,0.22881355932203395,1.3641304347826089,0.67953667953667951,0.21102449888641428,1.048506973287282,0.21610287950796758,1.2310870988026641,0.095579901775594944,1.4247840842424198,0.42249836494440807,2.7482184422560429,38.915470494417868,0.17586206896551723,-0.55555555555555558,0.2638888888888889,0.18055555555555555,0.16551724137931034,0.072234762979684008,0.75576036866359442,-0.10860655737704916,0.60516605166051662,0.51008064516129037,-0.3584070796460177,1.3901098901098901,0.52165354330708658,-0.3584070796460177,1.5588235294117645,0.52165354330708658,-0.3584070796460177,1.5588235294117645,43.617021276595743,0.57770886011504807,1.2299743122481643,0.4692165292815994,19.849305164291106,1,2,-0.080459770114942541,409,-0.022004889975550168,2026-08-13,443,1980800,0.62012987012987009,0.0047406330467373303,0.0014727540500736325,0.54301948051948057,0.13947696139476962,0,0,0,0,0.8314480185508728,0.99909288188358036,2026-08
2026-08-20,194,244,192,244,3862000,5240,0.25773195876288657,0.20197044334975378,0.15639810426540279,0.14553990610328649,0.12442396313364057,0.45238095238095233,1.0677966101694913,0.15311909262759937,2.8356608954873197,0.15148655025955637,3.3092551176919187,0.15421002838221387,2.4909540057146176,0.34213421342134209,1.9388182847331865,60,0.088407494145199064,0.96153846153846156,0.038461538461538464,0,0.21311475409836064,0,0.94736842105263153,-0.012145748987854255,0.28421052631578947,0.81904761904761902,-0.072243346007604514,0.54430379746835444,0.72375690607734811,-0.17006802721088432,1.1592920353982299,0.72375690607734811,-0.17006802721088432,1.1592920353982299,94.736842105263165,0.96771157428614996,0.32971180714862275,1.5765628064241763,20.663863968325,2,3,-0.03688524590163933,260,-0.096153846153846145,2026-08-27,194,579700,0.76914749661705006,0.009966777408637828,0.003260363297624691,0.67063599458728007,0.017441860465116279,0,0,0,0,0.82964503765106201,0.99902364291624013,2026-08
2026-08-21,101,137,101,122,22537700,6085,0.21999999999999997,0.41860465116279078,0.2978723404255319,0.5844155844155845,0.60526315789473695,0.025210084033613356,-0.59333333333333327,0.26556016597510368,2.2336979898630904,0.39269406392694073,4.0407522948938608,0.37853107344632764,4.7551903114186853,-0.20792079207920799,5.5563444693445359,66.34615384615384,0.097775175644028101,0.58333333333333337,0,0.41666666666666669,0.29508196721311475,0.010000000000000009,0.75806451612903225,-0.10948905109489049,0.62666666666666671,0.78260869565217395,-0.10948905109489049,0.79411764705882359,0.22131147540983606,-0.60897435897435903,0.79411764705882359,0.14136125654450263,-0.72888888888888892,0.79411764705882359,78.260869565217391,1.0751295436532835,0.65816662980284124,3.7928777122045818,21.734721065650007,1,1,0.84426229508196715,142,0.58450704225352124,2026-08-28,100,5926200,0.49986468200270634,0,0,0.68525033829499327,1,1,1,1,0,0.84808492660522461,0.99962488255668835,2026-08
2026-08-24,142,172,130,137,28501300,6085,0.12295081967213117,0.37000000000000011,0.59302325581395343,0.71249999999999991,0.73417721518987333,0.14166666666666661,-0.54333333333333333,0.2708719851576995,2.0063764663479136,0.46680942184154173,3.4224778089455885,0.53329602686066035,4.698319809108555,-0.08636212070690219,6.032084995608419,83.168316831683171,0.102711157455683,-0.11904761904761904,0.16666666666666666,0.7142857142857143,0.30656934306569344,0.16393442622950816,0.63541666666666663,-0.20348837209302328,0.80263157894736836,0.66346153846153844,-0.20348837209302328,1.0147058823529411,0.28278688524590162,-0.5608974358974359,1.0147058823529411,0.1806282722513089,-0.69555555555555548,1.0147058823529411,66.019417475728162,1.2127645088146439,0.7482078867079861,3.2346366172364807,22.085441184317908,0,1,0.52554744525547448,155,0.34838709677419355,2026-08-31,122,22537700,0.53679653679653683,0.0014255167498218313,0.0016051405721824175,0.6961580086580087,0.9877600979192166,0,0,1,0,0.85101431608200073,0.99970025662240047,2026-08
2026-08-25,155,186,151,185,34724700,6085,0.35036496350364965,0.51639344262295084,0.85000000000000009,0.96808510638297873,1.4025974025974026,0.65178571428571419,-0.38741721854304634,0.46825396825396814,1.7528697337735106,0.77543186180422263,2.9648290117748912,0.989247311827957,4.5508927886893122,0.25828940656350952,6.2475902265074632,88.028169014084511,0.090733590733590733,0.8571428571428571,0.11428571428571428,0.028571428571428571,0.1891891891891892,0.13138686131386867,0.99090909090909096,-0.0053763440860215006,1.4342105263157894,0.99152542372881358,-0.0053763440860215006,1.7205882352941178,0.47950819672131145,-0.40705128205128205,1.7205882352941178,0.30628272251308902,-0.58888888888888891,1.7205882352941178,99.107142857142861,1.3706875879990148,1.1361679268925979,2.9152031536055478,22.583317632492495,0,1,0.16756756756756763,208,0.038461538461538547,2026-09-01,137,28501300,0.51190476190476186,0.00072346345469298523,0.0037747753025123565,0.71726190476190477,0.80878859857482188,0,0,0,0,0.86315631866455078,0.99993163747528435,2026-08
2026-08-26,208,235,203,235,24127400,6085,0.27027027027027017,0.71532846715328469,0.92622950819672134,1.7325581395348837,1.8658536585365852,1.3979591836734695,-0.14855072463768115,0.50834403080872903,1.0416146810536941,0.96652719665271958,1.7261710145155647,1.3535302954431647,2.8022027478018687,0.6095890410958904,3.9577672375400148,91.099476439790578,0.084498480243161103,0.84375,0.15625,0,0.13617021276595745,0.12432432432432439,1,0,2.0921052631578947,1,0,2.4558823529411766,0.7695852534562212,-0.17543859649122806,2.4558823529411766,0.43717277486910994,-0.47777777777777775,2.4558823529411766,100,1.3298247599843078,1.6311037711971386,1.5631083765652352,22.458444196427145,0,0,-0.1574468085106383,275,-0.28000000000000003,2026-09-02,185,34724700,0.56087662337662336,0.0019213430575563128,0.018239602393302023,0.72862554112554112,0.0024479804161566705,0,0,0,1,0.83460205793380737,0.99921295452314507,2026-08
2026-08-27,275,283,188,201,36140700,6085,-0.14468085106382977,0.086486486486486491,0.46715328467153294,1.0099999999999998,1.5443037974683542,1.3647058823529412,-0.25278810408921937,0.14204545454545459,1.2374256839948559,0.5261958997722096,2.0652371433763403,0.90250828206341693,3.5728535613166512,0.3929313929313929,5.1939707129822681,78.026905829596416,0.13113006396588486,-0.77894736842105261,0.1368421052631579,0.084210526315789472,0.47263681592039802,0.17021276595744683,0.60386473429951693,-0.28975265017667839,1.6447368421052633,0.61860465116279073,-0.28975265017667839,1.9558823529411766,0.61860465116279073,-0.28975265017667839,1.9558823529411766,0.34816753926701571,-0.55333333333333334,1.9558823529411766,60.57692307692308,1.0171411377612285,1.7451875632452929,2.2495191352884452,22.706235120257602,1,1,-0.084577114427860645,220,-0.16363636363636369,2026-09-03,235,24127400,0.4732142857142857,0,0.0076848012853621972,0.7318722943722944,0.0072727272727272727,0,0,0,1,0.83010011911392212,0.99903854244085766,2026-08
2026-08-28,220,243,211,225,22414000,6085,0.11940298507462677,-0.042553191489361653,0.21621621621621623,0.84426229508196715,1.9220779220779223,1.5,-0.10358565737051795,0.1444557477110886,0.76808621317116732,0.53583617747440271,1.1414899565791765,1.0017793594306048,2.0312803029067226,0.56630699617124947,3.0099622579685641,79.918032786885249,0.12920634920634921,0.15625,0.28125,0.5625,0.14222222222222222,0.094527363184079505,0.71707317073170729,-0.20494699646643111,1.8846153846153846,0.73023255813953492,-0.20494699646643111,2.3088235294117645,0.73023255813953492,-0.20494699646643111,2.3088235294117645,0.41099476439790578,-0.5,2.3088235294117645,71.980676328502412,1.0339777814986537,1.8760693686898855,0.96618828633588016,22.34129672399682,1,1,-0.28000000000000003,233,-0.30472103004291851,2026-09-04,201,36140700,0.53246753246753242,0.001236095831805395,0.0077490785459183309,0.72213203463203468,0.0011792452830188679,0,0,0,1,0.82945919036865234,0.99901575493261907,2026-08
2026-08-31,233,249,203,209,11700000,6085,-0.071111111111111125,0.039800995024875663,-0.11063829787234047,0.52554744525547448,1.6124999999999998,1.375,-0.12552301255230125,-0.0094786729857819774,0.45311323648328361,0.31116687578419078,0.584609480866781,0.76445757703672435,1.0293908689510638,0.46256123163051077,1.5210924824229313,75.581395348837205,0.15345181134654817,-0.52173913043478259,0.13043478260869565,0.34782608695652173,0.22009569377990432,0.035555555555555562,0.63,-0.2614840989399293,1.5180722891566263,0.65581395348837213,-0.2614840989399293,2.0735294117647061,0.65581395348837213,-0.2614840989399293,2.0735294117647061,0.36910994764397903,-0.53555555555555556,2.0735294117647061,64.251207729468604,0.90147588494166364,1.9041182937993986,0.028555883296736213,21.617433652141742,2,2,-0.076555023923444931,199,-0.030150753768844241,2026-09-07,225,22414000,0.55248917748917747,0.0019351461670268355,0.0080874008438528433,0.73944805194805197,0.25116822429906543,0,0,0,0,0.83059030771255493,0.99905694773597342,2026-08
2026-09-01,775,895,641,641,6065300,4052,-0.13959731543624165,-0.0062015503875969546,0.12062937062937062,0.25686274509803919,0.1761467889908257,0.51895734597156395,1.6932773109243699,0.030215364834458303,2.4996290923477629,0.11111111111111116,4.5875910476435395,0.14597300438008398,4.7541895938171157,0.52800953516090576,7.4622293307086611,43.390804597701148,0.15500334299086249,-0.52755905511811019,0,0.47244094488188976,0.39625585023400939,0.040268456375838868,0.35038363171355497,-0.28379888268156428,0.27182539682539675,0.55438596491228065,-0.28379888268156428,0.97230769230769232,0.61861861861861867,-0.28379888268156428,1.7991266375545854,0.62314540059347179,-0.28379888268156428,1.9004524886877827,35.038363171355499,0.71066521487156864,0.69291460609230615,3.4898941158338919,22.081124020453359,1,2,0.3884555382215289,621,0.43317230273752005,2026-09-08,745,1530900,0.46455627705627706,0,0.0078380177136128104,0.72889610389610393,0.99766627771295213,1,1,1,0,0.84767460823059082,0.99941199072654974,2026-09
2026-09-02,621,740,590,715,6456000,4052,0.11544461778471149,-0.040268456375838979,0.10852713178294571,0.40748031496062986,0.33395522388059695,1.0906432748538011,2.0555555555555554,0.077456298975286275,1.7472165238618464,0.20208473436449226,3.3256750770118377,0.23702422145328716,4.1518485887187531,0.65691443137709293,6.6279454754981098,60.645161290322584,0.12597402597402596,0.62666666666666671,0.20666666666666667,0.16666666666666666,0.20979020979020979,-0.03120124804992197,0.53964194373401531,-0.2011173184357542,0.41865079365079372,0.68421052631578949,-0.2011173184357542,1.2000000000000002,0.72972972972972971,-0.2011173184357542,2.1222707423580784,0.73293768545994065,-0.2011173184357542,2.2352941176470589,53.964194373401533,0.88558183863815398,0.61471832358712442,2.7662004615601692,22.252803031842564,1,1,0.45454545454545459,736,0.41304347826086962,2026-09-09,641,6065300,0.13558863328822734,-0.013422818791946289,-0.0058977719528178207,0.54857916102841675,0.99759615384615385,1,1,1,0,0.85299867391586304,0.99958727102392186,2026-09
2026-09-03,736,865,735,865,7605100,4052,0.20979020979020979,0.34945397815912638,0.16107382550335569,0.5122377622377623,0.55855855855855863,1.2763157894736841,2.6652542372881354,0.19772916089725823,1.5534498184091086,0.38223074464685203,2.849803645302476,0.43628061436280619,4.1485380754963996,0.93404136389044168,6.5328333913162995,66.298342541436469,0.10206440957886045,0.99230769230769234,0.0076923076923076927,0,0.15028901734104047,0.029370629370629286,0.92327365728900257,-0.033519553072625663,0.71626984126984117,0.93684210526315792,-0.033519553072625663,1.0595238095238093,0.95495495495495497,-0.033519553072625663,2.7772925764192138,0.95548961424332346,-0.033519553072625663,2.9140271493212668,92.327365728900261,1.1753490146896939,0.64600762697975678,2.6127839252423661,22.607059139916888,1,1,0.5491329479768785,970,0.38144329896907214,2026-09-10,715,6456000,0.44844384303112311,0,-0.0067039106145251326,0.51123139377537208,0.99652375434530704,1,0,1,0,0.87091320753097534,0.99994214886736976,2026-09
2026-09-01,199,219,181,216,12159800,6085,0.033492822966507241,-0.040000000000000036,0.074626865671641784,0.16756756756756763,1.2978723404255321,2.0857142857142859,0.0046511627906977715,-0.0055248618784530246,0.57065811666583754,0.25874125874125875,0.59145038568938912,0.71769383697813116,1.0439321518791731,0.51128214098303304,1.5384483999272514,75.769230769230774,0.15873015873015872,0.44736842105263158,0.47368421052631576,0.078947368421052627,0.17592592592592593,-0.047846889952153138,0.66500000000000004,-0.23674911660777387,1.6024096385542168,0.68691588785046731,-0.23674911660777387,2.1304347826086958,0.68837209302325586,-0.23674911660777387,2.1764705882352939,0.38743455497382201,-0.52000000000000002,2.1764705882352939,67.632850241545896,0.88222383339378496,1.8776794492527871,0.04394045463544017,21.688924395063513,1,2,-0.21296296296296291,208,-0.18269230769230771,2026-09-08,209,11700000,0.46455627705627706,0,0.0078380177136128104,0.72889610389610393,0.0058343057176196032,0,0,0,1,0.84648686647415161,0.99937572583743828,2026-09
