year,signal_date,symbol,detection_status,volr20_first_daily_rank,raw_pool_count_that_day,post_cooldown_count,cooldown_blocked_count,ret1_signal_time,ret10_signal_time,volr20_signal_time,tail_cdf_signal_time,tail_p_signal_time,previous_session_market_median_ret5,entry_date,exit_date,entry_price,exit_price,gross_5bd_return_pct,net_5bd_return_0pct,net_5bd_return_0_5pct,net_5bd_return_1pct,label_status,entry_fill_quality,label_definition
2022,2022-06-17 00:00:00,4222,DETECTED,1,1,1,0,0.00917431192660545,0.4824797843665769,6.133007800227992,0.9995320427565144,0.8128542304039001,-0.03283269330859184,2022-06-20 00:00:00,2022-06-24 00:00:00,550.0,452.0,-17.81818181818182,-17.81818181818182,-18.318181818181824,-18.818181818181824,RESOLVED,open_price_proxy_execution_unverified,v1_next_xtks_open_to_fifth_close_with_ohlcv_actionability_guards
2022,2022-07-13 00:00:00,7359,DETECTED,1,1,1,0,-0.020746887966805017,0.20305862361937121,1.5441045592086862,0.9996297832010426,0.8550382256507874,-0.0020000000949949026,2022-07-14 00:00:00,2022-07-21 00:00:00,716.5,727.5,1.535240753663647,1.535240753663647,1.035240753663647,0.535240753663647,RESOLVED,open_price_proxy_execution_unverified,v1_next_xtks_open_to_fifth_close_with_ohlcv_actionability_guards
2022,2022-07-19 00:00:00,4596,DETECTED,1,1,1,0,0.1853281853281854,0.49029126213592233,3.5726612890918656,0.9998371046084588,0.8716398477554321,0.0,2022-07-20 00:00:00,2022-07-26 00:00:00,303.0,274.0,-9.570957095709575,-9.570957095709575,-10.070957095709577,-10.570957095709575,RESOLVED,open_price_proxy_execution_unverified,v1_next_xtks_open_to_fifth_close_with_ohlcv_actionability_guards
2022,2022-08-01 00:00:00,7727,DETECTED,1,1,1,0,-0.10090090090090087,0.256926952141058,1.3405674838168966,0.9990487852878791,0.8269641995429993,-0.0018148954841308296,2022-08-02 00:00:00,2022-08-08 00:00:00,494.0,559.0,13.157894736842103,13.157894736842103,12.6578947368421,12.157894736842103,RESOLVED,open_price_proxy_execution_unverified,v1_next_xtks_open_to_fifth_close_with_ohlcv_actionability_guards
2022,2022-08-03 00:00:00,4575,DETECTED,1,1,1,0,-0.04252199413489732,-0.21419975932611313,0.7046901090918755,0.9990159847805646,0.8262035250663757,-0.004138951422646642,2022-08-04 00:00:00,2022-08-10 00:00:00,643.0,589.0,-8.398133748055992,-8.398133748055992,-8.898133748055992,-9.39813374805599,RESOLVED,open_price_proxy_execution_unverified,v1_next_xtks_open_to_fifth_close_with_ohlcv_actionability_guards
2022,2022-08-04 00:00:00,7727,DETECTED,1,1,1,0,-0.03476821192052981,0.16135458167330685,1.6125211828100308,0.9995626599024732,0.8477528095245361,-0.005402998998761177,2022-08-05 00:00:00,2022-08-12 00:00:00,573.0,533.0,-6.980802792321117,-6.980802792321117,-7.480802792321118,-7.980802792321116,RESOLVED,open_price_proxy_execution_unverified,v1_next_xtks_open_to_fifth_close_with_ohlcv_actionability_guards
2022,2022-08-10 00:00:00,2388,DETECTED,1,1,1,0,-0.01948051948051943,0.22764227642276413,8.23005326711277,0.9995407928975968,0.8469961881637573,0.0,2022-08-12 00:00:00,2022-08-18 00:00:00,146.0,146.0,0.0,0.0,-0.5,-1.0,RESOLVED,open_price_proxy_execution_unverified,v1_next_xtks_open_to_fifth_close_with_ohlcv_actionability_guards
2022,2022-09-06 00:00:00,4170,DETECTED,1,1,1,0,0.0596026490066226,0.35021097046413496,10.42087542087542,0.9991901177313066,0.8119409680366516,-0.008235294371843338,2022-09-07 00:00:00,2022-09-13 00:00:00,647.0,576.0,-10.973724884080372,-10.973724884080372,-11.473724884080372,-11.97372488408037,RESOLVED,open_price_proxy_execution_unverified,v1_next_xtks_open_to_fifth_close_with_ohlcv_actionability_guards
2022,2022-09-21 00:00:00,7692,DETECTED,1,1,1,0,-0.10306271934184574,0.5582770069447465,4.074276351720371,0.9990537165071056,0.8060508370399475,-0.010026314295828342,2022-09-22 00:00:00,2022-09-29 00:00:00,49.02777862548828,106.94444274902344,118.13030438508542,118.13030438508542,117.63030438508544,117.13030438508542,RESOLVED,open_price_proxy_execution_unverified,v1_next_xtks_open_to_fifth_close_with_ohlcv_actionability_guards
2022,2022-09-26 00:00:00,4422,DETECTED,1,1,1,0,0.08552633758397032,0.5363128491620113,2.890789172544369,0.9996163715569347,0.8335586786270142,-0.009756097570061684,2022-09-27 00:00:00,2022-10-03 00:00:00,549.6666870117188,356.6666564941406,-35.11219345797163,-35.11219345797163,-35.61219345797163,-36.11219345797163,RESOLVED,open_price_proxy_execution_unverified,v1_next_xtks_open_to_fifth_close_with_ohlcv_actionability_guards
2022,2022-10-03 00:00:00,9271,DETECTED,1,1,1,0,0.06702898550724634,0.14368932038834958,1.951850566371123,0.9994610464209227,0.832981288433075,-0.022842640057206154,2022-10-04 00:00:00,2022-10-11 00:00:00,594.0,611.0,2.8619528619528545,2.8619528619528545,2.3619528619528545,1.8619528619528543,RESOLVED,open_price_proxy_execution_unverified,v1_next_xtks_open_to_fifth_close_with_ohlcv_actionability_guards
2022,2022-10-14 00:00:00,7692,DETECTED,1,1,1,0,-0.0537791131701959,-0.15454546492215193,1.3372635895933649,0.999921993560923,0.8662043809890747,-0.019965628162026405,2022-10-17 00:00:00,2022-10-21 00:00:00,87.77777862548828,127.22222137451172,44.93670649529269,44.93670649529269,44.43670649529269,43.93670649529269,RESOLVED,open_price_proxy_execution_unverified,v1_next_xtks_open_to_fifth_close_with_ohlcv_actionability_guards
2022,2022-10-18 00:00:00,7692,DETECTED,1,1,1,0,0.0577222702552711,-0.35428570920360314,0.782276760035558,0.999333399520615,0.8256438374519348,-0.010387535206973553,2022-10-19 00:00:00,2022-10-25 00:00:00,95.27777862548828,133.3333282470703,39.94168437865069,39.94168437865069,39.441684378650685,38.941684378650685,RESOLVED,open_price_proxy_execution_unverified,v1_next_xtks_open_to_fifth_close_with_ohlcv_actionability_guards
2022,2022-11-07 00:00:00,7692,DETECTED,1,1,1,0,-0.03437496316432809,0.012008740367697834,0.225545476832557,0.9992568379967253,0.8269861340522766,-0.005076142027974129,2022-11-08 00:00:00,2022-11-14 00:00:00,129.1666717529297,136.8333282470703,5.935475761739384,5.935475761739384,5.435475761739384,4.935475761739384,RESOLVED,open_price_proxy_execution_unverified,v1_next_xtks_open_to_fifth_close_with_ohlcv_actionability_guards
2022,2022-12-01 00:00:00,4422,DETECTED,1,1,1,0,-0.0015503875968991832,0.3889288586533033,3.6880881012769415,0.999534841925543,0.8430464267730713,0.0,2022-12-02 00:00:00,2022-12-08 00:00:00,630.6666870117188,600.0,-4.862582350278622,-4.862582350278622,-5.362582350278621,-5.862582350278622,RESOLVED,open_price_proxy_execution_unverified,v1_next_xtks_open_to_fifth_close_with_ohlcv_actionability_guards
2022,2022-12-02 00:00:00,2334,DETECTED,2,2,1,1,0.05358614869305889,0.5434782408385992,4.296931174321953,0.9992176886929587,0.8282030820846558,-0.008406727109104395,2022-12-05 00:00:00,2022-12-09 00:00:00,121.8000030517578,103.0,-15.435141691883958,-15.435141691883958,-15.935141691883958,-16.43514169188396,RESOLVED,open_price_proxy_execution_unverified,v1_next_xtks_open_to_fifth_close_with_ohlcv_actionability_guards
2022,2022-12-06 00:00:00,4594,DETECTED,1,1,1,0,-0.023076923076923106,-0.037878787878787845,0.19464222299575612,0.9995031266022846,0.8411810994148254,-0.022182267159223557,2022-12-07 00:00:00,2022-12-13 00:00:00,124.0,110.0,-11.290322580645162,-11.290322580645162,-11.790322580645164,-12.290322580645162,RESOLVED,open_price_proxy_execution_unverified,v1_next_xtks_open_to_fifth_close_with_ohlcv_actionability_guards
2022,2022-12-09 00:00:00,4448,DETECTED,1,2,2,0,0.08028169014084496,0.1727828746177369,1.2155761589403973,0.9993392640987827,0.8326659202575684,-0.014684287831187248,2022-12-12 00:00:00,2022-12-16 00:00:00,743.0,697.0,-6.19111709286676,-6.19111709286676,-6.691117092866761,-7.19111709286676,RESOLVED,open_price_proxy_execution_unverified,v1_next_xtks_open_to_fifth_close_with_ohlcv_actionability_guards
2022,2022-12-09 00:00:00,9553,DETECTED,2,2,2,0,0.11327312993356475,0.24089849893941362,3.6706025285698014,0.9993234064371534,0.832297146320343,-0.014684287831187248,2022-12-12 00:00:00,2022-12-16 00:00:00,520.6666870117188,592.6666870117188,13.828424555684983,13.828424555684983,13.32842455568498,12.82842455568498,RESOLVED,open_price_proxy_execution_unverified,v1_next_xtks_open_to_fifth_close_with_ohlcv_actionability_guards
2022,2022-12-19 00:00:00,9553,DETECTED,1,2,2,0,0.02193475740225459,0.3370125541097544,2.2547718111026565,0.999212402805749,0.8280498385429382,-0.001550387591123581,2022-12-20 00:00:00,2022-12-26 00:00:00,592.3333129882812,539.0,-9.003936097940922,-9.003936097940922,-9.503936097940924,-10.003936097940922,RESOLVED,open_price_proxy_execution_unverified,v1_next_xtks_open_to_fifth_close_with_ohlcv_actionability_guards
2022,2022-12-19 00:00:00,7352,DETECTED,2,2,2,0,-0.04240282685512364,0.40051679586563305,3.382402141184343,0.9994766971662359,0.8399661779403687,-0.001550387591123581,2022-12-20 00:00:00,2022-12-26 00:00:00,527.0,485.0,-7.969639468690703,-7.969639468690703,-8.469639468690705,-8.969639468690703,RESOLVED,open_price_proxy_execution_unverified,v1_next_xtks_open_to_fifth_close_with_ohlcv_actionability_guards
2022,2022-12-20 00:00:00,7859,DETECTED,1,2,1,1,-0.08686868686868687,-0.3141122913505311,0.5002019671015885,0.9999471411279026,0.8705357909202576,-0.003496503457427025,2022-12-21 00:00:00,2022-12-27 00:00:00,464.0,517.0,11.422413793103448,11.422413793103448,10.922413793103447,10.422413793103448,RESOLVED,open_price_proxy_execution_unverified,v1_next_xtks_open_to_fifth_close_with_ohlcv_actionability_guards
2022,2022-12-23 00:00:00,7859,DETECTED,1,1,1,0,0.006000000000000005,-0.2103610675039247,0.42003705544760267,0.9990802556255055,0.8231346607208252,-0.02740294858813286,2022-12-26 00:00:00,2022-12-30 00:00:00,494.0,517.0,4.6558704453441235,4.6558704453441235,4.1558704453441235,3.6558704453441235,RESOLVED,open_price_proxy_execution_unverified,v1_next_xtks_open_to_fifth_close_with_ohlcv_actionability_guards
2022,2022-12-27 00:00:00,7859,DETECTED,1,1,1,0,-0.02819548872180455,-0.16478190630048462,0.7452971263099271,0.9996511314441573,0.8485174179077148,-0.021726449020206928,2022-12-28 00:00:00,2023-01-05 00:00:00,,,,,,,PURGED_SPLIT_BOUNDARY,not_available,v1_next_xtks_open_to_fifth_close_with_ohlcv_actionability_guards
2023,2023-01-05,3133,DETECTED,1,1,1,0,0.0106382978723404,0.2954545454545454,1.4097944536025324,0.9993420930706648,0.817761,-0.0015731515595689,2023-01-06,2023-01-13,284.0,300.0,5.633802816901401,5.633802816901401,5.133802816901401,4.633802816901401,RESOLVED,open_price_proxy_execution_unverified,v1_next_xtks_open_to_fifth_close_with_ohlcv_actionability_guards
2023,2023-01-12,3133,DETECTED,1,1,1,0,0.0265486725663717,0.4621848739495797,3.2972820910850285,0.9999953668526104,0.8717096,0.0,2023-01-13,2023-01-19,342.0,270.0,-21.052631578947366,-21.052631578947366,-21.552631578947366,-22.05263157894737,RESOLVED,open_price_proxy_execution_unverified,v1_next_xtks_open_to_fifth_close_with_ohlcv_actionability_guards
2023,2023-02-07,4586,DETECTED,1,1,1,0,0.0745341614906831,0.3007518796992481,1.0897839543568737,0.9990123043441868,0.8120213,0.0,2023-02-08,2023-02-14,191.0,219.0,14.65968586387434,14.65968586387434,14.15968586387434,13.659685863874335,RESOLVED,open_price_proxy_execution_unverified,v1_next_xtks_open_to_fifth_close_with_ohlcv_actionability_guards
2023,2023-02-14,4586,DETECTED,1,2,2,0,-0.0600858369098712,0.5103448275862068,1.507344600078265,0.9996902988197874,0.8383669,0.0,2023-02-15,2023-02-21,223.0,205.0,-8.071748878923767,-8.071748878923767,-8.571748878923769,-9.071748878923769,RESOLVED,open_price_proxy_execution_unverified,v1_next_xtks_open_to_fifth_close_with_ohlcv_actionability_guards
2023,2023-02-14,4884,DETECTED,2,2,2,0,0.0461215932914045,0.5472868217054263,1.686799073054747,0.999267598560308,0.820512,0.0,2023-02-15,2023-02-21,1011.0,1242.0,22.8486646884273,22.8486646884273,22.3486646884273,21.8486646884273,RESOLVED,open_price_proxy_execution_unverified,v1_next_xtks_open_to_fifth_close_with_ohlcv_actionability_guards
2023,2023-02-16,4772,DETECTED,1,2,2,0,-0.044776119402985,0.3333333333333332,2.5011060715865816,0.9992131915962166,0.8191037,0.0,2023-02-17,2023-02-24,190.0,188.0,-1.0526315789473717,-1.0526315789473717,-1.5526315789473717,-2.052631578947372,RESOLVED,open_price_proxy_execution_unverified,v1_next_xtks_open_to_fifth_close_with_ohlcv_actionability_guards
2023,2023-02-16,4881,DETECTED,2,2,2,0,0.2560386473429952,0.5662650602409638,15.700519051220793,0.9993889679417428,0.8242893,0.0,2023-02-17,2023-02-24,250.0,192.0,-23.2,-23.2,-23.7,-24.2,RESOLVED,open_price_proxy_execution_unverified,v1_next_xtks_open_to_fifth_close_with_ohlcv_actionability_guards
2023,2023-03-15,7138,DETECTED,1,1,1,0,-0.0473711911212121,0.276150681931699,7.685048391473453,0.9990619065122832,0.8188134,-0.0348919741809368,2023-03-16,2023-03-23,318.0,326.20001220703125,2.578620190890324,2.578620190890324,2.078620190890324,1.5786201908903237,RESOLVED,open_price_proxy_execution_unverified,v1_next_xtks_open_to_fifth_close_with_ohlcv_actionability_guards
2023,2023-03-16,7776,DETECTED,1,1,1,0,0.0212765957446807,0.4328358208955223,2.184827435189353,0.9994677755314588,0.8316152,-0.0303392484784126,2023-03-17,2023-03-24,605.0,977.0,61.48760330578513,61.48760330578513,60.98760330578513,60.48760330578513,RESOLVED,open_price_proxy_execution_unverified,v1_next_xtks_open_to_fifth_close_with_ohlcv_actionability_guards
2023,2023-03-20,7042,DETECTED,1,1,1,0,0.043720930232558,0.5327868852459017,12.18876589072038,0.9993490779881148,0.8280671,-0.0264054248109459,2023-03-22,2023-03-28,531.0,452.5,-14.7834274952919,-14.7834274952919,-15.2834274952919,-15.7834274952919,RESOLVED,open_price_proxy_execution_unverified,v1_next_xtks_open_to_fifth_close_with_ohlcv_actionability_guards
2023,2023-04-06,6775,DETECTED,1,2,2,0,0.1433691756272401,0.3236514522821576,3.330329179172648,0.9998573486329824,0.8540315,-0.0109126986935734,2023-04-07,2023-04-13,308.0,305.0,-0.9740259740259716,-0.9740259740259716,-1.4740259740259716,-1.974025974025972,RESOLVED,open_price_proxy_execution_unverified,v1_next_xtks_open_to_fifth_close_with_ohlcv_actionability_guards
2023,2023-04-06,2721,DETECTED,2,2,2,0,0.2247191011235956,0.3212121212121213,7.952610766556561,0.9992101985289512,0.82435304,-0.0109126986935734,2023-04-07,2023-04-13,451.0,342.0,-24.16851441241685,-24.16851441241685,-24.66851441241685,-25.16851441241685,RESOLVED,open_price_proxy_execution_unverified,v1_next_xtks_open_to_fifth_close_with_ohlcv_actionability_guards
2023,2023-04-07,7997,DETECTED,3,3,1,2,-0.1024930747922437,0.5034802784222738,13.381435116706951,0.9995024598662556,0.8365561,-0.010917030274868,2023-04-10,2023-04-14,758.0,949.0,25.19788918205805,25.19788918205805,24.69788918205805,24.19788918205805,RESOLVED,single_price_bar_execution_unverified,v1_next_xtks_open_to_fifth_close_with_ohlcv_actionability_guards
2023,2023-04-10,6775,DETECTED,1,2,2,0,0.1238095238095238,0.3937007874015747,1.170783734193805,0.9990919022733756,0.8200797,-0.0149382469244301,2023-04-11,2023-04-17,341.0,322.0,-5.571847507331373,-5.571847507331373,-6.071847507331373,-6.5718475073313725,RESOLVED,open_price_proxy_execution_unverified,v1_next_xtks_open_to_fifth_close_with_ohlcv_actionability_guards
2023,2023-04-10,7692,DETECTED,2,2,2,0,0.1005265706728841,0.439574218427978,5.594566764590084,0.9993145775779886,0.8286214,-0.0149382469244301,2023-04-11,2023-04-17,799.6666870117188,793.0,-0.8336832232728852,-0.8336832232728852,-1.3336832232728852,-1.8336832232728852,RESOLVED,open_price_proxy_execution_unverified,v1_next_xtks_open_to_fifth_close_with_ohlcv_actionability_guards
2023,2023-04-27,6775,DETECTED,1,2,2,0,0.1807228915662651,-0.0360655737704918,3.230625202409042,0.9992902224665464,0.82752013,-0.0043715848587453,2023-04-28,2023-05-09,286.0,306.0,6.9930069930070005,6.9930069930070005,6.4930069930070005,5.9930069930070005,RESOLVED,open_price_proxy_execution_unverified,v1_next_xtks_open_to_fifth_close_with_ohlcv_actionability_guards
2023,2023-04-27,7601,DETECTED,2,2,2,0,0.3067484662576687,0.086734693877551,5.690065631622679,0.9998086384100984,0.8508994,-0.0043715848587453,2023-04-28,2023-05-09,221.0,288.0,30.316742081447966,30.316742081447966,29.816742081447966,29.316742081447966,RESOLVED,open_price_proxy_execution_unverified,v1_next_xtks_open_to_fifth_close_with_ohlcv_actionability_guards
2023,2023-05-17,3133,DETECTED,1,3,3,0,0.1628865979381444,0.2207792207792207,1.2881663535396135,0.9999034832881314,0.85083115,-0.0051238297019153,2023-05-18,2023-05-24,547.0,606.0,10.786106032906773,10.786106032906773,10.286106032906773,9.786106032906773,RESOLVED,open_price_proxy_execution_unverified,v1_next_xtks_open_to_fifth_close_with_ohlcv_actionability_guards
2023,2023-05-17,2435,DETECTED,2,3,3,0,-0.0877742946708464,0.3227272727272727,3.2086326631337028,0.9996686259559175,0.8338946,-0.0051238297019153,2023-05-18,2023-05-24,267.0,273.0,2.2471910112359605,2.2471910112359605,1.7471910112359603,1.2471910112359603,RESOLVED,open_price_proxy_execution_unverified,v1_next_xtks_open_to_fifth_close_with_ohlcv_actionability_guards
2023,2023-05-17,3192,DETECTED,3,3,3,0,-0.0811965811965812,0.3271604938271604,5.023464025431976,0.9997683598915152,0.83949554,-0.0051238297019153,2023-05-18,2023-05-24,414.0,400.0,-3.3816425120772986,-3.3816425120772986,-3.881642512077298,-4.381642512077299,RESOLVED,open_price_proxy_execution_unverified,v1_next_xtks_open_to_fifth_close_with_ohlcv_actionability_guards
2023,2023-05-18,7538,DETECTED,2,2,1,1,0.0384615384615385,0.4765625,9.292489221692762,0.9991956940677612,0.8169079,-0.0018904960015788,2023-05-19,2023-05-25,362.0,314.0,-13.259668508287293,-13.259668508287293,-13.759668508287293,-14.259668508287293,RESOLVED,open_price_proxy_execution_unverified,v1_next_xtks_open_to_fifth_close_with_ohlcv_actionability_guards
2023,2023-05-19,3137,DETECTED,1,1,1,0,0.213903743315508,0.1073170731707318,2.418214872497837,0.9995109819931988,0.827497,0.0,2023-05-22,2023-05-26,227.0,199.0,-12.334801762114534,-12.334801762114534,-12.834801762114534,-13.334801762114534,RESOLVED,open_price_proxy_execution_unverified,v1_next_xtks_open_to_fifth_close_with_ohlcv_actionability_guards
2023,2023-05-22,4438,DETECTED,1,1,1,0,0.1727115716753022,0.0134328358208954,2.2237942122186496,0.9997458393254124,0.83723533,0.0,2023-05-23,2023-05-29,680.0,578.0,-15.000000000000002,-15.000000000000002,-15.500000000000004,-16.000000000000004,RESOLVED,open_price_proxy_execution_unverified,v1_next_xtks_open_to_fifth_close_with_ohlcv_actionability_guards
2023,2023-05-25,2656,DETECTED,1,1,1,0,0.120754716981132,0.368663594470046,6.718501027088252,0.9990541362236872,0.81260735,-0.0020559245022013,2023-05-26,2023-06-01,268.0,327.0,22.01492537313432,22.01492537313432,21.51492537313432,21.01492537313432,RESOLVED,open_price_proxy_execution_unverified,v1_next_xtks_open_to_fifth_close_with_ohlcv_actionability_guards
2023,2023-05-26,9439,DETECTED,1,1,1,0,-0.0391459074733095,0.40625,11.446471531676025,0.9998294871423654,0.84378564,-0.0030321417143568,2023-05-29,2023-06-02,270.0,235.0,-12.962962962962964,-12.962962962962964,-13.462962962962964,-13.962962962962964,RESOLVED,open_price_proxy_execution_unverified,v1_next_xtks_open_to_fifth_close_with_ohlcv_actionability_guards
2023,2023-05-29,2304,DETECTED,1,2,1,1,0.14375,0.4781906300484653,6.330218918365955,0.9996621915084596,0.8334944,-0.0102526564151048,2023-05-30,2023-06-05,905.0,922.0,1.878453038674044,1.878453038674044,1.378453038674044,0.8784530386740439,RESOLVED,open_price_proxy_execution_unverified,v1_next_xtks_open_to_fifth_close_with_ohlcv_actionability_guards
2023,2023-05-30,6578,DETECTED,1,1,1,0,0.3137254901960784,0.5227272727272727,3.360331756625413,0.9996235848237124,0.83132565,-0.0123998974449932,2023-05-31,2023-06-06,333.0,296.0,-11.111111111111116,-11.111111111111116,-11.611111111111116,-12.111111111111116,RESOLVED,open_price_proxy_execution_unverified,v1_next_xtks_open_to_fifth_close_with_ohlcv_actionability_guards
2023,2023-05-31,4259,DETECTED,1,2,2,0,0.0519480519480519,0.265625,3.1618475788438287,0.9990541362236872,0.812735,-0.0081666000187397,2023-06-01,2023-06-07,478.0,621.0,29.916317991631797,29.916317991631797,29.41631799163179,28.91631799163179,RESOLVED,open_price_proxy_execution_unverified,v1_next_xtks_open_to_fifth_close_with_ohlcv_actionability_guards
2023,2023-05-31,3667,DETECTED,2,2,2,0,0.1515151515151516,0.510934393638171,6.823628487853825,0.9998294871423654,0.8439931,-0.0081666000187397,2023-06-01,2023-06-07,745.0,792.0,6.308724832214763,6.308724832214763,5.808724832214763,5.308724832214763,RESOLVED,open_price_proxy_execution_unverified,v1_next_xtks_open_to_fifth_close_with_ohlcv_actionability_guards
2023,2023-06-27,7578,DETECTED,1,1,1,0,-0.0776255707762557,0.188235294117647,2.7371328144614613,0.999066994016202,0.79971516,-0.0059087737463414,2023-06-28,2023-07-04,203.0,419.0,106.40394088669952,106.40394088669952,105.90394088669952,105.40394088669952,RESOLVED,open_price_proxy_execution_unverified,v1_next_xtks_open_to_fifth_close_with_ohlcv_actionability_guards
2023,2023-07-10,7709,DETECTED,1,1,1,0,0.1432584269662922,0.4535714285714285,1.8355386480293208,0.9993586059258148,0.8142984,-0.0068787620402872,2023-07-11,2023-07-18,430.0,351.0,-18.372093023255808,-18.372093023255808,-18.872093023255808,-19.37209302325581,RESOLVED,open_price_proxy_execution_unverified,v1_next_xtks_open_to_fifth_close_with_ohlcv_actionability_guards
2023,2023-07-12,7578,DETECTED,1,1,1,0,0.0149253731343284,0.4977973568281939,0.4619246745861679,0.9993586059258148,0.81435156,-0.0140845067799091,2023-07-13,2023-07-20,338.0,374.0,10.650887573964509,10.650887573964509,10.150887573964509,9.650887573964509,RESOLVED,open_price_proxy_execution_unverified,v1_next_xtks_open_to_fifth_close_with_ohlcv_actionability_guards
2023,2023-08-03,2134,DETECTED,1,1,1,0,0.0,-0.0833333333333333,0.5347914258924094,0.9991774619347662,0.7923529,0.0,2023-08-04,2023-08-10,21.0,21.0,0.0,0.0,-0.5,-1.0,RESOLVED,open_price_proxy_execution_unverified,v1_next_xtks_open_to_fifth_close_with_ohlcv_actionability_guards
2023,2023-08-08,3779,DETECTED,1,1,1,0,0.3496503496503496,0.4191176470588236,3.079368133299664,0.9994777536093754,0.8078744,-0.010091301985085,2023-08-09,2023-08-16,188.0,140.0,-25.531914893617024,-25.531914893617024,-26.031914893617024,-26.531914893617024,RESOLVED,open_price_proxy_execution_unverified,v1_next_xtks_open_to_fifth_close_with_ohlcv_actionability_guards
2023,2023-08-22,7578,DETECTED,1,1,1,0,0.0475247524752475,0.3994708994708995,5.4989916546890845,0.9993341358519536,0.80062455,-0.0131545830518007,2023-08-23,2023-08-29,589.0,606.0,2.886247877758908,2.886247877758908,2.386247877758908,1.8862478777589071,RESOLVED,open_price_proxy_execution_unverified,v1_next_xtks_open_to_fifth_close_with_ohlcv_actionability_guards
2023,2023-09-12,9425,DETECTED,1,1,1,0,-0.1538461538461538,0.4666666666666665,3.76934625358264,0.9992447518838292,0.81718946,-0.006578947417438,2023-09-13,2023-09-20,530.0,527.0,-0.5660377358490565,-0.5660377358490565,-1.0660377358490565,-1.5660377358490567,RESOLVED,open_price_proxy_execution_unverified,v1_next_xtks_open_to_fifth_close_with_ohlcv_actionability_guards
2023,2023-09-14,9425,DETECTED,1,1,1,0,0.0534069981583793,0.462915601023018,2.5441595128439056,0.9991515719214444,0.814353,-0.0065717413090169,2023-09-15,2023-09-22,577.0,491.0,-14.904679376083186,-14.904679376083186,-15.404679376083186,-15.904679376083186,RESOLVED,open_price_proxy_execution_unverified,v1_next_xtks_open_to_fifth_close_with_ohlcv_actionability_guards
2023,2023-10-02,2375,DETECTED,1,1,1,0,0.1835106382978724,0.2027027027027026,2.888283761211628,0.9993933435140054,0.81490403,-0.0069790626876056,2023-10-03,2023-10-10,477.0,859.0,80.083857442348,80.083857442348,79.583857442348,79.083857442348,RESOLVED,open_price_proxy_execution_unverified,v1_next_xtks_open_to_fifth_close_with_ohlcv_actionability_guards
2023,2023-10-03,4882,DETECTED,1,2,1,1,0.0884210526315789,0.2136150234741785,1.5995753616061323,0.9994421549554072,0.817008,-0.0204918030649423,2023-10-04,2023-10-11,497.0,507.0,2.012072434607637,2.012072434607637,1.5120724346076369,1.0120724346076369,RESOLVED,open_price_proxy_execution_unverified,v1_next_xtks_open_to_fifth_close_with_ohlcv_actionability_guards
2023,2023-10-04,3042,DETECTED,2,2,1,1,0.1480446927374301,0.4270833333333332,7.984118640761935,0.9996420494297196,0.8276105,-0.035830620676279,2023-10-05,2023-10-12,467.0,311.0,-33.404710920770874,-33.404710920770874,-33.904710920770874,-34.404710920770874,RESOLVED,open_price_proxy_execution_unverified,v1_next_xtks_open_to_fifth_close_with_ohlcv_actionability_guards
2023,2023-10-06,4882,DETECTED,1,1,1,0,0.0769230769230768,0.3526570048309179,0.7907904900108349,0.9994514523728172,0.8177992,-0.0359281450510025,2023-10-10,2023-10-16,570.0,451.0,-20.877192982456137,-20.877192982456137,-21.37719298245614,-21.87719298245614,RESOLVED,open_price_proxy_execution_unverified,v1_next_xtks_open_to_fifth_close_with_ohlcv_actionability_guards
2023,2023-10-11,4882,DETECTED,1,1,1,0,-0.155,0.2014218009478672,2.3415876430053864,0.9990516634241924,0.8034496,-0.0076687117107212,2023-10-12,2023-10-18,500.0,475.0,-5.000000000000004,-5.000000000000004,-5.500000000000004,-6.000000000000004,RESOLVED,open_price_proxy_execution_unverified,v1_next_xtks_open_to_fifth_close_with_ohlcv_actionability_guards
2023,2023-10-17,2375,DETECTED,1,2,2,0,-0.0857519788918206,0.5573033707865169,1.512749288162328,0.999539777838211,0.82153034,-0.0140672782436013,2023-10-18,2023-10-24,748.0,1042.0,39.3048128342246,39.3048128342246,38.8048128342246,38.3048128342246,RESOLVED,open_price_proxy_execution_unverified,v1_next_xtks_open_to_fifth_close_with_ohlcv_actionability_guards
2023,2023-10-17,6573,DETECTED,2,2,2,0,0.1451378809869377,-0.01375,2.573096407539795,0.9995769675078504,0.82357365,-0.0140672782436013,2023-10-18,2023-10-24,900.0,757.0,-15.888888888888886,-15.888888888888886,-16.388888888888886,-16.888888888888886,RESOLVED,open_price_proxy_execution_unverified,v1_next_xtks_open_to_fifth_close_with_ohlcv_actionability_guards
2023,2023-10-19,6573,DETECTED,1,1,1,0,0.0088691796008868,0.1446540880503144,2.723356365792563,0.9992422604810948,0.8096493,-0.0106976740062236,2023-10-20,2023-10-26,900.0,669.0,-25.66666666666667,-25.66666666666667,-26.16666666666667,-26.66666666666667,RESOLVED,open_price_proxy_execution_unverified,v1_next_xtks_open_to_fifth_close_with_ohlcv_actionability_guards
2023,2023-10-23,3189,DETECTED,1,1,1,0,-0.1067415730337079,0.347457627118644,8.645685279187818,0.9994932907511616,0.8193077,-0.0115667721256613,2023-10-24,2023-10-30,310.0,346.0,11.61290322580646,11.61290322580646,11.11290322580646,10.61290322580646,RESOLVED,open_price_proxy_execution_unverified,v1_next_xtks_open_to_fifth_close_with_ohlcv_actionability_guards
2023,2023-10-24,2375,DETECTED,1,2,1,1,0.1156316916488222,0.2130384167636787,1.0309424784384478,0.9996327520123098,0.82709473,-0.0087336245924234,2023-10-25,2023-10-31,1015.0,916.0,-9.753694581280792,-9.753694581280792,-10.253694581280792,-10.753694581280792,RESOLVED,open_price_proxy_execution_unverified,v1_next_xtks_open_to_fifth_close_with_ohlcv_actionability_guards
2023,2023-10-27,3189,DETECTED,1,1,1,0,0.1617161716171617,0.537117903930131,5.354968448789959,0.999741996666876,0.83383596,-0.0129630109295248,2023-10-30,2023-11-06,368.0,319.0,-13.315217391304346,-13.315217391304346,-13.815217391304346,-14.315217391304348,RESOLVED,open_price_proxy_execution_unverified,v1_next_xtks_open_to_fifth_close_with_ohlcv_actionability_guards
2023,2023-11-15,7918,DETECTED,1,2,2,0,0.0445544554455445,0.4066666666666667,2.186522033898305,0.9997666349642468,0.84188807,-0.0068014082498848,2023-11-16,2023-11-22,207.0,207.0,0.0,0.0,-0.5,-1.0,RESOLVED,open_price_proxy_execution_unverified,v1_next_xtks_open_to_fifth_close_with_ohlcv_actionability_guards
2023,2023-11-15,3494,DETECTED,2,2,2,0,0.2544529311484016,0.3102989830447986,2.783074410301212,0.9995750995103736,0.83076066,-0.0068014082498848,2023-11-16,2023-11-22,474.3999938964844,327.3999938964844,-30.986509673538464,-30.986509673538464,-31.486509673538464,-31.986509673538464,RESOLVED,single_price_bar_execution_unverified,v1_next_xtks_open_to_fifth_close_with_ohlcv_actionability_guards
2023,2023-11-17,9211,DETECTED,1,1,1,0,0.0179775280898877,0.5620689655172413,15.574402467232074,0.9991083694388672,0.81306887,-0.0030060119461268,2023-11-20,2023-11-27,903.5,870.5,-3.652462645268406,-3.652462645268406,-4.152462645268406,-4.652462645268407,RESOLVED,open_price_proxy_execution_unverified,v1_next_xtks_open_to_fifth_close_with_ohlcv_actionability_guards
2023,2023-12-08,7273,DETECTED,1,1,1,0,-0.1275917065390749,0.5044004147906176,4.710695499707773,0.9996332167311855,0.82858485,-0.0075047169812023,2023-12-11,2023-12-15,289.70001220703125,274.5,-5.246811034363619,-5.246811034363619,-5.746811034363619,-6.246811034363619,RESOLVED,open_price_proxy_execution_unverified,v1_next_xtks_open_to_fifth_close_with_ohlcv_actionability_guards
2023,2023-12-11,6731,DETECTED,1,1,1,0,1.0,0.0,0.99275617485789,0.9999958081912136,0.873449,-0.0179185345768928,2023-12-12,2023-12-18,,,,,,,POTENTIAL_SPLIT_OR_EXTREME_GAP,not_available,v1_next_xtks_open_to_fifth_close_with_ohlcv_actionability_guards
2023,2023-12-14,6085,DETECTED,1,1,1,0,0.1694915632309852,0.068111480337597,1.526291116493476,0.9997338201420604,0.83416694,-0.0159744415432214,2023-12-15,2023-12-21,24.13333320617676,19.36666679382324,-19.75138026575428,-19.75138026575428,-20.25138026575428,-20.75138026575428,RESOLVED,open_price_proxy_execution_unverified,v1_next_xtks_open_to_fifth_close_with_ohlcv_actionability_guards
2023,2023-12-18,3077,DETECTED,1,1,1,0,0.2298850574712643,0.5735294117647058,5.270783117082927,0.999962273720922,0.8592921,-0.0015772870974615,2023-12-19,2023-12-25,436.0,530.0,21.559633027522928,21.559633027522928,21.059633027522928,20.559633027522928,RESOLVED,open_price_proxy_execution_unverified,v1_next_xtks_open_to_fifth_close_with_ohlcv_actionability_guards
2024,2024-01-17,4073,DETECTED,1,1,1,0,-0.0669593852908891,0.2724550898203592,4.211453039337308,0.9994513792326092,0.8201557,0.0,2024-01-18,2024-01-24,830.0,748.0,-9.879518072289162,-9.879518072289162,-10.379518072289162,-10.87951807228916,RESOLVED,open_price_proxy_execution_unverified,v1_next_xtks_open_to_fifth_close_with_ohlcv_actionability_guards
2024,2024-01-18,3358,DETECTED,1,1,1,0,-0.0378787878787878,0.5679012345679013,1.988375870907188,0.9992917804639138,0.8132218,-0.0056912500876933,2024-01-19,2024-01-25,127.8000030517578,130.39999389648438,2.034421582661161,2.034421582661161,1.5344215826611611,1.0344215826611611,RESOLVED,open_price_proxy_execution_unverified,v1_next_xtks_open_to_fifth_close_with_ohlcv_actionability_guards
2024,2024-02-08,7601,DETECTED,1,1,1,0,0.3278688524590163,0.5283018867924529,7.891290058185301,0.9993786136009056,0.8130594,-0.0037413522368296,2024-02-09,2024-02-16,404.0,282.0,-30.1980198019802,-30.1980198019802,-30.6980198019802,-31.1980198019802,RESOLVED,single_price_bar_execution_unverified,v1_next_xtks_open_to_fifth_close_with_ohlcv_actionability_guards
2024,2024-02-14,7689,DETECTED,1,1,1,0,0.1971090670170827,0.5652920962199313,3.0644101455835755,0.9997992443941388,0.83391154,-0.0076657733879983,2024-02-15,2024-02-21,911.0,955.0,4.829857299670692,4.829857299670692,4.329857299670692,3.829857299670692,RESOLVED,open_price_proxy_execution_unverified,v1_next_xtks_open_to_fifth_close_with_ohlcv_actionability_guards
2024,2024-02-15,2970,DETECTED,1,1,1,0,-0.0087154225085259,0.3966898024559531,4.696636277900032,0.9993250787726758,0.8112998,-0.0112620298750698,2024-02-16,2024-02-22,646.0,725.0,12.22910216718267,12.22910216718267,11.72910216718267,11.22910216718267,RESOLVED,open_price_proxy_execution_unverified,v1_next_xtks_open_to_fifth_close_with_ohlcv_actionability_guards
2024,2024-03-05,7692,DETECTED,1,2,2,0,-0.1855670103092783,0.3166666666666666,0.7300407900224671,0.999136982855338,0.8160237,-0.0022473706630989,2024-03-06,2024-03-12,150.0,140.0,-6.666666666666665,-6.666666666666665,-7.166666666666666,-7.666666666666664,RESOLVED,open_price_proxy_execution_unverified,v1_next_xtks_open_to_fifth_close_with_ohlcv_actionability_guards
2024,2024-03-05,2330,DETECTED,2,2,2,0,-0.1264367816091953,0.5573770491803278,1.5985200454249258,0.9999412413858954,0.85481715,-0.0022473706630989,2024-03-06,2024-03-12,356.0,370.0,3.93258426966292,3.93258426966292,3.4325842696629203,2.93258426966292,RESOLVED,open_price_proxy_execution_unverified,v1_next_xtks_open_to_fifth_close_with_ohlcv_actionability_guards
2024,2024-03-06,6276,DETECTED,3,3,1,2,0.06544901065449,0.2727272727272727,2.850014675667743,0.9998990086320076,0.8508065,-0.0032164038857445,2024-03-07,2024-03-13,710.0,590.0,-16.901408450704224,-16.901408450704224,-17.401408450704224,-17.901408450704224,RESOLVED,open_price_proxy_execution_unverified,v1_next_xtks_open_to_fifth_close_with_ohlcv_actionability_guards
2024,2024-03-07,7692,DETECTED,1,4,3,1,-0.0268456375838925,0.2719298245614034,0.2911087376755435,0.9997190603763122,0.8376135,0.0,2024-03-08,2024-03-14,150.0,132.0,-12.0,-12.0,-12.5,-13.0,RESOLVED,open_price_proxy_execution_unverified,v1_next_xtks_open_to_fifth_close_with_ohlcv_actionability_guards
2024,2024-03-07,6659,DETECTED,2,4,3,1,-0.0259740259740259,0.1029411764705883,0.6683487326050799,0.9996143965949384,0.8328825,0.0,2024-03-08,2024-03-14,74.0,81.0,9.459459459459453,9.459459459459453,8.95945945945945,8.459459459459453,RESOLVED,open_price_proxy_execution_unverified,v1_next_xtks_open_to_fifth_close_with_ohlcv_actionability_guards
2024,2024-03-07,3905,DETECTED,4,4,3,1,-0.0045045045045044,0.2923976608187135,1.672512131341071,0.9993573276582304,0.822708,0.0,2024-03-08,2024-03-14,883.0,831.0,-5.889014722536812,-5.889014722536812,-6.389014722536812,-6.889014722536811,RESOLVED,open_price_proxy_execution_unverified,v1_next_xtks_open_to_fifth_close_with_ohlcv_actionability_guards
2024,2024-03-08,2330,DETECTED,2,4,3,1,-0.1480582524271845,0.1898305084745761,0.929692703139873,0.999561146600906,0.8307682,-0.0005932942731305,2024-03-11,2024-03-15,335.0,378.0,12.8358208955224,12.8358208955224,12.335820895522398,11.8358208955224,RESOLVED,open_price_proxy_execution_unverified,v1_next_xtks_open_to_fifth_close_with_ohlcv_actionability_guards
2024,2024-03-08,9704,DETECTED,3,4,3,1,-0.288135593220339,0.5,1.5055571088110942,0.9990782242412336,0.81395155,-0.0005932942731305,2024-03-11,2024-03-15,46.0,56.0,21.739130434782616,21.739130434782616,21.239130434782616,20.739130434782616,RESOLVED,open_price_proxy_execution_unverified,v1_next_xtks_open_to_fifth_close_with_ohlcv_actionability_guards
2024,2024-03-08,5216,DETECTED,4,4,3,1,0.1481481481481481,0.5196078431372548,4.497831310885323,0.9999724568996384,0.859426,-0.0005932942731305,2024-03-11,2024-03-15,162.0,157.0,-3.0864197530864224,-3.0864197530864224,-3.586419753086422,-4.086419753086423,RESOLVED,open_price_proxy_execution_unverified,v1_next_xtks_open_to_fifth_close_with_ohlcv_actionability_guards
2024,2024-03-12,2330,DETECTED,1,5,5,0,0.0481586402266289,-0.1868131868131868,0.4509842971524243,0.9992398104300212,0.8191597,-0.0056738615967333,2024-03-13,2024-03-19,385.0,370.0,-3.8961038961038974,-3.8961038961038974,-4.396103896103897,-4.896103896103898,RESOLVED,open_price_proxy_execution_unverified,v1_next_xtks_open_to_fifth_close_with_ohlcv_actionability_guards
2024,2024-03-12,3905,DETECTED,2,5,5,0,0.1165048543689319,0.0874704491725768,0.6690601062157735,0.999208594916278,0.8183634,-0.0056738615967333,2024-03-13,2024-03-19,920.0,801.0,-12.934782608695649,-12.934782608695649,-13.43478260869565,-13.93478260869565,RESOLVED,open_price_proxy_execution_unverified,v1_next_xtks_open_to_fifth_close_with_ohlcv_actionability_guards
2024,2024-03-12,3858,DETECTED,3,5,5,0,0.1451378809869377,0.3149999999999999,1.1853079483137288,0.9994344483392428,0.82494944,-0.0056738615967333,2024-03-13,2024-03-19,850.0,741.0,-12.823529411764712,-12.823529411764712,-13.323529411764712,-13.823529411764712,RESOLVED,open_price_proxy_execution_unverified,v1_next_xtks_open_to_fifth_close_with_ohlcv_actionability_guards
2024,2024-03-12,9704,DETECTED,4,5,5,0,0.0363636363636363,0.5405405405405406,1.3837384053739783,0.9991057673415952,0.81510055,-0.0056738615967333,2024-03-13,2024-03-19,62.0,53.0,-14.516129032258062,-14.516129032258062,-15.016129032258064,-15.516129032258064,RESOLVED,open_price_proxy_execution_unverified,v1_next_xtks_open_to_fifth_close_with_ohlcv_actionability_guards
2024,2024-03-12,3744,DETECTED,5,5,5,0,0.1451378809869377,0.5143953934740884,1.7576949780143485,0.9998549396714292,0.8465967,-0.0056738615967333,2024-03-13,2024-03-19,849.0,802.0,-5.535924617196697,-5.535924617196697,-6.035924617196697,-6.535924617196696,RESOLVED,open_price_proxy_execution_unverified,v1_next_xtks_open_to_fifth_close_with_ohlcv_actionability_guards
2024,2024-03-13,5216,DETECTED,1,3,1,2,-0.14,0.4700854700854702,0.9257524286310268,0.9995225862603998,0.82940125,-0.0023557256208732,2024-03-14,2024-03-21,160.0,175.0,9.375,9.375,8.875,8.375,RESOLVED,open_price_proxy_execution_unverified,v1_next_xtks_open_to_fifth_close_with_ohlcv_actionability_guards
2024,2024-03-14,9704,DETECTED,1,5,4,1,-0.0357142857142857,0.3500000000000001,0.2706256105836994,0.9992453190500936,0.81937397,-0.0121733350679278,2024-03-15,2024-03-22,52.0,56.0,7.692307692307687,7.692307692307687,7.192307692307686,6.692307692307688,RESOLVED,open_price_proxy_execution_unverified,v1_next_xtks_open_to_fifth_close_with_ohlcv_actionability_guards
2024,2024-03-14,2330,DETECTED,2,5,4,1,-0.0731132075471697,-0.3811023622047244,0.8252801115493271,0.9994344483392428,0.825173,-0.0121733350679278,2024-03-15,2024-03-22,385.0,435.0,12.987012987012992,12.987012987012992,12.48701298701299,11.987012987012992,RESOLVED,open_price_proxy_execution_unverified,v1_next_xtks_open_to_fifth_close_with_ohlcv_actionability_guards
2024,2024-03-14,6659,DETECTED,4,5,4,1,0.2089552238805969,-0.3249999999999999,1.4340852793610788,0.9997392586499106,0.8390915,-0.0121733350679278,2024-03-15,2024-03-22,84.0,92.0,9.523809523809534,9.523809523809534,9.023809523809534,8.523809523809534,RESOLVED,open_price_proxy_execution_unverified,v1_next_xtks_open_to_fifth_close_with_ohlcv_actionability_guards
2024,2024-03-14,8746,DETECTED,5,5,4,1,0.0952380952380953,-0.0416666666666666,1.506016366621288,0.9990011035602212,0.81196237,-0.0121733350679278,2024-03-15,2024-03-22,534.0,669.0,25.2808988764045,25.2808988764045,24.7808988764045,24.2808988764045,RESOLVED,open_price_proxy_execution_unverified,v1_next_xtks_open_to_fifth_close_with_ohlcv_actionability_guards
2024,2024-03-18,7692,DETECTED,1,4,4,0,0.0079365079365079,-0.345360824742268,0.3107990987752051,0.999473008679749,0.8273637,-0.0062633513007313,2024-03-19,2024-03-26,124.0,130.0,4.838709677419351,4.838709677419351,4.338709677419351,3.838709677419351,RESOLVED,open_price_proxy_execution_unverified,v1_next_xtks_open_to_fifth_close_with_ohlcv_actionability_guards
2024,2024-03-18,3744,DETECTED,2,4,4,0,0.0822281167108753,0.2270676691729323,0.6232933964892727,0.999193905262752,0.81788754,-0.0062633513007313,2024-03-19,2024-03-26,801.0,742.0,-7.365792759051182,-7.365792759051182,-7.865792759051182,-8.365792759051182,RESOLVED,open_price_proxy_execution_unverified,v1_next_xtks_open_to_fifth_close_with_ohlcv_actionability_guards
2024,2024-03-18,6659,DETECTED,3,4,4,0,0.2266666666666665,-0.1320754716981131,1.5136273652225956,0.9999724568996384,0.8595081,-0.0062633513007313,2024-03-19,2024-03-26,97.0,94.0,-3.0927835051546397,-3.0927835051546397,-3.592783505154639,-4.09278350515464,RESOLVED,open_price_proxy_execution_unverified,v1_next_xtks_open_to_fifth_close_with_ohlcv_actionability_guards
2024,2024-03-18,6578,DETECTED,4,4,4,0,0.2272727272727273,0.5428571428571429,6.708072163866548,0.999081896654615,0.8142957,-0.0062633513007313,2024-03-19,2024-03-26,512.0,512.0,0.0,0.0,-0.5,-1.0,RESOLVED,single_price_bar_execution_unverified,v1_next_xtks_open_to_fifth_close_with_ohlcv_actionability_guards
2024,2024-04-01,2330,DETECTED,1,1,1,0,0.0676532769556026,0.335978835978836,1.7833946568549033,0.999844727620486,0.8457926,-0.0086864801123738,2024-04-02,2024-04-08,520.0,302.0,-41.92307692307692,-41.92307692307692,-42.42307692307692,-42.92307692307692,RESOLVED,open_price_proxy_execution_unverified,v1_next_xtks_open_to_fifth_close_with_ohlcv_actionability_guards
2024,2024-04-02,5255,DETECTED,1,1,1,0,0.3018867924528301,0.4024390243902438,5.799609063925288,0.9991424729949572,0.8119064,-0.0125944586470723,2024-04-03,2024-04-09,361.0,320.0,-11.35734072022161,-11.35734072022161,-11.85734072022161,-12.35734072022161,RESOLVED,open_price_proxy_execution_unverified,v1_next_xtks_open_to_fifth_close_with_ohlcv_actionability_guards
2024,2024-04-03,6659,DETECTED,1,2,2,0,0.0779220779220779,-0.1263157894736841,0.7537971244630468,0.9993242122573428,0.81965876,-0.0241770958527922,2024-04-04,2024-04-10,81.0,124.0,53.08641975308641,53.08641975308641,52.58641975308641,52.08641975308641,RESOLVED,open_price_proxy_execution_unverified,v1_next_xtks_open_to_fifth_close_with_ohlcv_actionability_guards
2024,2024-04-03,2330,DETECTED,2,2,2,0,-0.1919385796545105,0.1378378378378377,1.0284827852529,0.99909306814693,0.80999625,-0.0241770958527922,2024-04-04,2024-04-10,402.0,361.0,-10.199004975124382,-10.199004975124382,-10.699004975124382,-11.199004975124382,RESOLVED,open_price_proxy_execution_unverified,v1_next_xtks_open_to_fifth_close_with_ohlcv_actionability_guards
2024,2024-04-04,5255,DETECTED,2,2,1,1,0.1423948220064725,0.3473282442748091,5.477355281207133,0.9996365214752287,0.8326385,-0.0301060061901807,2024-04-05,2024-04-11,349.0,335.0,-4.011461318051579,-4.011461318051579,-4.511461318051579,-5.01146131805158,RESOLVED,open_price_proxy_execution_unverified,v1_next_xtks_open_to_fifth_close_with_ohlcv_actionability_guards
2024,2024-04-05,2330,DETECTED,1,1,1,0,-0.032258064516129,-0.2413793103448276,1.2780193382099163,0.9993665592699374,0.82131064,-0.0121765602380037,2024-04-08,2024-04-12,326.0,351.0,7.668711656441718,7.668711656441718,7.168711656441717,6.668711656441719,RESOLVED,open_price_proxy_execution_unverified,v1_next_xtks_open_to_fifth_close_with_ohlcv_actionability_guards
2024,2024-04-08,6659,DETECTED,1,1,1,0,0.1363636363636364,0.1494252873563217,1.2130976715361663,0.999687690782114,0.83511746,-0.0245901644229888,2024-04-09,2024-04-15,100.0,107.0,7.000000000000006,7.000000000000006,6.500000000000005,6.000000000000006,RESOLVED,open_price_proxy_execution_unverified,v1_next_xtks_open_to_fifth_close_with_ohlcv_actionability_guards
2024,2024-04-09,3905,DETECTED,1,1,1,0,0.1515151515151516,0.532258064516129,1.9559093291404608,0.9994777201779986,0.826033,-0.0109890112653374,2024-04-10,2024-04-16,1440.0,3140.0,118.05555555555554,118.05555555555554,117.55555555555554,117.05555555555551,RESOLVED,open_price_proxy_execution_unverified,v1_next_xtks_open_to_fifth_close_with_ohlcv_actionability_guards
2024,2024-04-19,2330,DETECTED,1,1,1,0,-0.0633333333333333,-0.1484848484848484,0.7071106173505199,0.9992889230801806,0.81843144,-0.0183911994099617,2024-04-22,2024-04-26,280.0,252.0,-9.999999999999998,-9.999999999999998,-10.499999999999998,-10.999999999999996,RESOLVED,open_price_proxy_execution_unverified,v1_next_xtks_open_to_fifth_close_with_ohlcv_actionability_guards
2024,2024-05-15,5216,DETECTED,1,1,1,0,0.3015873015873016,0.3666666666666667,2.771828130066047,0.9995092412087948,0.8216806,0.0,2024-05-16,2024-05-22,320.0,309.0,-3.4375000000000044,-3.4375000000000044,-3.937500000000004,-4.437500000000004,RESOLVED,open_price_proxy_execution_unverified,v1_next_xtks_open_to_fifth_close_with_ohlcv_actionability_guards
2024,2024-05-16,3350,DETECTED,1,2,2,0,0.0606060606060605,0.2068965517241379,2.596662769688596,0.999052444963694,0.80552787,-0.0046685053966939,2024-05-17,2024-05-23,,,,,,,POTENTIAL_SPLIT_OR_EXTREME_GAP,not_available,v1_next_xtks_open_to_fifth_close_with_ohlcv_actionability_guards
2024,2024-05-16,6659,DETECTED,2,2,2,0,0.1791044776119403,0.5339805825242718,4.501505567967834,0.999959244944675,0.8529225,-0.0046685053966939,2024-05-17,2024-05-23,168.0,133.0,-20.833333333333336,-20.833333333333336,-21.333333333333336,-21.83333333333334,RESOLVED,open_price_proxy_execution_unverified,v1_next_xtks_open_to_fifth_close_with_ohlcv_actionability_guards
2024,2024-05-17,7689,DETECTED,3,3,1,2,0.1978891820580475,0.5058043117744611,2.659647172801213,0.9990286711814212,0.80449975,-0.012448132969439,2024-05-20,2024-05-24,953.0,835.0,-12.381951731374608,-12.381951731374608,-12.881951731374608,-13.381951731374608,RESOLVED,open_price_proxy_execution_unverified,v1_next_xtks_open_to_fifth_close_with_ohlcv_actionability_guards
2024,2024-05-20,3350,DETECTED,1,1,1,0,0.1714285714285714,0.4642857142857142,6.588244502860274,0.999959244944675,0.85292274,-0.0084745762869715,2024-05-21,2024-05-27,,,,,,,POTENTIAL_SPLIT_OR_EXTREME_GAP,not_available,v1_next_xtks_open_to_fifth_close_with_ohlcv_actionability_guards
2024,2024-05-30,3350,DETECTED,1,1,1,0,-0.0178571428571429,0.5714285714285714,0.6096111740610861,0.9996637707935688,0.82891005,-0.0110316593199968,2024-05-31,2024-06-06,58.0,78.0,34.48275862068966,34.48275862068966,33.98275862068966,33.48275862068966,RESOLVED,open_price_proxy_execution_unverified,v1_next_xtks_open_to_fifth_close_with_ohlcv_actionability_guards
2024,2024-06-12,5216,DETECTED,1,1,1,0,0.1340782122905028,0.384090909090909,1.1201307044991191,0.9992873315399208,0.8179492,-0.0014792899601161,2024-06-13,2024-06-19,629.0,509.0,-19.0779014308426,-19.0779014308426,-19.577901430842605,-20.077901430842605,RESOLVED,open_price_proxy_execution_unverified,v1_next_xtks_open_to_fifth_close_with_ohlcv_actionability_guards
2024,2024-06-14,4564,DETECTED,1,1,1,0,-0.0625,0.3636363636363635,2.06497759045176,0.999292246494818,0.8181812,0.0,2024-06-17,2024-06-21,32.0,32.0,0.0,0.0,-0.5,-1.0,RESOLVED,open_price_proxy_execution_unverified,v1_next_xtks_open_to_fifth_close_with_ohlcv_actionability_guards
2024,2024-06-18,6696,DETECTED,1,1,1,0,0.1156351791530945,-0.1405269761606022,1.8203872246882435,0.9995674839690556,0.8290102,-0.0063509084284305,2024-06-19,2024-06-25,687.0,704.0,2.4745269286754024,2.4745269286754024,1.9745269286754024,1.4745269286754024,RESOLVED,open_price_proxy_execution_unverified,v1_next_xtks_open_to_fifth_close_with_ohlcv_actionability_guards
2024,2024-06-24,3350,DETECTED,1,1,1,0,0.0919540229885058,0.1728395061728396,1.596502630303076,0.9994724615077116,0.8244721,0.0,2024-06-25,2024-07-01,92.0,100.0,8.695652173913038,8.695652173913038,8.195652173913038,7.695652173913039,RESOLVED,open_price_proxy_execution_unverified,v1_next_xtks_open_to_fifth_close_with_ohlcv_actionability_guards
2024,2024-07-11,4935,DETECTED,1,1,1,0,-0.0547945205479452,0.2190813049500077,9.138452829367068,0.9992511942024664,0.823144,-0.0076139776501804,2024-07-12,2024-07-19,140.0,267.6000061035156,91.14286150251117,91.14286150251117,90.64286150251117,90.14286150251117,RESOLVED,open_price_proxy_execution_unverified,v1_next_xtks_open_to_fifth_close_with_ohlcv_actionability_guards
2024,2024-07-23,4564,DETECTED,1,1,1,0,0.175,0.3055555555555556,2.137642716624341,0.9997747236795556,0.842895,-0.0095200692303478,2024-07-24,2024-07-30,48.0,43.0,-10.416666666666664,-10.416666666666664,-10.916666666666664,-11.416666666666664,RESOLVED,open_price_proxy_execution_unverified,v1_next_xtks_open_to_fifth_close_with_ohlcv_actionability_guards
2024,2024-07-24,4169,DETECTED,1,2,2,0,-0.0588235294117647,0.5384615384615385,0.2262680531058352,0.999355900097884,0.82646036,-0.0079049305059015,2024-07-25,2024-07-31,310.0,308.0,-0.6451612903225823,-0.6451612903225823,-1.1451612903225823,-1.6451612903225823,RESOLVED,open_price_proxy_execution_unverified,v1_next_xtks_open_to_fifth_close_with_ohlcv_actionability_guards
2024,2024-07-24,7776,DETECTED,2,2,2,0,-0.1247672253258845,-0.2780337941628265,2.714592755429228,0.9999317825226824,0.85693,-0.0079049305059015,2024-07-25,2024-07-31,500.0,462.0,-7.599999999999996,-7.599999999999996,-8.099999999999996,-8.599999999999994,RESOLVED,open_price_proxy_execution_unverified,v1_next_xtks_open_to_fifth_close_with_ohlcv_actionability_guards
2024,2024-07-25,4935,DETECTED,1,4,3,1,0.0068093086328973,0.4178082191780821,0.4703102484314538,0.9990862030945352,0.818797,-0.0223374580964446,2024-07-26,2024-08-01,201.0,202.3999938964844,0.696514376360402,0.696514376360402,0.196514376360402,-0.3034856236395979,RESOLVED,open_price_proxy_execution_unverified,v1_next_xtks_open_to_fifth_close_with_ohlcv_actionability_guards
2024,2024-07-25,4564,DETECTED,3,4,3,1,-0.1041666666666666,0.34375,1.5693168733649028,0.9990275043349828,0.81706893,-0.0223374580964446,2024-07-26,2024-08-01,42.0,60.0,42.85714285714286,42.85714285714286,42.35714285714286,41.85714285714286,RESOLVED,open_price_proxy_execution_unverified,v1_next_xtks_open_to_fifth_close_with_ohlcv_actionability_guards
2024,2024-07-25,4597,DETECTED,4,4,3,1,0.0975609756097561,0.5,3.528552794222193,0.9994923350525196,0.8310939,-0.0223374580964446,2024-07-26,2024-08-01,44.0,61.0,38.63636363636365,38.63636363636365,38.13636363636365,37.63636363636365,RESOLVED,open_price_proxy_execution_unverified,v1_next_xtks_open_to_fifth_close_with_ohlcv_actionability_guards
2024,2024-07-26,7776,DETECTED,1,1,1,0,0.1913875598086125,-0.4472807991120976,0.9138518377067524,0.9998381817979906,0.847248,-0.0299212597310543,2024-07-29,2024-08-02,555.0,566.0,1.981981981981984,1.981981981981984,1.481981981981984,0.981981981981984,RESOLVED,open_price_proxy_execution_unverified,v1_next_xtks_open_to_fifth_close_with_ohlcv_actionability_guards
2024,2024-07-30,3350,DETECTED,1,4,4,0,-0.2487562189054726,0.4803921568627451,0.4218205536120714,0.999757272696986,0.8418298,-0.0042761149816215,2024-07-31,2024-08-06,135.0,64.30000305175781,-52.37036810980903,-52.37036810980903,-52.87036810980903,-53.37036810980903,RESOLVED,open_price_proxy_execution_unverified,v1_next_xtks_open_to_fifth_close_with_ohlcv_actionability_guards
2024,2024-07-30,7776,DETECTED,2,4,4,0,-0.0524271844660194,-0.4974253347064882,0.5150509416985827,0.9996842958607856,0.8387635,-0.0042761149816215,2024-07-31,2024-08-06,488.0,546.0,11.885245901639353,11.885245901639353,11.385245901639353,10.885245901639353,RESOLVED,open_price_proxy_execution_unverified,v1_next_xtks_open_to_fifth_close_with_ohlcv_actionability_guards
2024,2024-07-30,4935,DETECTED,3,4,4,0,0.0293333604600694,0.5691056675234054,1.0458115617025507,0.9990655792060438,0.81815356,-0.0042761149816215,2024-07-31,2024-08-06,224.3999938964844,170.8000030517578,-23.885914573354327,-23.885914573354327,-24.385914573354327,-24.885914573354327,RESOLVED,open_price_proxy_execution_unverified,v1_next_xtks_open_to_fifth_close_with_ohlcv_actionability_guards
2024,2024-07-30,4890,DETECTED,4,4,4,0,0.1904761904761904,0.3888888888888888,4.452986398580721,0.9995716577005632,0.8339437,-0.0042761149816215,2024-07-31,2024-08-06,605.0,421.0,-30.41322314049587,-30.41322314049587,-30.913223140495877,-31.413223140495877,RESOLVED,open_price_proxy_execution_unverified,v1_next_xtks_open_to_fifth_close_with_ohlcv_actionability_guards
2024,2024-07-31,4592,DETECTED,2,2,1,1,0.15527950310559,-0.0184696569920844,2.56474529497,0.999409839498554,0.8281791,-0.0156081249006092,2024-08-01,2024-08-07,1086.0,1013.0,-6.721915285451196,-6.721915285451196,-7.221915285451197,-7.721915285451196,RESOLVED,open_price_proxy_execution_unverified,v1_next_xtks_open_to_fifth_close_with_ohlcv_actionability_guards
2024,2024-08-02,4935,DETECTED,1,4,4,0,-0.0701580898046106,-0.2967115371610237,0.1481240070069662,0.99922287178764,0.8251109,-0.0091673084534704,2024-08-05,2024-08-09,160.1999969482422,184.8000030517578,15.355809345903705,15.355809345903705,14.855809345903705,14.355809345903705,RESOLVED,open_price_proxy_execution_unverified,v1_next_xtks_open_to_fifth_close_with_ohlcv_actionability_guards
2024,2024-08-02,4564,DETECTED,2,4,4,0,-0.0666666666666666,0.3333333333333332,1.4057468943807896,0.9991615598971186,0.8234282,-0.0091673084534704,2024-08-05,2024-08-09,50.0,49.0,-2.0000000000000018,-2.0000000000000018,-2.5000000000000018,-3.0000000000000018,RESOLVED,open_price_proxy_execution_unverified,v1_next_xtks_open_to_fifth_close_with_ohlcv_actionability_guards
2024,2024-08-02,7776,DETECTED,3,4,4,0,0.0442804428044281,-0.2808132147395171,1.5222057181663078,0.9999509504875828,0.8642844,-0.0091673084534704,2024-08-05,2024-08-09,594.0,598.0,0.6734006734006703,0.6734006734006703,0.1734006734006703,-0.3265993265993296,RESOLVED,open_price_proxy_execution_unverified,v1_next_xtks_open_to_fifth_close_with_ohlcv_actionability_guards
2024,2024-08-02,3350,DETECTED,4,4,4,0,-0.0755354811584912,-0.4344827586206896,1.6719632367646058,0.9994098730537306,0.83261997,-0.0091673084534704,2024-08-05,2024-08-09,67.5,119.0,76.2962962962963,76.2962962962963,75.7962962962963,75.2962962962963,RESOLVED,open_price_proxy_execution_unverified,v1_next_xtks_open_to_fifth_close_with_ohlcv_actionability_guards
2024,2024-08-06,3350,DETECTED,1,1,1,0,-0.0402984619140625,-0.7077272588556462,1.6647478989392503,0.999133969546384,0.822636,-0.1948725059628486,2024-08-07,2024-08-14,74.30000305175781,108.0,45.35665621004965,45.35665621004965,44.85665621004965,44.35665621004965,RESOLVED,single_price_bar_execution_unverified,v1_next_xtks_open_to_fifth_close_with_ohlcv_actionability_guards
2024,2024-08-07,4935,DETECTED,1,2,2,0,0.1065573572778393,-0.080739326900398,0.1191590259806195,0.9993087084343704,0.82855165,-0.1227732300758361,2024-08-08,2024-08-15,186.1999969482422,175.39999389648438,-5.800216556802562,-5.800216556802562,-6.300216556802562,-6.800216556802561,RESOLVED,open_price_proxy_execution_unverified,v1_next_xtks_open_to_fifth_close_with_ohlcv_actionability_guards
2024,2024-08-07,7776,DETECTED,2,2,2,0,0.1318681318681318,0.3148936170212766,0.892591084427104,0.999952483284846,0.8647838,-0.1227732300758361,2024-08-08,2024-08-15,661.0,578.0,-12.556732223903175,-12.556732223903175,-13.05673222390318,-13.55673222390318,RESOLVED,open_price_proxy_execution_unverified,v1_next_xtks_open_to_fifth_close_with_ohlcv_actionability_guards
2024,2024-08-08,4564,DETECTED,2,3,1,2,0.1799999999999999,0.3720930232558139,1.0760473879830843,0.9997286948844424,0.84426314,-0.1182992123067379,2024-08-09,2024-08-16,60.0,49.0,-18.333333333333336,-18.333333333333336,-18.833333333333336,-19.333333333333336,RESOLVED,open_price_proxy_execution_unverified,v1_next_xtks_open_to_fifth_close_with_ohlcv_actionability_guards
2024,2024-08-09,4935,DETECTED,1,3,3,0,0.0076336379600079,-0.0523076766576522,0.1262750785593425,0.999751686843388,0.8453952,-0.0915910005569458,2024-08-13,2024-08-19,178.8000030517578,169.60000610351562,-5.145412075624534,-5.145412075624534,-5.645412075624534,-6.145412075624534,RESOLVED,open_price_proxy_execution_unverified,v1_next_xtks_open_to_fifth_close_with_ohlcv_actionability_guards
2024,2024-08-09,7776,DETECTED,2,3,3,0,-0.0870229007633587,0.2008032128514056,0.609911402739087,0.9999923360136848,0.8719596,-0.0915910005569458,2024-08-13,2024-08-19,633.0,671.0,6.00315955766193,6.00315955766193,5.50315955766193,5.00315955766193,RESOLVED,open_price_proxy_execution_unverified,v1_next_xtks_open_to_fifth_close_with_ohlcv_actionability_guards
2024,2024-08-09,3350,DETECTED,3,3,3,0,0.3325867405741098,-0.4870689655172413,3.2801228911968647,0.9999862048246326,0.87073183,-0.0915910005569458,2024-08-13,2024-08-19,112.0,107.5999984741211,-3.928572790963314,-3.928572790963314,-4.4285727909633135,-4.928572790963314,RESOLVED,open_price_proxy_execution_unverified,v1_next_xtks_open_to_fifth_close_with_ohlcv_actionability_guards
2024,2024-09-05,7776,DETECTED,1,1,1,0,0.144578313253012,0.0149572649572649,1.2217946574022056,0.9995598637054456,0.8379617,-0.0153846153989434,2024-09-06,2024-09-12,938.0,860.0,-8.315565031982942,-8.315565031982942,-8.815565031982942,-9.31556503198294,RESOLVED,open_price_proxy_execution_unverified,v1_next_xtks_open_to_fifth_close_with_ohlcv_actionability_guards
2024,2024-09-06,4316,DETECTED,1,2,2,0,0.1659751037344399,0.556786703601108,3.0179010501643035,0.9990119087883992,0.82037705,-0.014539579860866,2024-09-09,2024-09-13,587.0,535.0,-8.85860306643952,-8.85860306643952,-9.35860306643952,-9.858603066439516,RESOLVED,open_price_proxy_execution_unverified,v1_next_xtks_open_to_fifth_close_with_ohlcv_actionability_guards
2024,2024-09-06,3070,DETECTED,2,2,2,0,0.0077519379844961,0.1818181818181818,12.582930171887126,0.9994860153338758,0.83561826,-0.014539579860866,2024-09-09,2024-09-13,131.0,111.0,-15.267175572519086,-15.267175572519086,-15.767175572519088,-16.267175572519086,RESOLVED,open_price_proxy_execution_unverified,v1_next_xtks_open_to_fifth_close_with_ohlcv_actionability_guards
2024,2024-09-09,2586,DETECTED,1,2,2,0,0.1030927835051547,0.1263157894736841,0.5150927840081859,0.9993028713723834,0.8285883,-0.0255952458828687,2024-09-10,2024-09-17,108.0,131.0,21.2962962962963,21.2962962962963,20.7962962962963,20.2962962962963,RESOLVED,open_price_proxy_execution_unverified,v1_next_xtks_open_to_fifth_close_with_ohlcv_actionability_guards
2024,2024-09-09,8894,DETECTED,2,2,2,0,0.1,0.32,1.6730836117155083,0.999599741826093,0.8395341,-0.0255952458828687,2024-09-10,2024-09-17,350.0,330.0,-5.714285714285716,-5.714285714285716,-6.214285714285716,-6.714285714285715,RESOLVED,open_price_proxy_execution_unverified,v1_next_xtks_open_to_fifth_close_with_ohlcv_actionability_guards
2024,2024-09-10,4316,DETECTED,3,4,2,2,-0.0619335347432024,0.4243119266055046,3.8199148016436495,0.9994047821251494,0.8329106,-0.0269461069256067,2024-09-11,2024-09-18,611.0,499.0,-18.33060556464812,-18.33060556464812,-18.83060556464812,-19.33060556464812,RESOLVED,open_price_proxy_execution_unverified,v1_next_xtks_open_to_fifth_close_with_ohlcv_actionability_guards
2024,2024-09-10,3070,DETECTED,4,4,2,2,0.1111111111111111,0.1711711711711712,3.989617791615143,0.9992098224242058,0.8258953,-0.0269461069256067,2024-09-11,2024-09-18,128.0,112.0,-12.5,-12.5,-13.0,-13.5,RESOLVED,open_price_proxy_execution_unverified,v1_next_xtks_open_to_fifth_close_with_ohlcv_actionability_guards
2024,2024-09-11,3350,DETECTED,1,1,1,0,-0.00454132613015,-0.3276073713244104,0.703957050719821,0.9992954865352264,0.8283098,-0.0318840593099594,2024-09-12,2024-09-19,112.1999969482422,109.9000015258789,-2.049906849306138,-2.049906849306138,-2.549906849306138,-3.049906849306138,RESOLVED,open_price_proxy_execution_unverified,v1_next_xtks_open_to_fifth_close_with_ohlcv_actionability_guards
2024,2024-09-13,2586,DETECTED,1,3,3,0,0.045045045045045,0.0545454545454544,0.9351667070833364,0.9991359740526362,0.8241036,-0.0106534091755747,2024-09-17,2024-09-24,125.0,123.0,-1.6000000000000014,-1.6000000000000014,-2.1000000000000014,-2.6000000000000014,RESOLVED,open_price_proxy_execution_unverified,v1_next_xtks_open_to_fifth_close_with_ohlcv_actionability_guards
2024,2024-09-13,8894,DETECTED,2,3,3,0,0.0625,-0.1282051282051282,1.9329898132882537,0.99904440207189,0.8213416,-0.0106534091755747,2024-09-17,2024-09-24,320.0,360.0,12.5,12.5,12.0,11.5,RESOLVED,open_price_proxy_execution_unverified,v1_next_xtks_open_to_fifth_close_with_ohlcv_actionability_guards
2024,2024-09-13,4575,DETECTED,3,3,3,0,0.1535312180143295,0.3305785123966942,2.5738920764460542,0.999592356988936,0.83923703,-0.0106534091755747,2024-09-17,2024-09-24,1127.0,1182.0,4.880212954747121,4.880212954747121,4.380212954747121,3.8802129547471207,RESOLVED,open_price_proxy_execution_unverified,v1_next_xtks_open_to_fifth_close_with_ohlcv_actionability_guards
2024,2024-09-17,190A,DETECTED,1,2,2,0,-0.0387755102040816,-0.3703208556149733,0.97114020604172,0.9992275460333824,0.8261335,-0.0081632649526,2024-09-18,2024-09-25,469.0,359.0,-23.454157782515995,-23.454157782515995,-23.954157782515995,-24.454157782515995,RESOLVED,open_price_proxy_execution_unverified,v1_next_xtks_open_to_fifth_close_with_ohlcv_actionability_guards
2024,2024-09-17,4883,DETECTED,2,2,2,0,0.326086956521739,0.1090909090909091,4.43260258290752,0.9990370172347328,0.8211521,-0.0081632649526,2024-09-18,2024-09-25,141.0,95.0,-32.62411347517731,-32.62411347517731,-33.12411347517731,-33.62411347517731,RESOLVED,open_price_proxy_execution_unverified,v1_next_xtks_open_to_fifth_close_with_ohlcv_actionability_guards
2024,2024-10-04,6836,DETECTED,1,1,1,0,0.0112708423015039,-0.1027586606201453,0.4598637123387477,0.9991099064540396,0.82656276,-0.0129946884699165,2024-10-07,2024-10-11,849.6666870117188,870.0,2.393092879726,2.393092879726,1.893092879726,1.3930928797259998,RESOLVED,open_price_proxy_execution_unverified,v1_next_xtks_open_to_fifth_close_with_ohlcv_actionability_guards
2024,2024-10-16,2156,DETECTED,1,1,1,0,0.0913043478260868,0.2184466019417474,3.2487787388517906,0.9998794066808698,0.86010617,-0.0108499452471733,2024-10-17,2024-10-23,480.0,582.0,21.249999999999996,21.249999999999996,20.74999999999999,20.24999999999999,RESOLVED,open_price_proxy_execution_unverified,v1_next_xtks_open_to_fifth_close_with_ohlcv_actionability_guards
2024,2024-10-17,8894,DETECTED,1,2,1,1,0.1999999999999999,0.1707317073170731,2.011222909581185,0.9990941144717724,0.82598865,-0.0062920073978602,2024-10-18,2024-10-24,472.0,498.0,5.508474576271194,5.508474576271194,5.008474576271194,4.508474576271194,RESOLVED,open_price_proxy_execution_unverified,v1_next_xtks_open_to_fifth_close_with_ohlcv_actionability_guards
2024,2024-10-18,3936,DETECTED,1,2,2,0,-0.069620253164557,0.4411764705882353,0.7557677444816567,0.9993295585710266,0.8327826,-0.0084329396486282,2024-10-21,2024-10-25,144.0,146.0,1.388888888888884,1.388888888888884,0.8888888888888838,0.3888888888888839,RESOLVED,open_price_proxy_execution_unverified,v1_next_xtks_open_to_fifth_close_with_ohlcv_actionability_guards
2024,2024-10-18,2156,DETECTED,2,2,2,0,0.1661129568106312,0.2272727272727273,2.819314483835322,0.9993353011100328,0.83298516,-0.0084329396486282,2024-10-21,2024-10-25,687.0,499.0,-27.365356622998547,-27.365356622998547,-27.86535662299855,-28.36535662299855,RESOLVED,open_price_proxy_execution_unverified,v1_next_xtks_open_to_fifth_close_with_ohlcv_actionability_guards
2024,2024-10-22,2156,DETECTED,1,1,1,0,-0.0861111111111111,-0.1476683937823834,2.0034245272249915,0.9994917852979516,0.8380708,-0.0043482300825417,2024-10-23,2024-10-29,648.0,625.0,-3.549382716049388,-3.549382716049388,-4.049382716049387,-4.549382716049387,RESOLVED,open_price_proxy_execution_unverified,v1_next_xtks_open_to_fifth_close_with_ohlcv_actionability_guards
2024,2024-10-23,2901,DETECTED,1,1,1,0,0.0162002945508099,0.3609467455621302,3.1422621907965493,0.9995980222695664,0.84256756,-0.0188240688294172,2024-10-24,2024-10-30,690.0,702.0,1.7391304347825989,1.7391304347825989,1.2391304347825989,0.7391304347825987,RESOLVED,open_price_proxy_execution_unverified,v1_next_xtks_open_to_fifth_close_with_ohlcv_actionability_guards
2024,2024-10-24,2586,DETECTED,1,1,1,0,0.3421052631578947,0.3304347826086957,7.229351491674282,0.9994113897518648,0.8356687,-0.0203349273651838,2024-10-25,2024-10-31,161.0,244.0,51.5527950310559,51.5527950310559,51.0527950310559,50.55279503105589,RESOLVED,open_price_proxy_execution_unverified,v1_next_xtks_open_to_fifth_close_with_ohlcv_actionability_guards
2024,2024-10-25,6836,DETECTED,1,2,1,1,0.1864091821713072,0.2033898305084744,4.171631836371721,0.9990137189256858,0.8239083,-0.0211970079690217,2024-10-28,2024-11-01,1085.0,941.6666870117188,-13.210443593389977,-13.210443593389977,-13.710443593389977,-14.210443593389977,RESOLVED,open_price_proxy_execution_unverified,v1_next_xtks_open_to_fifth_close_with_ohlcv_actionability_guards
2024,2024-10-28,2586,DETECTED,1,2,2,0,0.0064102564102563,0.4811320754716981,2.357636785996364,0.999751635187982,0.8502385,-0.0302437450736761,2024-10-29,2024-11-05,197.0,247.0,25.380710659898487,25.380710659898487,24.880710659898487,24.380710659898487,RESOLVED,open_price_proxy_execution_unverified,v1_next_xtks_open_to_fifth_close_with_ohlcv_actionability_guards
2024,2024-10-28,8894,DETECTED,2,2,2,0,-0.0138408304498269,0.3255813953488371,4.931941236541474,0.999605200443324,0.8428465,-0.0302437450736761,2024-10-29,2024-11-05,557.0,440.0,-21.00538599640933,-21.00538599640933,-21.50538599640933,-22.00538599640933,RESOLVED,open_price_proxy_execution_unverified,v1_next_xtks_open_to_fifth_close_with_ohlcv_actionability_guards
2024,2024-10-29,3350,DETECTED,2,3,2,1,0.1973912778108015,0.2461538185361285,3.8860164014324767,0.9999066837411492,0.86356074,-0.0173758501186966,2024-10-30,2024-11-06,163.3000030517578,209.5,28.2914856612704,28.2914856612704,27.7914856612704,27.2914856612704,RESOLVED,open_price_proxy_execution_unverified,v1_next_xtks_open_to_fifth_close_with_ohlcv_actionability_guards
2024,2024-10-29,4883,DETECTED,3,3,2,1,0.4504504504504505,0.5631067961165048,4.169145687490442,0.9992333710426728,0.8297459,-0.0173758501186966,2024-10-30,2024-11-06,151.0,124.0,-17.88079470198676,-17.88079470198676,-18.38079470198676,-18.88079470198676,RESOLVED,open_price_proxy_execution_unverified,v1_next_xtks_open_to_fifth_close_with_ohlcv_actionability_guards
2024,2024-11-07,2901,DETECTED,1,1,1,0,0.0080459770114942,0.2710144927536231,2.0011162912863614,0.9994615719594468,0.83857626,0.0,2024-11-08,2024-11-14,890.0,710.0,-20.2247191011236,-20.2247191011236,-20.7247191011236,-21.2247191011236,RESOLVED,open_price_proxy_execution_unverified,v1_next_xtks_open_to_fifth_close_with_ohlcv_actionability_guards
2024,2024-11-19,2901,DETECTED,1,2,2,0,0.1479289940828403,-0.0324189526184538,0.9920600187558613,0.9994629632463732,0.8385913,-0.0085910651832818,2024-11-20,2024-11-26,770.0,723.0,-6.1038961038961,-6.1038961038961,-6.603896103896101,-7.1038961038961,RESOLVED,open_price_proxy_execution_unverified,v1_next_xtks_open_to_fifth_close_with_ohlcv_actionability_guards
2024,2024-11-19,3350,DETECTED,2,2,2,0,0.1509528938057118,0.3539823008849558,1.9454989950752808,0.9996048745128756,0.8440959,-0.0085910651832818,2024-11-20,2024-11-26,233.1999969482422,254.0,8.919383929655144,8.919383929655144,8.419383929655144,7.919383929655146,RESOLVED,open_price_proxy_execution_unverified,v1_next_xtks_open_to_fifth_close_with_ohlcv_actionability_guards
2024,2024-11-21,4833,DETECTED,1,1,1,0,0.379746835443038,0.1595744680851063,4.173592577263349,0.9995394840273304,0.84156376,-0.0034351143985986,2024-11-22,2024-11-28,118.0,87.0,-26.27118644067796,-26.27118644067796,-26.77118644067796,-27.271186440677965,RESOLVED,open_price_proxy_execution_unverified,v1_next_xtks_open_to_fifth_close_with_ohlcv_actionability_guards
2024,2024-12-02,2586,DETECTED,1,1,1,0,-0.0729166666666666,-0.1359223300970874,0.4611945993407775,0.9996823105083572,0.8559452,-0.0063948880415409,2024-12-03,2024-12-09,175.0,136.0,-22.285714285714285,-22.285714285714285,-22.78571428571429,-23.28571428571429,RESOLVED,open_price_proxy_execution_unverified,v1_next_xtks_open_to_fifth_close_with_ohlcv_actionability_guards
2024,2024-12-03,5950,DETECTED,1,1,1,0,-0.1149999999999999,0.5526315789473684,1.4377064395490404,0.9994213995641572,0.84596914,-0.0047653543297201,2024-12-04,2024-12-10,530.0,489.0,-7.735849056603772,-7.735849056603772,-8.235849056603772,-8.73584905660377,RESOLVED,open_price_proxy_execution_unverified,v1_next_xtks_open_to_fifth_close_with_ohlcv_actionability_guards
2024,2024-12-09,4583,DETECTED,1,2,2,0,0.1182266009852217,-0.0130434782608696,0.6032784672553979,0.9993781397184864,0.84475505,0.0,2024-12-10,2024-12-16,223.0,252.0,13.004484304932728,13.004484304932728,12.504484304932728,12.00448430493273,RESOLVED,open_price_proxy_execution_unverified,v1_next_xtks_open_to_fifth_close_with_ohlcv_actionability_guards
2024,2024-12-09,3807,DETECTED,2,2,2,0,0.2903225806451612,0.1851851851851851,3.3612326544857583,0.99906720957773,0.8357663,0.0,2024-12-10,2024-12-16,163.0,162.0,-0.6134969325153339,-0.6134969325153339,-1.113496932515334,-1.613496932515334,RESOLVED,open_price_proxy_execution_unverified,v1_next_xtks_open_to_fifth_close_with_ohlcv_actionability_guards
2024,2024-12-11,3807,DETECTED,1,1,1,0,-0.0792079207920791,0.5245901639344261,3.8973209670894846,0.999860757371748,0.8679894,-0.0026744852075353,2024-12-12,2024-12-18,199.0,158.0,-20.603015075376884,-20.603015075376884,-21.103015075376884,-21.603015075376884,RESOLVED,open_price_proxy_execution_unverified,v1_next_xtks_open_to_fifth_close_with_ohlcv_actionability_guards
2024,2024-12-18,4935,DETECTED,1,1,1,0,0.0246842889040659,0.5589519650655022,4.592147843063839,0.9998107381751916,0.86399317,-0.0065781746525317,2024-12-19,2024-12-25,333.0,684.0,105.4054054054054,105.4054054054054,104.9054054054054,104.4054054054054,RESOLVED,open_price_proxy_execution_unverified,v1_next_xtks_open_to_fifth_close_with_ohlcv_actionability_guards
2024,2024-12-25,4576,DETECTED,1,1,1,0,-0.1314285714285714,0.52,0.7065999037882451,0.9990361165636542,0.8346677,-0.0031088116811588,2024-12-26,2025-01-07,,,,,,,PURGED_SPLIT_BOUNDARY,not_available,v1_next_xtks_open_to_fifth_close_with_ohlcv_actionability_guards
2024,2024-12-26,8783,DETECTED,1,1,1,0,-0.153448275862069,0.2853403141361257,1.975978193415605,0.9996904217294204,0.8566859,-0.001390820601955,2024-12-27,2025-01-08,,,,,,,PURGED_SPLIT_BOUNDARY,not_available,v1_next_xtks_open_to_fifth_close_with_ohlcv_actionability_guards
2025,2025-01-10,7074,DETECTED,1,1,1,0,0.0324483775811208,0.4522821576763485,3.0800598856878167,0.9990941245257592,0.83125556,-0.0079634599387645,2025-01-14,2025-01-20,334.0,326.0,-2.39520958083832,-2.39520958083832,-2.89520958083832,-3.39520958083832,RESOLVED,open_price_proxy_execution_unverified,v1_next_xtks_open_to_fifth_close_with_ohlcv_actionability_guards
2025,2025-01-14,4935,DETECTED,1,1,1,0,-0.4579945799457995,-0.3939393939393939,4.734098619849139,0.9999895122955226,0.87415063,-0.0129361934959888,2025-01-15,2025-01-21,390.0,372.3999938964844,-4.512822077824518,-4.512822077824518,-5.012822077824518,-5.512822077824519,RESOLVED,open_price_proxy_execution_unverified,v1_next_xtks_open_to_fifth_close_with_ohlcv_actionability_guards
2025,2025-01-15,4416,DETECTED,2,2,1,1,0.2112676056338027,-0.0358744394618834,4.321795767212955,0.9996132658973936,0.8455763,-0.0187053997069597,2025-01-16,2025-01-22,890.0,720.0,-19.10112359550562,-19.10112359550562,-19.60112359550562,-20.10112359550562,RESOLVED,open_price_proxy_execution_unverified,v1_next_xtks_open_to_fifth_close_with_ohlcv_actionability_guards
2025,2025-01-16,4935,DETECTED,1,2,1,1,-0.166262736521397,-0.5168539325842696,1.2127005603188377,0.9999318299208964,0.8623479,-0.0209545977413654,2025-01-17,2025-01-23,346.0,405.0,17.052023121387293,17.052023121387293,16.552023121387293,16.052023121387293,RESOLVED,open_price_proxy_execution_unverified,v1_next_xtks_open_to_fifth_close_with_ohlcv_actionability_guards
2025,2025-01-20,4935,DETECTED,1,3,3,0,-0.1329386250944332,-0.6565031852803505,0.6999014420220462,0.9997758253167942,0.8509297,-0.015739619731903,2025-01-21,2025-01-27,338.20001220703125,358.0,5.85452012959955,5.85452012959955,5.35452012959955,4.85452012959955,RESOLVED,open_price_proxy_execution_unverified,v1_next_xtks_open_to_fifth_close_with_ohlcv_actionability_guards
2025,2025-01-20,8783,DETECTED,2,3,3,0,0.1792114695340501,0.4954545454545453,0.918337654439117,0.999372048694412,0.8385466,-0.015739619731903,2025-01-21,2025-01-27,668.0,621.0,-7.035928143712578,-7.035928143712578,-7.535928143712578,-8.035928143712576,RESOLVED,open_price_proxy_execution_unverified,v1_next_xtks_open_to_fifth_close_with_ohlcv_actionability_guards
2025,2025-01-20,3807,DETECTED,3,3,3,0,0.3546099290780142,0.1937500000000001,5.259769679461376,0.999375981583591,0.8387453,-0.015739619731903,2025-01-21,2025-01-27,180.0,224.0,24.444444444444446,24.444444444444446,23.944444444444446,23.444444444444446,RESOLVED,open_price_proxy_execution_unverified,v1_next_xtks_open_to_fifth_close_with_ohlcv_actionability_guards
2025,2025-01-21,2345,DETECTED,3,4,1,3,0.1488933601609658,0.5432432432432432,5.235216459875166,0.9993038786153084,0.8363446,-0.0065510657150298,2025-01-22,2025-01-28,571.0,563.0,-1.4010507880910628,-1.4010507880910628,-1.9010507880910628,-2.4010507880910628,RESOLVED,open_price_proxy_execution_unverified,v1_next_xtks_open_to_fifth_close_with_ohlcv_actionability_guards
2025,2025-02-04,5246,DETECTED,1,1,1,0,0.1339600470035253,0.4149560117302053,3.098481440483351,0.9997078858075872,0.8511602,-0.0065149951260536,2025-02-05,2025-02-12,1001.0,904.0,-9.690309690309697,-9.690309690309697,-10.190309690309697,-10.690309690309697,RESOLVED,open_price_proxy_execution_unverified,v1_next_xtks_open_to_fifth_close_with_ohlcv_actionability_guards
2025,2025-02-05,4935,DETECTED,1,3,2,1,0.2139800331884112,-0.0570637288186028,0.9811907783864288,0.9993430619690282,0.8406932,-0.0084745762869715,2025-02-06,2025-02-13,316.3999938964844,333.20001220703125,5.309740402853258,5.309740402853258,4.809740402853258,4.309740402853258,RESOLVED,open_price_proxy_execution_unverified,v1_next_xtks_open_to_fifth_close_with_ohlcv_actionability_guards
2025,2025-02-05,6634,DETECTED,3,3,2,1,0.3184713375796177,0.5,4.082631552735178,0.9999489756869148,0.86454576,-0.0084745762869715,2025-02-06,2025-02-13,200.0,206.0,3.0000000000000027,3.0000000000000027,2.5000000000000027,2.0000000000000027,RESOLVED,open_price_proxy_execution_unverified,v1_next_xtks_open_to_fifth_close_with_ohlcv_actionability_guards
2025,2025-02-21,5597,DETECTED,1,1,1,0,0.1262032085561497,0.5530973451327434,3.4840184943210373,0.999241013342858,0.8372623,-0.0111248455941677,2025-02-25,2025-03-03,1023.0,1055.0,3.128054740957964,3.128054740957964,2.628054740957964,2.128054740957964,RESOLVED,open_price_proxy_execution_unverified,v1_next_xtks_open_to_fifth_close_with_ohlcv_actionability_guards
2025,2025-02-27,5597,DETECTED,1,1,1,0,0.165,0.3738207547169812,2.1345802361072685,0.9996504834553664,0.8493127,-0.0145608270540833,2025-02-28,2025-03-06,1080.0,964.0,-10.74074074074074,-10.74074074074074,-11.24074074074074,-11.74074074074074,RESOLVED,open_price_proxy_execution_unverified,v1_next_xtks_open_to_fifth_close_with_ohlcv_actionability_guards
2025,2025-03-03,8836,DETECTED,1,1,1,0,0.3703703703703704,0.48,6.522409937828399,0.9998779166095698,0.85594755,-0.0084925694391131,2025-03-04,2025-03-10,35.0,32.0,-8.571428571428575,-8.571428571428575,-9.071428571428577,-9.571428571428571,RESOLVED,open_price_proxy_execution_unverified,v1_next_xtks_open_to_fifth_close_with_ohlcv_actionability_guards
2025,2025-04-10,3823,DETECTED,1,2,2,0,0.0,-0.1037735849056603,0.5388669538381947,0.9992843212899228,0.837809,-0.0950459763407707,2025-04-11,2025-04-17,93.0,122.0,31.182795698924725,31.182795698924725,30.682795698924725,30.182795698924725,RESOLVED,open_price_proxy_execution_unverified,v1_next_xtks_open_to_fifth_close_with_ohlcv_actionability_guards
2025,2025-04-10,2334,DETECTED,2,2,2,0,0.1818181818181818,0.5210608786420392,1.0673216805199173,0.9991215013456948,0.8339196,-0.0950459763407707,2025-04-11,2025-04-17,100.5,82.80000305175781,-17.61193726193252,-17.61193726193252,-18.11193726193252,-18.61193726193252,RESOLVED,open_price_proxy_execution_unverified,v1_next_xtks_open_to_fifth_close_with_ohlcv_actionability_guards
2025,2025-05-19,9610,DETECTED,1,1,1,0,0.0397350993377483,0.4403669724770642,1.42225265833947,0.9999858395550788,0.87112796,0.0,2025-05-20,2025-05-26,154.0,129.0,-16.233766233766232,-16.233766233766232,-16.733766233766232,-17.233766233766236,RESOLVED,open_price_proxy_execution_unverified,v1_next_xtks_open_to_fifth_close_with_ohlcv_actionability_guards
2025,2025-05-21,6786,DETECTED,1,2,2,0,-0.1999999999999999,0.2698412698412697,4.812104441579573,0.9992152753439512,0.8377734,-0.0056937369517982,2025-05-22,2025-05-28,78.0,71.0,-8.974358974358976,-8.974358974358976,-9.474358974358976,-9.974358974358974,RESOLVED,open_price_proxy_execution_unverified,v1_next_xtks_open_to_fifth_close_with_ohlcv_actionability_guards
2025,2025-05-21,6085,DETECTED,2,2,2,0,0.0489796229771204,0.3967392008561505,4.8606242181829415,0.9995669263928272,0.84889096,-0.0056937369517982,2025-05-22,2025-05-28,24.89999961853028,22.5,-9.63855283252385,-9.63855283252385,-10.13855283252385,-10.63855283252385,RESOLVED,open_price_proxy_execution_unverified,v1_next_xtks_open_to_fifth_close_with_ohlcv_actionability_guards
2025,2025-05-22,2334,DETECTED,1,1,1,0,0.1077669754769037,0.5566165583042886,11.564851679470644,0.999955158591083,0.8672619,-0.0043649063445627,2025-05-23,2025-05-29,102.0999984741211,117.5,15.083253433918786,15.083253433918786,14.583253433918786,14.083253433918784,RESOLVED,open_price_proxy_execution_unverified,v1_next_xtks_open_to_fifth_close_with_ohlcv_actionability_guards
2025,2025-05-26,9610,DETECTED,1,3,3,0,0.0238095238095237,0.3578947368421052,0.8804082306491975,0.9996920103229644,0.8543162,-0.0023584906011819,2025-05-27,2025-06-02,127.0,147.0,15.748031496062984,15.748031496062984,15.248031496062984,14.748031496062984,RESOLVED,open_price_proxy_execution_unverified,v1_next_xtks_open_to_fifth_close_with_ohlcv_actionability_guards
2025,2025-05-26,3936,DETECTED,2,3,3,0,0.181159420289855,0.5233644859813085,3.987656946005393,0.9992294357888724,0.8383209,-0.0023584906011819,2025-05-27,2025-06-02,156.0,167.0,7.051282051282048,7.051282051282048,6.551282051282048,6.051282051282048,RESOLVED,open_price_proxy_execution_unverified,v1_next_xtks_open_to_fifth_close_with_ohlcv_actionability_guards
2025,2025-05-26,3825,DETECTED,3,3,3,0,0.0526315789473683,0.3519813519813519,4.382669750651177,0.9992258956776422,0.8381534,-0.0023584906011819,2025-05-27,2025-06-02,571.0,489.0,-14.360770577933446,-14.360770577933446,-14.860770577933447,-15.360770577933447,RESOLVED,open_price_proxy_execution_unverified,v1_next_xtks_open_to_fifth_close_with_ohlcv_actionability_guards
2025,2025-06-09,3936,DETECTED,1,1,1,0,0.0842105263157895,0.2638036809815951,1.1654522267119505,0.9992781155015198,0.8381869,-0.0010030090343207,2025-06-10,2025-06-16,207.0,318.0,53.62318840579709,53.62318840579709,53.12318840579709,52.62318840579709,RESOLVED,open_price_proxy_execution_unverified,v1_next_xtks_open_to_fifth_close_with_ohlcv_actionability_guards
2025,2025-06-17,3903,DETECTED,1,2,2,0,0.0235732009925557,0.5277777777777777,4.759695602523923,0.9990040987381412,0.8318634,0.0,2025-06-18,2025-06-24,795.0,742.0,-6.666666666666665,-6.666666666666665,-7.166666666666666,-7.666666666666664,RESOLVED,open_price_proxy_execution_unverified,v1_next_xtks_open_to_fifth_close_with_ohlcv_actionability_guards
2025,2025-06-17,9610,DETECTED,2,2,2,0,0.217741935483871,0.0633802816901407,5.995099505907279,0.9998157870498297,0.8564178,0.0,2025-06-18,2025-06-24,148.0,123.0,-16.8918918918919,-16.8918918918919,-17.3918918918919,-17.8918918918919,RESOLVED,open_price_proxy_execution_unverified,v1_next_xtks_open_to_fifth_close_with_ohlcv_actionability_guards
2025,2025-06-24,3936,DETECTED,1,2,2,0,0.1983122362869198,0.2622222222222221,1.507169840600162,0.999025974025974,0.83230954,-0.0010881392518058,2025-06-25,2025-07-01,295.0,237.0,-19.661016949152543,-19.661016949152543,-20.161016949152543,-20.661016949152543,RESOLVED,open_price_proxy_execution_unverified,v1_next_xtks_open_to_fifth_close_with_ohlcv_actionability_guards
2025,2025-06-24,6574,DETECTED,2,2,2,0,0.0525714111328126,0.4234930883814103,2.654984294924781,0.9997236805747444,0.8524431,-0.0010881392518058,2025-06-25,2025-07-01,89.69999694824219,79.0999984741211,-11.817167039857758,-11.817167039857758,-12.317167039857758,-12.817167039857758,RESOLVED,open_price_proxy_execution_unverified,v1_next_xtks_open_to_fifth_close_with_ohlcv_actionability_guards
2025,2025-07-04,5721,DETECTED,1,2,2,0,-0.1530054644808742,-0.509493670886076,0.7564046262865318,0.9990781089090656,0.8365466,0.0,2025-07-07,2025-07-11,153.0,137.0,-10.457516339869278,-10.457516339869278,-10.957516339869278,-11.457516339869276,RESOLVED,open_price_proxy_execution_unverified,v1_next_xtks_open_to_fifth_close_with_ohlcv_actionability_guards
2025,2025-07-04,6046,DETECTED,2,2,2,0,0.0290697674418605,0.4508196721311475,7.164188351920694,0.9990915999982012,0.8368756,0.0,2025-07-07,2025-07-11,172.0,132.0,-23.25581395348837,-23.25581395348837,-23.75581395348837,-24.25581395348837,RESOLVED,open_price_proxy_execution_unverified,v1_next_xtks_open_to_fifth_close_with_ohlcv_actionability_guards
2025,2025-07-07,4594,DETECTED,1,2,2,0,-0.1097560975609756,0.2586206896551724,5.598501878582697,0.9994873386128462,0.8473966,-0.0026583966100588,2025-07-08,2025-07-14,72.0,63.0,-12.5,-12.5,-13.0,-13.5,RESOLVED,open_price_proxy_execution_unverified,v1_next_xtks_open_to_fifth_close_with_ohlcv_actionability_guards
2025,2025-07-07,6786,DETECTED,2,2,2,0,0.03,0.4927536231884057,6.87095308261151,0.999207398513282,0.84034735,-0.0026583966100588,2025-07-08,2025-07-14,100.0,106.0,6.000000000000005,6.000000000000005,5.500000000000005,5.000000000000005,RESOLVED,open_price_proxy_execution_unverified,v1_next_xtks_open_to_fifth_close_with_ohlcv_actionability_guards
2025,2025-07-08,7603,DETECTED,2,2,1,1,0.1634615384615385,0.0521739130434781,1.7371461647205495,0.9993220727709348,0.84334844,-0.0058253305032849,2025-07-09,2025-07-15,462.0,423.0,-8.441558441558438,-8.441558441558438,-8.941558441558438,-9.441558441558438,RESOLVED,open_price_proxy_execution_unverified,v1_next_xtks_open_to_fifth_close_with_ohlcv_actionability_guards
2025,2025-07-17,2134,DETECTED,1,2,2,0,0.1730769230769231,-0.2560975609756097,1.3574344604768505,0.9994344985137316,0.8462123,0.0,2025-07-18,2025-07-25,58.0,81.0,39.6551724137931,39.6551724137931,39.1551724137931,38.6551724137931,RESOLVED,open_price_proxy_execution_unverified,v1_next_xtks_open_to_fifth_close_with_ohlcv_actionability_guards
2025,2025-07-17,6731,DETECTED,2,2,2,0,-0.1604938271604938,0.5454545454545454,1.5805184493390838,0.9996110069299228,0.85236394,0.0,2025-07-18,2025-07-25,740.0,820.0,10.81081081081081,10.81081081081081,10.31081081081081,9.810810810810812,RESOLVED,open_price_proxy_execution_unverified,v1_next_xtks_open_to_fifth_close_with_ohlcv_actionability_guards
2025,2025-07-22,6574,DETECTED,1,1,1,0,0.0476190633465147,0.1921183089878591,4.520094562647754,0.99920852277071,0.8403881,-0.0021978022996336,2025-07-23,2025-07-29,96.8000030517578,90.1999969482422,-6.818187908513451,-6.818187908513451,-7.318187908513451,-7.81818790851345,RESOLVED,open_price_proxy_execution_unverified,v1_next_xtks_open_to_fifth_close_with_ohlcv_actionability_guards
2025,2025-09-02,2334,DETECTED,1,3,3,0,0.0792207792207793,0.4427083333333332,1.5670968214085332,0.9994854491685008,0.8379979,-0.0045465917792171,2025-09-03,2025-09-09,816.0,756.0,-7.352941176470584,-7.352941176470584,-7.852941176470585,-8.352941176470583,RESOLVED,open_price_proxy_execution_unverified,v1_next_xtks_open_to_fifth_close_with_ohlcv_actionability_guards
2025,2025-09-02,8105,DETECTED,2,3,3,0,0.0,0.4259259259259258,1.9943802618080129,0.9999849609360312,0.8650231,-0.0045465917792171,2025-09-03,2025-09-09,740.0,688.0,-7.027027027027022,-7.027027027027022,-7.527027027027023,-8.027027027027021,RESOLVED,open_price_proxy_execution_unverified,v1_next_xtks_open_to_fifth_close_with_ohlcv_actionability_guards
2025,2025-09-02,7138,DETECTED,3,3,3,0,0.1253405994550409,0.5456586120213212,4.195621112432516,0.999416699161787,0.8363987,-0.0045465917792171,2025-09-03,2025-09-09,381.0,327.0,-14.173228346456687,-14.173228346456687,-14.67322834645669,-15.17322834645669,RESOLVED,open_price_proxy_execution_unverified,v1_next_xtks_open_to_fifth_close_with_ohlcv_actionability_guards
2025,2025-10-01,2673,DETECTED,1,3,3,0,0.2512562814070351,0.1165919282511209,1.5888707079900208,0.9993727418443284,0.83548903,-0.0113293197937309,2025-10-02,2025-10-08,268.0,217.0,-19.02985074626866,-19.02985074626866,-19.52985074626866,-20.029850746268664,RESOLVED,open_price_proxy_execution_unverified,v1_next_xtks_open_to_fifth_close_with_ohlcv_actionability_guards
2025,2025-10-01,4586,DETECTED,2,3,3,0,0.0,0.4174757281553398,2.755093609557684,0.9996590073113464,0.8449016,-0.0113293197937309,2025-10-02,2025-10-08,146.0,133.0,-8.904109589041099,-8.904109589041099,-9.4041095890411,-9.904109589041097,RESOLVED,open_price_proxy_execution_unverified,v1_next_xtks_open_to_fifth_close_with_ohlcv_actionability_guards
2025,2025-10-01,2323,DETECTED,3,3,3,0,0.0011024685018732,0.2699300543496736,10.207855929690238,0.999299070584434,0.8333313,-0.0113293197937309,2025-10-02,2025-10-08,292.6666564941406,269.3333435058594,-7.972658473565608,-7.972658473565608,-8.472658473565609,-8.972658473565607,RESOLVED,open_price_proxy_execution_unverified,v1_next_xtks_open_to_fifth_close_with_ohlcv_actionability_guards
2025,2025-10-02,4446,DETECTED,1,3,2,1,-0.0844062947067239,0.5609756097560976,2.940717871955593,0.9990822665910308,0.8277945,-0.0320415943861007,2025-10-03,2025-10-09,680.0,1252.0,84.11764705882352,84.11764705882352,83.61764705882352,83.11764705882352,RESOLVED,open_price_proxy_execution_unverified,v1_next_xtks_open_to_fifth_close_with_ohlcv_actionability_guards
2025,2025-10-02,3185,DETECTED,2,3,2,1,0.2450000000000001,0.2205882352941177,3.4496540707764787,0.9997747764340372,0.84983265,-0.0320415943861007,2025-10-03,2025-10-09,251.0,226.0,-9.960159362549804,-9.960159362549804,-10.460159362549804,-10.960159362549804,RESOLVED,open_price_proxy_execution_unverified,v1_next_xtks_open_to_fifth_close_with_ohlcv_actionability_guards
2025,2025-10-14,6177,DETECTED,1,1,1,0,0.0845070422535212,0.3668639053254439,4.25403992183387,0.9992096126259912,0.83103484,-0.002224694006145,2025-10-15,2025-10-21,225.0,192.0,-14.66666666666666,-14.66666666666666,-15.16666666666666,-15.666666666666664,RESOLVED,open_price_proxy_execution_unverified,v1_next_xtks_open_to_fifth_close_with_ohlcv_actionability_guards
2025,2025-10-30,7746,DETECTED,1,1,1,0,0.1676300578034681,0.5018587360594795,3.296453782363966,0.9999431678852244,0.8593523,-0.0180425224825739,2025-10-31,2025-11-07,425.0,394.0,-7.294117647058829,-7.294117647058829,-7.79411764705883,-8.294117647058828,RESOLVED,open_price_proxy_execution_unverified,v1_next_xtks_open_to_fifth_close_with_ohlcv_actionability_guards
2025,2025-10-31,8105,DETECTED,1,1,1,0,0.0543130990415334,0.5639810426540284,0.8707733687471982,0.9991601476372048,0.8299481,-0.0167130921036005,2025-11-04,2025-11-10,699.0,674.0,-3.576537911301858,-3.576537911301858,-4.076537911301858,-4.576537911301858,RESOLVED,open_price_proxy_execution_unverified,v1_next_xtks_open_to_fifth_close_with_ohlcv_actionability_guards
2025,2025-11-18,6993,DETECTED,1,1,1,0,0.25,0.5,3.361408922965209,0.9998013465206306,0.85459596,-0.0004848635580856,2025-11-19,2025-11-26,65.0,76.0,16.92307692307693,16.92307692307693,16.42307692307693,15.923076923076929,RESOLVED,open_price_proxy_execution_unverified,v1_next_xtks_open_to_fifth_close_with_ohlcv_actionability_guards
2025,2025-11-20,6993,DETECTED,1,1,1,0,0.0689655172413792,0.3777777777777777,1.6278812232930793,0.9991312770124988,0.8303299,-0.0207313038408756,2025-11-21,2025-11-28,60.0,138.0,129.99999999999997,129.99999999999997,129.5,128.99999999999997,RESOLVED,open_price_proxy_execution_unverified,v1_next_xtks_open_to_fifth_close_with_ohlcv_actionability_guards
2025,2025-12-05,6993,DETECTED,1,1,1,0,-0.0645161290322581,0.403225806451613,0.8988127419482476,0.9994296866310052,0.8388989,-0.0049689516890794,2025-12-08,2025-12-12,90.0,78.0,-13.33333333333333,-13.33333333333333,-13.83333333333333,-14.333333333333332,RESOLVED,open_price_proxy_execution_unverified,v1_next_xtks_open_to_fifth_close_with_ohlcv_actionability_guards
2025,2025-12-09,6993,DETECTED,1,1,1,0,-0.0555555555555555,0.2749999999999999,0.799532437849218,0.9990535224940088,0.8282978,-0.0040404042229056,2025-12-10,2025-12-16,100.0,77.0,-23.0,-23.0,-23.5,-24.0,RESOLVED,open_price_proxy_execution_unverified,v1_next_xtks_open_to_fifth_close_with_ohlcv_actionability_guards
2025,2025-12-17,6629,DETECTED,1,1,1,0,0.144736842105263,0.4326347305389222,2.745023884454169,0.9994317090188384,0.8390068,0.0,2025-12-18,2025-12-24,930.0,1114.0,19.78494623655913,19.78494623655913,19.28494623655913,18.78494623655913,RESOLVED,open_price_proxy_execution_unverified,v1_next_xtks_open_to_fifth_close_with_ohlcv_actionability_guards
2025,2025-12-18,6433,DETECTED,1,1,1,0,0.1451378809869377,0.2934426229508196,1.145472218168401,0.9991020598020084,0.8291018,-0.0023781516356393,2025-12-19,2025-12-25,802.0,1010.0,25.935162094763097,25.935162094763097,25.435162094763097,24.935162094763097,RESOLVED,open_price_proxy_execution_unverified,v1_next_xtks_open_to_fifth_close_with_ohlcv_actionability_guards
2025,2025-12-23,5817,DETECTED,1,1,1,0,0.068068068068068,0.4881450488145049,2.105664090396915,0.9996450709352532,0.84650475,-0.0015479875728487,2025-12-24,2025-12-30,1087.0,1235.0,13.615455381784724,13.615455381784724,13.115455381784724,12.615455381784724,RESOLVED,open_price_proxy_execution_unverified,v1_next_xtks_open_to_fifth_close_with_ohlcv_actionability_guards
2026,2026-01-22 00:00:00,2667,DETECTED,1,1,1,0,-0.07621951219512191,0.3526785714285714,5.257495662730283,0.9991477433014703,0.8322869539260864,-0.001281527045648545,2026-01-23 00:00:00,2026-01-29 00:00:00,300.0,309.0,3.0000000000000027,3.0000000000000027,2.5000000000000027,2.0000000000000027,RESOLVED,open_price_proxy_execution_unverified,v1_next_xtks_open_to_fifth_close_with_ohlcv_actionability_guards
2026,2026-01-27 00:00:00,3103,DETECTED,1,1,1,0,0.19801980198019797,0.41520467836257313,4.634429182922771,0.9997634270023825,0.8552589416503906,-0.012738058343529701,2026-01-28 00:00:00,2026-02-03 00:00:00,564.0,667.0,18.262411347517737,18.262411347517737,17.762411347517737,17.262411347517737,RESOLVED,single_price_bar_execution_unverified,v1_next_xtks_open_to_fifth_close_with_ohlcv_actionability_guards
2026,2026-01-29 00:00:00,6993,DETECTED,1,2,2,0,0.13245033112582782,0.204225352112676,0.7307107351272072,0.9990764744486315,0.8304712772369385,-0.01111994357779622,2026-01-30 00:00:00,2026-02-05 00:00:00,168.0,155.0,-7.738095238095233,-7.738095238095233,-8.238095238095234,-8.738095238095232,RESOLVED,open_price_proxy_execution_unverified,v1_next_xtks_open_to_fifth_close_with_ohlcv_actionability_guards
2026,2026-01-29 00:00:00,3103,DETECTED,2,2,2,0,-0.06205673758865249,0.3258145363408522,6.604046864100654,0.9998198481775465,0.85802161693573,-0.01111994357779622,2026-01-30 00:00:00,2026-02-05 00:00:00,538.0,672.0,24.907063197026027,24.907063197026027,24.407063197026023,23.907063197026023,RESOLVED,open_price_proxy_execution_unverified,v1_next_xtks_open_to_fifth_close_with_ohlcv_actionability_guards
2026,2026-02-02 00:00:00,3103,DETECTED,1,1,1,0,-0.07472178060413359,0.5315789473684212,3.768833164125983,0.9996830939364011,0.8395223617553711,-0.018878579139709473,2026-02-03 00:00:00,2026-02-09 00:00:00,610.0,922.0,51.14754098360657,51.14754098360657,50.64754098360657,50.14754098360656,RESOLVED,open_price_proxy_execution_unverified,v1_next_xtks_open_to_fifth_close_with_ohlcv_actionability_guards
2026,2026-02-03 00:00:00,4422,DETECTED,1,1,1,0,0.004201680672268893,0.15458937198067635,1.0217694950900469,0.9997385038923063,0.8427879214286804,-0.010336717125028372,2026-02-04 00:00:00,2026-02-10 00:00:00,456.0,422.0,-7.4561403508771935,-7.4561403508771935,-7.956140350877194,-8.456140350877194,RESOLVED,open_price_proxy_execution_unverified,v1_next_xtks_open_to_fifth_close_with_ohlcv_actionability_guards
2026,2026-02-04 00:00:00,6085,DETECTED,1,1,1,0,-0.019933567238062277,0.5445025869538753,1.3213402105086594,0.999431318873603,0.8319709300994873,0.0,2026-02-05 00:00:00,2026-02-12 00:00:00,58.29999923706055,101.5,74.09948769858264,74.09948769858264,73.59948769858264,73.09948769858264,RESOLVED,open_price_proxy_execution_unverified,v1_next_xtks_open_to_fifth_close_with_ohlcv_actionability_guards
2026,2026-02-19 00:00:00,6613,DETECTED,1,3,3,0,-0.021573604060913687,0.40181818181818185,1.6898963627911203,0.9990356723463492,0.821460485458374,0.0,2026-02-20 00:00:00,2026-02-27 00:00:00,741.0,763.0,2.9689608636977116,2.9689608636977116,2.4689608636977116,1.9689608636977114,RESOLVED,open_price_proxy_execution_unverified,v1_next_xtks_open_to_fifth_close_with_ohlcv_actionability_guards
2026,2026-02-19 00:00:00,198A,DETECTED,2,3,3,0,0.31872509960159356,0.3455284552845528,2.24873065103709,0.9993691041862708,0.8303972482681274,0.0,2026-02-20 00:00:00,2026-02-27 00:00:00,332.0,248.0,-25.30120481927711,-25.30120481927711,-25.801204819277114,-26.301204819277114,RESOLVED,open_price_proxy_execution_unverified,v1_next_xtks_open_to_fifth_close_with_ohlcv_actionability_guards
2026,2026-02-19 00:00:00,6495,DETECTED,3,3,3,0,0.2298850574712643,0.4330357142857142,4.804665148951194,0.9998473795951379,0.8475950956344604,0.0,2026-02-20 00:00:00,2026-02-27 00:00:00,292.0,275.0,-5.82191780821918,-5.82191780821918,-6.32191780821918,-6.821917808219179,RESOLVED,open_price_proxy_execution_unverified,v1_next_xtks_open_to_fifth_close_with_ohlcv_actionability_guards
2026,2026-03-05 00:00:00,6613,DETECTED,1,1,1,0,0.15308641975308634,0.18527918781725883,2.138938906467199,0.999197384180337,0.8380389213562012,-0.04414018802344799,2026-03-06 00:00:00,2026-03-12 00:00:00,979.0,1100.0,12.35955056179776,12.35955056179776,11.85955056179776,11.35955056179776,RESOLVED,open_price_proxy_execution_unverified,v1_next_xtks_open_to_fifth_close_with_ohlcv_actionability_guards
2026,2026-03-09 00:00:00,4596,DETECTED,1,1,1,0,-0.03305785123966942,-0.360655737704918,0.4448885241178191,0.9990558023670949,0.8337752819061279,-0.03363518789410591,2026-03-10 00:00:00,2026-03-16 00:00:00,121.0,115.0,-4.958677685950407,-4.958677685950407,-5.458677685950407,-5.958677685950408,RESOLVED,open_price_proxy_execution_unverified,v1_next_xtks_open_to_fifth_close_with_ohlcv_actionability_guards
2026,2026-03-10 00:00:00,7771,DETECTED,1,2,2,0,0.19851116625310183,0.25129533678756477,1.4858697383379802,0.9996278694233028,0.851212739944458,-0.0458860769867897,2026-03-11 00:00:00,2026-03-17 00:00:00,483.0,412.0,-14.699792960662528,-14.699792960662528,-15.199792960662528,-15.699792960662528,RESOLVED,open_price_proxy_execution_unverified,v1_next_xtks_open_to_fifth_close_with_ohlcv_actionability_guards
2026,2026-03-10 00:00:00,7719,DETECTED,2,2,2,0,-0.005773672055427226,0.5375000000000001,2.0806562677764138,0.9997646680671787,0.8574292063713074,-0.0458860769867897,2026-03-11 00:00:00,2026-03-17 00:00:00,850.0,693.0,-18.470588235294116,-18.470588235294116,-18.970588235294116,-19.470588235294116,RESOLVED,open_price_proxy_execution_unverified,v1_next_xtks_open_to_fifth_close_with_ohlcv_actionability_guards
2026,2026-03-16 00:00:00,5381,DETECTED,1,1,1,0,0.1564129301355579,0.270332187857961,1.5849396806513374,0.9997991068866159,0.8589468598365784,-0.020542919635772705,2026-03-17 00:00:00,2026-03-24 00:00:00,1149.0,917.0,-20.191470844212354,-20.191470844212354,-20.691470844212358,-21.191470844212358,RESOLVED,open_price_proxy_execution_unverified,v1_next_xtks_open_to_fifth_close_with_ohlcv_actionability_guards
2026,2026-03-18 00:00:00,4888,DETECTED,1,1,1,0,0.16666666666666674,0.2727272727272727,2.2773581386674127,0.9999005100771812,0.8665758967399597,-0.014686248265206814,2026-03-19 00:00:00,2026-03-26 00:00:00,550.0,778.0,41.45454545454545,41.45454545454545,40.95454545454545,40.45454545454545,RESOLVED,open_price_proxy_execution_unverified,v1_next_xtks_open_to_fifth_close_with_ohlcv_actionability_guards
2026,2026-03-19 00:00:00,4422,DETECTED,2,2,1,1,-0.07766990291262132,0.46604938271604945,6.150908266297472,0.9993102669773813,0.8412425518035889,-0.005319148767739534,2026-03-23 00:00:00,2026-03-27 00:00:00,435.0,486.0,11.724137931034484,11.724137931034484,11.224137931034484,10.724137931034484,RESOLVED,open_price_proxy_execution_unverified,v1_next_xtks_open_to_fifth_close_with_ohlcv_actionability_guards
2026,2026-03-24 00:00:00,6740,DETECTED,1,1,1,0,-0.0461538461538461,0.1923076923076923,0.6780453296177421,0.9993303562887198,0.8419429063796997,-0.03344810754060745,2026-03-25 00:00:00,2026-03-31 00:00:00,65.0,72.0,10.769230769230775,10.769230769230775,10.269230769230775,9.769230769230775,RESOLVED,open_price_proxy_execution_unverified,v1_next_xtks_open_to_fifth_close_with_ohlcv_actionability_guards
2026,2026-03-25 00:00:00,6085,DETECTED,1,2,2,0,0.1996637293764214,0.11353885091489624,1.567892760528122,0.9991926010109706,0.8378647565841675,-0.014238772913813591,2026-03-26 00:00:00,2026-04-01 00:00:00,298.3999938964844,296.8999938964844,-0.5026809754293593,-0.5026809754293593,-1.0026809754293593,-1.5026809754293593,RESOLVED,open_price_proxy_execution_unverified,v1_next_xtks_open_to_fifth_close_with_ohlcv_actionability_guards
2026,2026-03-25 00:00:00,4594,DETECTED,2,2,2,0,0.18518518518518512,0.37142857142857144,3.5328810763751606,0.9991954709125904,0.8379701375961304,-0.014238772913813591,2026-03-26 00:00:00,2026-04-01 00:00:00,91.0,67.0,-26.37362637362637,-26.37362637362637,-26.87362637362637,-27.37362637362637,RESOLVED,open_price_proxy_execution_unverified,v1_next_xtks_open_to_fifth_close_with_ohlcv_actionability_guards
2026,2026-03-26 00:00:00,4422,DETECTED,1,1,1,0,-0.1260945709281961,0.5121212121212122,3.704579891490298,0.9991065039623775,0.8353703022003174,-0.0010695187374949455,2026-03-27 00:00:00,2026-04-02 00:00:00,491.0,461.0,-6.109979633401219,-6.109979633401219,-6.6099796334012195,-7.109979633401219,RESOLVED,open_price_proxy_execution_unverified,v1_next_xtks_open_to_fifth_close_with_ohlcv_actionability_guards
2026,2026-04-02 00:00:00,6740,DETECTED,1,1,1,0,-0.021052631578947323,-0.19827586206896552,1.3118609944785224,0.9992030039896738,0.8342869281768799,-0.0077821011655032635,2026-04-03 00:00:00,2026-04-09 00:00:00,98.0,87.0,-11.22448979591837,-11.22448979591837,-11.72448979591837,-12.224489795918368,RESOLVED,open_price_proxy_execution_unverified,v1_next_xtks_open_to_fifth_close_with_ohlcv_actionability_guards
2026,2026-04-14 00:00:00,6740,DETECTED,1,2,2,0,0.09756097560975618,0.25,0.7213563795792435,0.999190800281624,0.833961546421051,0.0,2026-04-15 00:00:00,2026-04-21 00:00:00,94.0,104.0,10.63829787234043,10.63829787234043,10.138297872340429,9.63829787234043,RESOLVED,open_price_proxy_execution_unverified,v1_next_xtks_open_to_fifth_close_with_ohlcv_actionability_guards
2026,2026-04-14 00:00:00,281A,DETECTED,2,2,2,0,0.024096385542168752,0.4879649890590809,1.6584314581036221,0.9991870452945318,0.8338090777397156,0.0,2026-04-15 00:00:00,2026-04-21 00:00:00,675.0,895.0,32.592592592592595,32.592592592592595,32.092592592592595,31.592592592592595,RESOLVED,open_price_proxy_execution_unverified,v1_next_xtks_open_to_fifth_close_with_ohlcv_actionability_guards
2026,2026-04-15 00:00:00,4840,DETECTED,1,1,1,0,0.17462165308498245,0.28045685279187826,1.1272379302786821,0.9990218258624736,0.8300997614860535,0.0,2026-04-16 00:00:00,2026-04-22 00:00:00,1039.0,1009.0,-2.887391722810395,-2.887391722810395,-3.3873917228103947,-3.887391722810395,RESOLVED,open_price_proxy_execution_unverified,v1_next_xtks_open_to_fifth_close_with_ohlcv_actionability_guards
2026,2026-04-16 00:00:00,6740,DETECTED,1,2,2,0,0.1847826086956521,0.17204301075268824,1.2844464424695836,0.9995447078150669,0.8433360457420349,-0.012145027983933687,2026-04-17 00:00:00,2026-04-23 00:00:00,107.0,95.0,-11.214953271028039,-11.214953271028039,-11.714953271028039,-12.214953271028039,RESOLVED,open_price_proxy_execution_unverified,v1_next_xtks_open_to_fifth_close_with_ohlcv_actionability_guards
2026,2026-04-16 00:00:00,6085,DETECTED,2,2,2,0,0.17102966841186729,0.17636741108010612,1.4710216370363303,0.9997953532034733,0.8542068004608154,-0.012145027983933687,2026-04-17 00:00:00,2026-04-23 00:00:00,349.5,441.0,26.18025751072961,26.18025751072961,25.68025751072961,25.18025751072961,RESOLVED,open_price_proxy_execution_unverified,v1_next_xtks_open_to_fifth_close_with_ohlcv_actionability_guards
2026,2026-04-20 00:00:00,6740,DETECTED,1,1,1,0,0.09090909090909083,0.4285714285714286,1.0645957121323628,0.9995681764843933,0.8442190289497375,0.0,2026-04-21 00:00:00,2026-04-27 00:00:00,123.0,91.0,-26.016260162601622,-26.016260162601622,-26.516260162601625,-27.016260162601625,RESOLVED,open_price_proxy_execution_unverified,v1_next_xtks_open_to_fifth_close_with_ohlcv_actionability_guards
2026,2026-04-23 00:00:00,7719,DETECTED,1,1,1,0,0.06429548563611487,0.5405940594059406,2.4068365833921916,0.9996517249471955,0.8475736975669861,-0.007736944127827883,2026-04-24 00:00:00,2026-05-01 00:00:00,787.0,583.0,-25.921219822109276,-25.921219822109276,-26.421219822109276,-26.921219822109276,RESOLVED,open_price_proxy_execution_unverified,v1_next_xtks_open_to_fifth_close_with_ohlcv_actionability_guards
2026,2026-04-27 00:00:00,5341,DETECTED,1,2,2,0,0.04904632152588562,0.2962962962962963,0.9638139093706044,0.9991879840413048,0.8338576555252075,-0.021037867292761803,2026-04-28 00:00:00,2026-05-08 00:00:00,392.0,388.0,-1.0204081632653073,-1.0204081632653073,-1.5204081632653073,-2.0204081632653073,RESOLVED,open_price_proxy_execution_unverified,v1_next_xtks_open_to_fifth_close_with_ohlcv_actionability_guards
2026,2026-04-27 00:00:00,7256,DETECTED,2,2,2,0,-0.16263736263736261,0.3854545454545455,3.7662217278457546,0.9995831964327623,0.8449826240539551,-0.021037867292761803,2026-04-28 00:00:00,2026-05-08 00:00:00,389.0,434.0,11.568123393316188,11.568123393316188,11.068123393316187,10.568123393316188,RESOLVED,open_price_proxy_execution_unverified,v1_next_xtks_open_to_fifth_close_with_ohlcv_actionability_guards
2026,2026-05-01 00:00:00,6085,DETECTED,1,1,1,0,-0.16260162601626016,0.5350223546944859,1.5120975935498626,0.9990640572151507,0.8376734256744385,-0.014254385605454445,2026-05-07 00:00:00,2026-05-13 00:00:00,540.0,483.0,-10.555555555555552,-10.555555555555552,-11.055555555555552,-11.55555555555555,RESOLVED,open_price_proxy_execution_unverified,v1_next_xtks_open_to_fifth_close_with_ohlcv_actionability_guards
2026,2026-05-07 00:00:00,2962,DETECTED,1,1,1,0,0.16077170418006426,0.30012004801920766,1.2452619151183744,0.999162723104785,0.8404140472412109,-0.006875579711049795,2026-05-08 00:00:00,2026-05-14 00:00:00,1130.0,974.0,-13.805309734513271,-13.805309734513271,-14.305309734513273,-14.805309734513273,RESOLVED,open_price_proxy_execution_unverified,v1_next_xtks_open_to_fifth_close_with_ohlcv_actionability_guards
2026,2026-05-12 00:00:00,7256,DETECTED,1,1,1,0,-0.07198443579766534,0.3826086956521739,1.2793628318584072,0.9993554443284633,0.8457276821136475,-0.0007980845985002816,2026-05-13 00:00:00,2026-05-19 00:00:00,493.0,435.0,-11.764705882352944,-11.764705882352944,-12.264705882352944,-12.764705882352946,RESOLVED,open_price_proxy_execution_unverified,v1_next_xtks_open_to_fifth_close_with_ohlcv_actionability_guards
2026,2026-05-15 00:00:00,6740,DETECTED,1,1,1,0,-0.02857142857142858,-0.25274725274725274,1.219639025452629,0.9993923287731865,0.8469467759132385,-0.006493506487458944,2026-05-18 00:00:00,2026-05-22 00:00:00,68.0,67.0,-1.4705882352941124,-1.4705882352941124,-1.9705882352941124,-2.4705882352941124,RESOLVED,open_price_proxy_execution_unverified,v1_next_xtks_open_to_fifth_close_with_ohlcv_actionability_guards
2026,2026-05-18 00:00:00,281A,DETECTED,1,1,1,0,0.07581699346405224,0.1558988764044944,0.6525711849778645,0.9991332155490065,0.8395703434944153,-0.009225091896951199,2026-05-19 00:00:00,2026-05-25 00:00:00,823.0,895.0,8.748481166464162,8.748481166464162,8.248481166464162,7.748481166464162,RESOLVED,open_price_proxy_execution_unverified,v1_next_xtks_open_to_fifth_close_with_ohlcv_actionability_guards
2026,2026-05-21 00:00:00,6840,DETECTED,1,1,1,0,0.18633540372670798,0.3860667634252539,2.121459053896625,0.9994882283294666,0.8500165939331055,-0.02097902074456215,2026-05-22 00:00:00,2026-05-28 00:00:00,1105.0,1138.0,2.9864253393665052,2.9864253393665052,2.4864253393665052,1.986425339366505,RESOLVED,single_price_bar_execution_unverified,v1_next_xtks_open_to_fifth_close_with_ohlcv_actionability_guards
2026,2026-05-25 00:00:00,2693,DETECTED,1,1,1,0,0.15503875968992253,0.3545454545454545,4.633209081109547,0.9991682557714935,0.8405741453170776,-0.004166666883975267,2026-05-26 00:00:00,2026-06-01 00:00:00,463.0,407.0,-12.095032397408211,-12.095032397408211,-12.595032397408213,-13.095032397408213,RESOLVED,open_price_proxy_execution_unverified,v1_next_xtks_open_to_fifth_close_with_ohlcv_actionability_guards
2026,2026-05-27 00:00:00,2693,DETECTED,1,1,1,0,-0.06346153846153846,0.5411392405063291,2.8558764866661743,0.9993240925504487,0.8448925614356995,-0.005810200236737728,2026-05-28 00:00:00,2026-06-03 00:00:00,455.0,371.0,-18.461538461538463,-18.461538461538463,-18.961538461538463,-19.461538461538463,RESOLVED,open_price_proxy_execution_unverified,v1_next_xtks_open_to_fifth_close_with_ohlcv_actionability_guards
2026,2026-06-02 00:00:00,6659,DETECTED,1,1,1,0,0.2028985507246377,0.4821428571428572,1.429772464832427,0.9996594815765912,0.8516849875450134,-0.008474576286971569,2026-06-03 00:00:00,2026-06-09 00:00:00,78.0,69.0,-11.538461538461542,-11.538461538461542,-12.038461538461542,-12.538461538461544,RESOLVED,open_price_proxy_execution_unverified,v1_next_xtks_open_to_fifth_close_with_ohlcv_actionability_guards
2026,2026-06-05 00:00:00,6085,DETECTED,1,1,1,0,0.21212121212121215,-0.3402061855670103,1.2087309215251472,0.9991146520991372,0.8364208936691284,-0.017957352101802826,2026-06-08 00:00:00,2026-06-12 00:00:00,314.0,343.0,9.235668789808926,9.235668789808926,8.735668789808926,8.235668789808926,RESOLVED,open_price_proxy_execution_unverified,v1_next_xtks_open_to_fifth_close_with_ohlcv_actionability_guards
2026,2026-06-08 00:00:00,4422,DETECTED,1,1,1,0,0.196078431372549,0.09712230215827344,5.048902156408343,0.9995178259124532,0.8468416929244995,-0.011435831896960735,2026-06-09 00:00:00,2026-06-15 00:00:00,892.0,627.0,-29.7085201793722,-29.7085201793722,-30.2085201793722,-30.7085201793722,RESOLVED,open_price_proxy_execution_unverified,v1_next_xtks_open_to_fifth_close_with_ohlcv_actionability_guards
2026,2026-06-25 00:00:00,6659,DETECTED,1,1,1,0,0.19047619047619047,0.3392857142857142,1.9440628610346948,0.9994006875748005,0.8434863090515137,-0.007900677621364594,2026-06-26 00:00:00,2026-07-02 00:00:00,70.0,57.0,-18.571428571428573,-18.571428571428573,-19.071428571428573,-19.571428571428573,RESOLVED,open_price_proxy_execution_unverified,v1_next_xtks_open_to_fifth_close_with_ohlcv_actionability_guards
2026,2026-06-26 00:00:00,4179,DETECTED,1,1,1,0,0.17429193899782125,0.07800000000000007,0.8338429743351821,0.9990165827931955,0.8339525461196899,-0.0057142856530845165,2026-06-29 00:00:00,2026-07-03 00:00:00,555.0,500.0,-9.909909909909908,-9.909909909909908,-10.40990990990991,-10.909909909909908,RESOLVED,open_price_proxy_execution_unverified,v1_next_xtks_open_to_fifth_close_with_ohlcv_actionability_guards
2026,2026-08-04 00:00:00,4381,DETECTED,1,1,1,0,0.22038567493112948,0.07004830917874405,3.165582599523756,0.999619623900941,0.8479617238044739,-0.011291256174445152,2026-08-05 00:00:00,2026-08-12 00:00:00,475.0,474.0,-0.21052631578947212,-0.21052631578947212,-0.7105263157894721,-1.2105263157894721,RESOLVED,open_price_proxy_execution_unverified,v1_next_xtks_open_to_fifth_close_with_ohlcv_actionability_guards
2026,2026-08-20 00:00:00,5240,DETECTED,1,1,1,0,0.25773195876288657,0.12442396313364057,2.4909540057146176,0.9990236429162401,0.829645037651062,-0.0024937656708061695,2026-08-21 00:00:00,2026-08-27 00:00:00,260.0,235.0,-9.615384615384615,-9.615384615384615,-10.115384615384615,-10.615384615384613,RESOLVED,open_price_proxy_execution_unverified,v1_next_xtks_open_to_fifth_close_with_ohlcv_actionability_guards
2026,2026-09-03 00:00:00,4052,DETECTED,1,1,1,0,0.2097902097902098,0.5585585585585586,4.1485380754964,0.9999421488673698,0.8709132075309753,-0.005897772032767534,2026-09-04 00:00:00,2026-09-10 00:00:00,970.0,1340.0,38.144329896907216,38.144329896907216,37.644329896907216,37.144329896907216,RESOLVED,open_price_proxy_execution_unverified,v1_next_xtks_open_to_fifth_close_with_ohlcv_actionability_guards
2026,2026-09-07 00:00:00,6085,DETECTED,1,1,1,0,0.191358024691358,0.4087591240875912,0.8410203869476419,0.999707290537886,0.8576746582984924,-0.006849315017461777,2026-09-08 00:00:00,2026-09-14 00:00:00,,,,,,,MISSING_HOLDING_SESSION_BAR,not_available,v1_next_xtks_open_to_fifth_close_with_ohlcv_actionability_guards
2026,2026-09-10 00:00:00,7709,DETECTED,1,1,1,0,0.180327868852459,0.5,2.819068420014864,0.9998514866445911,0.8644449710845947,-0.007299270015209913,2026-09-11 00:00:00,2026-09-17 00:00:00,,,,,,,MISSING_ENTRY_BAR,not_available,v1_next_xtks_open_to_fifth_close_with_ohlcv_actionability_guards
