date,symbol,family,spec_hash,identity_key,score,raw_rank,daily_candidate_count,tie_break_json,volr20_rank_value,tail_cdf,tail_p,ret1,ret10,volr20,market_median_ret5_lag1,cooldown_status,cooldown_blocked,post_cooldown_count,cooldown_blocked_count,year
2022-06-17 00:00:00,4222,monster_weak_early_v20_lag1,3398a83d1ac17dfc246c13208d80a7604d6c5cc4b56e8a16844bfd487a1c6a5c,4222,6.133007800227992,1,1,"{""tail_cdf"":0.9995320427565144,""tail_p"":0.8128542304039001}",6.133007800227992,0.9995320427565144,0.8128542304039001,0.00917431192660545,0.4824797843665769,6.133007800227992,-0.03283269330859184,DETECTED,False,1,0,2022
2022-07-13 00:00:00,7359,monster_weak_early_v20_lag1,3398a83d1ac17dfc246c13208d80a7604d6c5cc4b56e8a16844bfd487a1c6a5c,7359,1.5441045592086862,1,1,"{""tail_cdf"":0.9996297832010426,""tail_p"":0.8550382256507874}",1.5441045592086862,0.9996297832010426,0.8550382256507874,-0.020746887966805017,0.20305862361937121,1.5441045592086862,-0.0020000000949949026,DETECTED,False,1,0,2022
2022-07-19 00:00:00,4596,monster_weak_early_v20_lag1,3398a83d1ac17dfc246c13208d80a7604d6c5cc4b56e8a16844bfd487a1c6a5c,4596,3.5726612890918656,1,1,"{""tail_cdf"":0.9998371046084588,""tail_p"":0.8716398477554321}",3.5726612890918656,0.9998371046084588,0.8716398477554321,0.1853281853281854,0.49029126213592233,3.5726612890918656,0.0,DETECTED,False,1,0,2022
2022-08-01 00:00:00,7727,monster_weak_early_v20_lag1,3398a83d1ac17dfc246c13208d80a7604d6c5cc4b56e8a16844bfd487a1c6a5c,7727,1.3405674838168966,1,1,"{""tail_cdf"":0.9990487852878791,""tail_p"":0.8269641995429993}",1.3405674838168966,0.9990487852878791,0.8269641995429993,-0.10090090090090087,0.256926952141058,1.3405674838168966,-0.0018148954841308296,DETECTED,False,1,0,2022
2022-08-03 00:00:00,4575,monster_weak_early_v20_lag1,3398a83d1ac17dfc246c13208d80a7604d6c5cc4b56e8a16844bfd487a1c6a5c,4575,0.7046901090918755,1,1,"{""tail_cdf"":0.9990159847805646,""tail_p"":0.8262035250663757}",0.7046901090918755,0.9990159847805646,0.8262035250663757,-0.04252199413489732,-0.21419975932611313,0.7046901090918755,-0.004138951422646642,DETECTED,False,1,0,2022
2022-08-04 00:00:00,7727,monster_weak_early_v20_lag1,3398a83d1ac17dfc246c13208d80a7604d6c5cc4b56e8a16844bfd487a1c6a5c,7727,1.6125211828100308,1,1,"{""tail_cdf"":0.9995626599024732,""tail_p"":0.8477528095245361}",1.6125211828100308,0.9995626599024732,0.8477528095245361,-0.03476821192052981,0.16135458167330685,1.6125211828100308,-0.005402998998761177,DETECTED,False,1,0,2022
2022-08-10 00:00:00,2388,monster_weak_early_v20_lag1,3398a83d1ac17dfc246c13208d80a7604d6c5cc4b56e8a16844bfd487a1c6a5c,2388,8.23005326711277,1,1,"{""tail_cdf"":0.9995407928975968,""tail_p"":0.8469961881637573}",8.23005326711277,0.9995407928975968,0.8469961881637573,-0.01948051948051943,0.22764227642276413,8.23005326711277,0.0,DETECTED,False,1,0,2022
2022-09-06 00:00:00,4170,monster_weak_early_v20_lag1,3398a83d1ac17dfc246c13208d80a7604d6c5cc4b56e8a16844bfd487a1c6a5c,4170,10.42087542087542,1,1,"{""tail_cdf"":0.9991901177313066,""tail_p"":0.8119409680366516}",10.42087542087542,0.9991901177313066,0.8119409680366516,0.0596026490066226,0.35021097046413496,10.42087542087542,-0.008235294371843338,DETECTED,False,1,0,2022
2022-09-07 00:00:00,4170,monster_weak_early_v20_lag1,3398a83d1ac17dfc246c13208d80a7604d6c5cc4b56e8a16844bfd487a1c6a5c,4170,5.2051669738958735,1,1,"{""tail_cdf"":0.9991048669661811,""tail_p"":0.8080873489379883}",5.2051669738958735,0.9991048669661811,0.8080873489379883,0.07343750000000004,0.46794871794871784,5.2051669738958735,-0.015688259154558182,COOLDOWN_BLOCKED,True,0,1,2022
2022-09-21 00:00:00,7692,monster_weak_early_v20_lag1,3398a83d1ac17dfc246c13208d80a7604d6c5cc4b56e8a16844bfd487a1c6a5c,7692,4.074276351720371,1,1,"{""tail_cdf"":0.9990537165071056,""tail_p"":0.8060508370399475}",4.074276351720371,0.9990537165071056,0.8060508370399475,-0.10306271934184574,0.5582770069447465,4.074276351720371,-0.010026314295828342,DETECTED,False,1,0,2022
2022-09-26 00:00:00,4422,monster_weak_early_v20_lag1,3398a83d1ac17dfc246c13208d80a7604d6c5cc4b56e8a16844bfd487a1c6a5c,4422,2.890789172544369,1,1,"{""tail_cdf"":0.9996163715569347,""tail_p"":0.8335586786270142}",2.890789172544369,0.9996163715569347,0.8335586786270142,0.08552633758397032,0.5363128491620113,2.890789172544369,-0.009756097570061684,DETECTED,False,1,0,2022
2022-10-03 00:00:00,9271,monster_weak_early_v20_lag1,3398a83d1ac17dfc246c13208d80a7604d6c5cc4b56e8a16844bfd487a1c6a5c,9271,1.951850566371123,1,1,"{""tail_cdf"":0.9994610464209227,""tail_p"":0.832981288433075}",1.951850566371123,0.9994610464209227,0.832981288433075,0.06702898550724634,0.14368932038834958,1.951850566371123,-0.022842640057206154,DETECTED,False,1,0,2022
2022-10-14 00:00:00,7692,monster_weak_early_v20_lag1,3398a83d1ac17dfc246c13208d80a7604d6c5cc4b56e8a16844bfd487a1c6a5c,7692,1.3372635895933649,1,1,"{""tail_cdf"":0.999921993560923,""tail_p"":0.8662043809890747}",1.3372635895933649,0.999921993560923,0.8662043809890747,-0.0537791131701959,-0.15454546492215193,1.3372635895933649,-0.019965628162026405,DETECTED,False,1,0,2022
2022-10-17 00:00:00,7692,monster_weak_early_v20_lag1,3398a83d1ac17dfc246c13208d80a7604d6c5cc4b56e8a16844bfd487a1c6a5c,7692,0.41255282798309506,1,1,"{""tail_cdf"":0.9998085296495384,""tail_p"":0.8552246689796448}",0.41255282798309506,0.9998085296495384,0.8552246689796448,-0.015360946032572653,-0.29560436999925876,0.41255282798309506,-0.010734959039837122,COOLDOWN_BLOCKED,True,0,1,2022
2022-10-18 00:00:00,7692,monster_weak_early_v20_lag1,3398a83d1ac17dfc246c13208d80a7604d6c5cc4b56e8a16844bfd487a1c6a5c,7692,0.782276760035558,1,1,"{""tail_cdf"":0.999333399520615,""tail_p"":0.8256438374519348}",0.782276760035558,0.999333399520615,0.8256438374519348,0.0577222702552711,-0.35428570920360314,0.782276760035558,-0.010387535206973553,DETECTED,False,1,0,2022
2022-11-07 00:00:00,7692,monster_weak_early_v20_lag1,3398a83d1ac17dfc246c13208d80a7604d6c5cc4b56e8a16844bfd487a1c6a5c,7692,0.225545476832557,1,1,"{""tail_cdf"":0.9992568379967253,""tail_p"":0.8269861340522766}",0.225545476832557,0.9992568379967253,0.8269861340522766,-0.03437496316432809,0.012008740367697834,0.225545476832557,-0.005076142027974129,DETECTED,False,1,0,2022
2022-12-01 00:00:00,4422,monster_weak_early_v20_lag1,3398a83d1ac17dfc246c13208d80a7604d6c5cc4b56e8a16844bfd487a1c6a5c,4422,3.6880881012769415,1,1,"{""tail_cdf"":0.999534841925543,""tail_p"":0.8430464267730713}",3.6880881012769415,0.999534841925543,0.8430464267730713,-0.0015503875968991832,0.3889288586533033,3.6880881012769415,0.0,DETECTED,False,1,0,2022
2022-12-02 00:00:00,4422,monster_weak_early_v20_lag1,3398a83d1ac17dfc246c13208d80a7604d6c5cc4b56e8a16844bfd487a1c6a5c,4422,1.1771773015856577,1,2,"{""tail_cdf"":0.9996987044290448,""tail_p"":0.852885365486145}",1.1771773015856577,0.9996987044290448,0.852885365486145,-0.04192546583850931,0.2739160090317747,1.1771773015856577,-0.008406727109104395,COOLDOWN_BLOCKED,True,1,1,2022
2022-12-02 00:00:00,2334,monster_weak_early_v20_lag1,3398a83d1ac17dfc246c13208d80a7604d6c5cc4b56e8a16844bfd487a1c6a5c,2334,4.296931174321953,2,2,"{""tail_cdf"":0.9992176886929587,""tail_p"":0.8282030820846558}",4.296931174321953,0.9992176886929587,0.8282030820846558,0.05358614869305889,0.5434782408385992,4.296931174321953,-0.008406727109104395,DETECTED,False,1,1,2022
2022-12-06 00:00:00,4594,monster_weak_early_v20_lag1,3398a83d1ac17dfc246c13208d80a7604d6c5cc4b56e8a16844bfd487a1c6a5c,4594,0.19464222299575612,1,1,"{""tail_cdf"":0.9995031266022846,""tail_p"":0.8411810994148254}",0.19464222299575612,0.9995031266022846,0.8411810994148254,-0.023076923076923106,-0.037878787878787845,0.19464222299575612,-0.022182267159223557,DETECTED,False,1,0,2022
2022-12-09 00:00:00,4448,monster_weak_early_v20_lag1,3398a83d1ac17dfc246c13208d80a7604d6c5cc4b56e8a16844bfd487a1c6a5c,4448,1.2155761589403973,1,2,"{""tail_cdf"":0.9993392640987827,""tail_p"":0.8326659202575684}",1.2155761589403973,0.9993392640987827,0.8326659202575684,0.08028169014084496,0.1727828746177369,1.2155761589403973,-0.014684287831187248,DETECTED,False,2,0,2022
2022-12-09 00:00:00,9553,monster_weak_early_v20_lag1,3398a83d1ac17dfc246c13208d80a7604d6c5cc4b56e8a16844bfd487a1c6a5c,9553,3.6706025285698014,2,2,"{""tail_cdf"":0.9993234064371534,""tail_p"":0.832297146320343}",3.6706025285698014,0.9993234064371534,0.832297146320343,0.11327312993356475,0.24089849893941362,3.6706025285698014,-0.014684287831187248,DETECTED,False,2,0,2022
2022-12-19 00:00:00,9553,monster_weak_early_v20_lag1,3398a83d1ac17dfc246c13208d80a7604d6c5cc4b56e8a16844bfd487a1c6a5c,9553,2.2547718111026565,1,2,"{""tail_cdf"":0.999212402805749,""tail_p"":0.8280498385429382}",2.2547718111026565,0.999212402805749,0.8280498385429382,0.02193475740225459,0.3370125541097544,2.2547718111026565,-0.001550387591123581,DETECTED,False,2,0,2022
2022-12-19 00:00:00,7352,monster_weak_early_v20_lag1,3398a83d1ac17dfc246c13208d80a7604d6c5cc4b56e8a16844bfd487a1c6a5c,7352,3.382402141184343,2,2,"{""tail_cdf"":0.9994766971662359,""tail_p"":0.8399661779403687}",3.382402141184343,0.9994766971662359,0.8399661779403687,-0.04240282685512364,0.40051679586563305,3.382402141184343,-0.001550387591123581,DETECTED,False,2,0,2022
2022-12-20 00:00:00,7859,monster_weak_early_v20_lag1,3398a83d1ac17dfc246c13208d80a7604d6c5cc4b56e8a16844bfd487a1c6a5c,7859,0.5002019671015885,1,2,"{""tail_cdf"":0.9999471411279026,""tail_p"":0.8705357909202576}",0.5002019671015885,0.9999471411279026,0.8705357909202576,-0.08686868686868687,-0.3141122913505311,0.5002019671015885,-0.003496503457427025,DETECTED,False,1,1,2022
2022-12-20 00:00:00,9553,monster_weak_early_v20_lag1,3398a83d1ac17dfc246c13208d80a7604d6c5cc4b56e8a16844bfd487a1c6a5c,9553,1.757220824259111,2,2,"{""tail_cdf"":0.999635273782528,""tail_p"":0.8474711179733276}",1.757220824259111,0.999635273782528,0.8474711179733276,-0.002751822161363937,0.2751583665832127,1.757220824259111,-0.003496503457427025,COOLDOWN_BLOCKED,True,1,1,2022
2022-12-23 00:00:00,7859,monster_weak_early_v20_lag1,3398a83d1ac17dfc246c13208d80a7604d6c5cc4b56e8a16844bfd487a1c6a5c,7859,0.42003705544760267,1,1,"{""tail_cdf"":0.9990802556255055,""tail_p"":0.8231346607208252}",0.42003705544760267,0.9990802556255055,0.8231346607208252,0.006000000000000005,-0.2103610675039247,0.42003705544760267,-0.02740294858813286,DETECTED,False,1,0,2022
2022-12-26 00:00:00,7859,monster_weak_early_v20_lag1,3398a83d1ac17dfc246c13208d80a7604d6c5cc4b56e8a16844bfd487a1c6a5c,7859,0.6621608752627224,1,1,"{""tail_cdf"":0.9991384003848126,""tail_p"":0.8244507312774658}",0.6621608752627224,0.9991384003848126,0.8244507312774658,0.05765407554671964,-0.17519379844961236,0.6621608752627224,-0.024962741881608963,COOLDOWN_BLOCKED,True,0,1,2022
2022-12-27 00:00:00,7859,monster_weak_early_v20_lag1,3398a83d1ac17dfc246c13208d80a7604d6c5cc4b56e8a16844bfd487a1c6a5c,7859,0.7452971263099271,1,1,"{""tail_cdf"":0.9996511314441573,""tail_p"":0.8485174179077148}",0.7452971263099271,0.9996511314441573,0.8485174179077148,-0.02819548872180455,-0.16478190630048462,0.7452971263099271,-0.021726449020206928,DETECTED,False,1,0,2022
2023-01-05,3133,monster_weak_early_v20_lag1,3398a83d1ac17dfc246c13208d80a7604d6c5cc4b56e8a16844bfd487a1c6a5c,3133,1.4097944536025324,1,1,"{""tail_cdf"":0.9993420930706648,""tail_p"":0.817761}",1.4097944536025324,0.9993420930706648,0.817761,0.0106382978723404,0.2954545454545454,1.4097944536025324,-0.0015731515595689,DETECTED,False,1,0,2023
2023-01-06,3133,monster_weak_early_v20_lag1,3398a83d1ac17dfc246c13208d80a7604d6c5cc4b56e8a16844bfd487a1c6a5c,3133,1.3686007135788796,1,1,"{""tail_cdf"":0.9997544431883468,""tail_p"":0.83848786}",1.3686007135788796,0.9997544431883468,0.83848786,0.0912280701754386,0.2851239669421488,1.3686007135788796,-0.0094062313437461,COOLDOWN_BLOCKED,True,0,1,2023
2023-01-12,3133,monster_weak_early_v20_lag1,3398a83d1ac17dfc246c13208d80a7604d6c5cc4b56e8a16844bfd487a1c6a5c,3133,3.2972820910850285,1,1,"{""tail_cdf"":0.9999953668526104,""tail_p"":0.8717096}",3.2972820910850285,0.9999953668526104,0.8717096,0.0265486725663717,0.4621848739495797,3.2972820910850285,0.0,DETECTED,False,1,0,2023
2023-02-07,4586,monster_weak_early_v20_lag1,3398a83d1ac17dfc246c13208d80a7604d6c5cc4b56e8a16844bfd487a1c6a5c,4586,1.0897839543568737,1,1,"{""tail_cdf"":0.9990123043441868,""tail_p"":0.8120213}",1.0897839543568737,0.9990123043441868,0.8120213,0.0745341614906831,0.3007518796992481,1.0897839543568737,0.0,DETECTED,False,1,0,2023
2023-02-08,4586,monster_weak_early_v20_lag1,3398a83d1ac17dfc246c13208d80a7604d6c5cc4b56e8a16844bfd487a1c6a5c,4586,2.9727468384929683,1,1,"{""tail_cdf"":0.9994350046036662,""tail_p"":0.8265167}",2.9727468384929683,0.9994350046036662,0.8265167,0.0809248554913295,0.1910828025477706,2.9727468384929683,-0.0010240655392408,COOLDOWN_BLOCKED,True,0,1,2023
2023-02-14,4586,monster_weak_early_v20_lag1,3398a83d1ac17dfc246c13208d80a7604d6c5cc4b56e8a16844bfd487a1c6a5c,4586,1.507344600078265,1,2,"{""tail_cdf"":0.9996902988197874,""tail_p"":0.8383669}",1.507344600078265,0.9996902988197874,0.8383669,-0.0600858369098712,0.5103448275862068,1.507344600078265,0.0,DETECTED,False,2,0,2023
2023-02-14,4884,monster_weak_early_v20_lag1,3398a83d1ac17dfc246c13208d80a7604d6c5cc4b56e8a16844bfd487a1c6a5c,4884,1.686799073054747,2,2,"{""tail_cdf"":0.999267598560308,""tail_p"":0.820512}",1.686799073054747,0.999267598560308,0.820512,0.0461215932914045,0.5472868217054263,1.686799073054747,0.0,DETECTED,False,2,0,2023
2023-02-16,4772,monster_weak_early_v20_lag1,3398a83d1ac17dfc246c13208d80a7604d6c5cc4b56e8a16844bfd487a1c6a5c,4772,2.5011060715865816,1,2,"{""tail_cdf"":0.9992131915962166,""tail_p"":0.8191037}",2.5011060715865816,0.9992131915962166,0.8191037,-0.044776119402985,0.3333333333333332,2.5011060715865816,0.0,DETECTED,False,2,0,2023
2023-02-16,4881,monster_weak_early_v20_lag1,3398a83d1ac17dfc246c13208d80a7604d6c5cc4b56e8a16844bfd487a1c6a5c,4881,15.700519051220793,2,2,"{""tail_cdf"":0.9993889679417428,""tail_p"":0.8242893}",15.700519051220793,0.9993889679417428,0.8242893,0.2560386473429952,0.5662650602409638,15.700519051220793,0.0,DETECTED,False,2,0,2023
2023-03-15,7138,monster_weak_early_v20_lag1,3398a83d1ac17dfc246c13208d80a7604d6c5cc4b56e8a16844bfd487a1c6a5c,7138,7.685048391473453,1,1,"{""tail_cdf"":0.9990619065122832,""tail_p"":0.8188134}",7.685048391473453,0.9990619065122832,0.8188134,-0.0473711911212121,0.276150681931699,7.685048391473453,-0.0348919741809368,DETECTED,False,1,0,2023
2023-03-16,7776,monster_weak_early_v20_lag1,3398a83d1ac17dfc246c13208d80a7604d6c5cc4b56e8a16844bfd487a1c6a5c,7776,2.184827435189353,1,1,"{""tail_cdf"":0.9994677755314588,""tail_p"":0.8316152}",2.184827435189353,0.9994677755314588,0.8316152,0.0212765957446807,0.4328358208955223,2.184827435189353,-0.0303392484784126,DETECTED,False,1,0,2023
2023-03-20,7042,monster_weak_early_v20_lag1,3398a83d1ac17dfc246c13208d80a7604d6c5cc4b56e8a16844bfd487a1c6a5c,7042,12.18876589072038,1,1,"{""tail_cdf"":0.9993490779881148,""tail_p"":0.8280671}",12.18876589072038,0.9993490779881148,0.8280671,0.043720930232558,0.5327868852459017,12.18876589072038,-0.0264054248109459,DETECTED,False,1,0,2023
2023-04-06,6775,monster_weak_early_v20_lag1,3398a83d1ac17dfc246c13208d80a7604d6c5cc4b56e8a16844bfd487a1c6a5c,6775,3.330329179172648,1,2,"{""tail_cdf"":0.9998573486329824,""tail_p"":0.8540315}",3.330329179172648,0.9998573486329824,0.8540315,0.1433691756272401,0.3236514522821576,3.330329179172648,-0.0109126986935734,DETECTED,False,2,0,2023
2023-04-06,2721,monster_weak_early_v20_lag1,3398a83d1ac17dfc246c13208d80a7604d6c5cc4b56e8a16844bfd487a1c6a5c,2721,7.952610766556561,2,2,"{""tail_cdf"":0.9992101985289512,""tail_p"":0.82435304}",7.952610766556561,0.9992101985289512,0.82435304,0.2247191011235956,0.3212121212121213,7.952610766556561,-0.0109126986935734,DETECTED,False,2,0,2023
2023-04-07,6775,monster_weak_early_v20_lag1,3398a83d1ac17dfc246c13208d80a7604d6c5cc4b56e8a16844bfd487a1c6a5c,6775,1.6201872678139777,1,3,"{""tail_cdf"":0.9994398324368332,""tail_p"":0.8335451}",1.6201872678139777,0.9994398324368332,0.8335451,-0.012539184952978,0.2753036437246963,1.6201872678139777,-0.010917030274868,COOLDOWN_BLOCKED,True,1,2,2023
2023-04-07,2721,monster_weak_early_v20_lag1,3398a83d1ac17dfc246c13208d80a7604d6c5cc4b56e8a16844bfd487a1c6a5c,2721,6.57395791249371,2,3,"{""tail_cdf"":0.9993876429123146,""tail_p"":0.83162886}",6.57395791249371,0.9993876429123146,0.83162886,0.0963302752293577,0.5369774919614148,6.57395791249371,-0.010917030274868,COOLDOWN_BLOCKED,True,1,2,2023
2023-04-07,7997,monster_weak_early_v20_lag1,3398a83d1ac17dfc246c13208d80a7604d6c5cc4b56e8a16844bfd487a1c6a5c,7997,13.381435116706951,3,3,"{""tail_cdf"":0.9995024598662556,""tail_p"":0.8365561}",13.381435116706951,0.9995024598662556,0.8365561,-0.1024930747922437,0.5034802784222738,13.381435116706951,-0.010917030274868,DETECTED,False,1,2,2023
2023-04-10,6775,monster_weak_early_v20_lag1,3398a83d1ac17dfc246c13208d80a7604d6c5cc4b56e8a16844bfd487a1c6a5c,6775,1.170783734193805,1,2,"{""tail_cdf"":0.9990919022733756,""tail_p"":0.8200797}",1.170783734193805,0.9990919022733756,0.8200797,0.1238095238095238,0.3937007874015747,1.170783734193805,-0.0149382469244301,DETECTED,False,2,0,2023
2023-04-10,7692,monster_weak_early_v20_lag1,3398a83d1ac17dfc246c13208d80a7604d6c5cc4b56e8a16844bfd487a1c6a5c,7692,5.594566764590084,2,2,"{""tail_cdf"":0.9993145775779886,""tail_p"":0.8286214}",5.594566764590084,0.9993145775779886,0.8286214,0.1005265706728841,0.439574218427978,5.594566764590084,-0.0149382469244301,DETECTED,False,2,0,2023
2023-04-27,6775,monster_weak_early_v20_lag1,3398a83d1ac17dfc246c13208d80a7604d6c5cc4b56e8a16844bfd487a1c6a5c,6775,3.230625202409042,1,2,"{""tail_cdf"":0.9992902224665464,""tail_p"":0.82752013}",3.230625202409042,0.9992902224665464,0.82752013,0.1807228915662651,-0.0360655737704918,3.230625202409042,-0.0043715848587453,DETECTED,False,2,0,2023
2023-04-27,7601,monster_weak_early_v20_lag1,3398a83d1ac17dfc246c13208d80a7604d6c5cc4b56e8a16844bfd487a1c6a5c,7601,5.690065631622679,2,2,"{""tail_cdf"":0.9998086384100984,""tail_p"":0.8508994}",5.690065631622679,0.9998086384100984,0.8508994,0.3067484662576687,0.086734693877551,5.690065631622679,-0.0043715848587453,DETECTED,False,2,0,2023
2023-04-28,6775,monster_weak_early_v20_lag1,3398a83d1ac17dfc246c13208d80a7604d6c5cc4b56e8a16844bfd487a1c6a5c,6775,0.9832025577024958,1,2,"{""tail_cdf"":0.9992345536403932,""tail_p"":0.8252565}",0.9832025577024958,0.9992345536403932,0.8252565,-0.0136054421768707,-0.0705128205128204,0.9832025577024958,-0.0041601946577429,COOLDOWN_BLOCKED,True,0,2,2023
2023-04-28,7601,monster_weak_early_v20_lag1,3398a83d1ac17dfc246c13208d80a7604d6c5cc4b56e8a16844bfd487a1c6a5c,7601,4.574232032735865,2,2,"{""tail_cdf"":0.999425915230295,""tail_p"":0.8326644}",4.574232032735865,0.999425915230295,0.8326644,0.1267605633802817,0.3333333333333332,4.574232032735865,-0.0041601946577429,COOLDOWN_BLOCKED,True,0,2,2023
2023-05-17,3133,monster_weak_early_v20_lag1,3398a83d1ac17dfc246c13208d80a7604d6c5cc4b56e8a16844bfd487a1c6a5c,3133,1.2881663535396135,1,3,"{""tail_cdf"":0.9999034832881314,""tail_p"":0.85083115}",1.2881663535396135,0.9999034832881314,0.85083115,0.1628865979381444,0.2207792207792207,1.2881663535396135,-0.0051238297019153,DETECTED,False,3,0,2023
2023-05-17,2435,monster_weak_early_v20_lag1,3398a83d1ac17dfc246c13208d80a7604d6c5cc4b56e8a16844bfd487a1c6a5c,2435,3.2086326631337028,2,3,"{""tail_cdf"":0.9996686259559175,""tail_p"":0.8338946}",3.2086326631337028,0.9996686259559175,0.8338946,-0.0877742946708464,0.3227272727272727,3.2086326631337028,-0.0051238297019153,DETECTED,False,3,0,2023
2023-05-17,3192,monster_weak_early_v20_lag1,3398a83d1ac17dfc246c13208d80a7604d6c5cc4b56e8a16844bfd487a1c6a5c,3192,5.023464025431976,3,3,"{""tail_cdf"":0.9997683598915152,""tail_p"":0.83949554}",5.023464025431976,0.9997683598915152,0.83949554,-0.0811965811965812,0.3271604938271604,5.023464025431976,-0.0051238297019153,DETECTED,False,3,0,2023
2023-05-18,3133,monster_weak_early_v20_lag1,3398a83d1ac17dfc246c13208d80a7604d6c5cc4b56e8a16844bfd487a1c6a5c,3133,1.4574639662899145,1,2,"{""tail_cdf"":0.999205345738948,""tail_p"":0.81705403}",1.4574639662899145,0.999205345738948,0.81705403,0.1524822695035461,0.2720156555772994,1.4574639662899145,-0.0018904960015788,COOLDOWN_BLOCKED,True,1,1,2023
2023-05-18,7538,monster_weak_early_v20_lag1,3398a83d1ac17dfc246c13208d80a7604d6c5cc4b56e8a16844bfd487a1c6a5c,7538,9.292489221692762,2,2,"{""tail_cdf"":0.9991956940677612,""tail_p"":0.8169079}",9.292489221692762,0.9991956940677612,0.8169079,0.0384615384615385,0.4765625,9.292489221692762,-0.0018904960015788,DETECTED,False,1,1,2023
2023-05-19,3137,monster_weak_early_v20_lag1,3398a83d1ac17dfc246c13208d80a7604d6c5cc4b56e8a16844bfd487a1c6a5c,3137,2.418214872497837,1,1,"{""tail_cdf"":0.9995109819931988,""tail_p"":0.827497}",2.418214872497837,0.9995109819931988,0.827497,0.213903743315508,0.1073170731707318,2.418214872497837,0.0,DETECTED,False,1,0,2023
2023-05-22,4438,monster_weak_early_v20_lag1,3398a83d1ac17dfc246c13208d80a7604d6c5cc4b56e8a16844bfd487a1c6a5c,4438,2.2237942122186496,1,1,"{""tail_cdf"":0.9997458393254124,""tail_p"":0.83723533}",2.2237942122186496,0.9997458393254124,0.83723533,0.1727115716753022,0.0134328358208954,2.2237942122186496,0.0,DETECTED,False,1,0,2023
2023-05-25,2656,monster_weak_early_v20_lag1,3398a83d1ac17dfc246c13208d80a7604d6c5cc4b56e8a16844bfd487a1c6a5c,2656,6.718501027088252,1,1,"{""tail_cdf"":0.9990541362236872,""tail_p"":0.81260735}",6.718501027088252,0.9990541362236872,0.81260735,0.120754716981132,0.368663594470046,6.718501027088252,-0.0020559245022013,DETECTED,False,1,0,2023
2023-05-26,9439,monster_weak_early_v20_lag1,3398a83d1ac17dfc246c13208d80a7604d6c5cc4b56e8a16844bfd487a1c6a5c,9439,11.446471531676025,1,1,"{""tail_cdf"":0.9998294871423654,""tail_p"":0.84378564}",11.446471531676025,0.9998294871423654,0.84378564,-0.0391459074733095,0.40625,11.446471531676025,-0.0030321417143568,DETECTED,False,1,0,2023
2023-05-29,2304,monster_weak_early_v20_lag1,3398a83d1ac17dfc246c13208d80a7604d6c5cc4b56e8a16844bfd487a1c6a5c,2304,6.330218918365955,1,2,"{""tail_cdf"":0.9996621915084596,""tail_p"":0.8334944}",6.330218918365955,0.9996621915084596,0.8334944,0.14375,0.4781906300484653,6.330218918365955,-0.0102526564151048,DETECTED,False,1,1,2023
2023-05-29,9439,monster_weak_early_v20_lag1,3398a83d1ac17dfc246c13208d80a7604d6c5cc4b56e8a16844bfd487a1c6a5c,9439,12.511564932866976,2,2,"{""tail_cdf"":0.9990959601321636,""tail_p"":0.8134997}",12.511564932866976,0.9990959601321636,0.8134997,0.0074074074074073,0.3877551020408163,12.511564932866976,-0.0102526564151048,COOLDOWN_BLOCKED,True,1,1,2023
2023-05-30,6578,monster_weak_early_v20_lag1,3398a83d1ac17dfc246c13208d80a7604d6c5cc4b56e8a16844bfd487a1c6a5c,6578,3.360331756625413,1,1,"{""tail_cdf"":0.9996235848237124,""tail_p"":0.83132565}",3.360331756625413,0.9996235848237124,0.83132565,0.3137254901960784,0.5227272727272727,3.360331756625413,-0.0123998974449932,DETECTED,False,1,0,2023
2023-05-31,4259,monster_weak_early_v20_lag1,3398a83d1ac17dfc246c13208d80a7604d6c5cc4b56e8a16844bfd487a1c6a5c,4259,3.1618475788438287,1,2,"{""tail_cdf"":0.9990541362236872,""tail_p"":0.812735}",3.1618475788438287,0.9990541362236872,0.812735,0.0519480519480519,0.265625,3.1618475788438287,-0.0081666000187397,DETECTED,False,2,0,2023
2023-05-31,3667,monster_weak_early_v20_lag1,3398a83d1ac17dfc246c13208d80a7604d6c5cc4b56e8a16844bfd487a1c6a5c,3667,6.823628487853825,2,2,"{""tail_cdf"":0.9998294871423654,""tail_p"":0.8439931}",6.823628487853825,0.9998294871423654,0.8439931,0.1515151515151516,0.510934393638171,6.823628487853825,-0.0081666000187397,DETECTED,False,2,0,2023
2023-06-27,7578,monster_weak_early_v20_lag1,3398a83d1ac17dfc246c13208d80a7604d6c5cc4b56e8a16844bfd487a1c6a5c,7578,2.7371328144614613,1,1,"{""tail_cdf"":0.999066994016202,""tail_p"":0.79971516}",2.7371328144614613,0.999066994016202,0.79971516,-0.0776255707762557,0.188235294117647,2.7371328144614613,-0.0059087737463414,DETECTED,False,1,0,2023
2023-06-28,7578,monster_weak_early_v20_lag1,3398a83d1ac17dfc246c13208d80a7604d6c5cc4b56e8a16844bfd487a1c6a5c,7578,2.3250719931376755,1,1,"{""tail_cdf"":0.9991058692655268,""tail_p"":0.8007024}",2.3250719931376755,0.9991058692655268,0.8007024,0.1237623762376238,0.4458598726114648,2.3250719931376755,-0.0077067296952009,COOLDOWN_BLOCKED,True,0,1,2023
2023-07-10,7709,monster_weak_early_v20_lag1,3398a83d1ac17dfc246c13208d80a7604d6c5cc4b56e8a16844bfd487a1c6a5c,7709,1.8355386480293208,1,1,"{""tail_cdf"":0.9993586059258148,""tail_p"":0.8142984}",1.8355386480293208,0.9993586059258148,0.8142984,0.1432584269662922,0.4535714285714285,1.8355386480293208,-0.0068787620402872,DETECTED,False,1,0,2023
2023-07-12,7578,monster_weak_early_v20_lag1,3398a83d1ac17dfc246c13208d80a7604d6c5cc4b56e8a16844bfd487a1c6a5c,7578,0.4619246745861679,1,1,"{""tail_cdf"":0.9993586059258148,""tail_p"":0.81435156}",0.4619246745861679,0.9993586059258148,0.81435156,0.0149253731343284,0.4977973568281939,0.4619246745861679,-0.0140845067799091,DETECTED,False,1,0,2023
2023-08-03,2134,monster_weak_early_v20_lag1,3398a83d1ac17dfc246c13208d80a7604d6c5cc4b56e8a16844bfd487a1c6a5c,2134,0.5347914258924094,1,1,"{""tail_cdf"":0.9991774619347662,""tail_p"":0.7923529}",0.5347914258924094,0.9991774619347662,0.7923529,0.0,-0.0833333333333333,0.5347914258924094,0.0,DETECTED,False,1,0,2023
2023-08-08,3779,monster_weak_early_v20_lag1,3398a83d1ac17dfc246c13208d80a7604d6c5cc4b56e8a16844bfd487a1c6a5c,3779,3.079368133299664,1,1,"{""tail_cdf"":0.9994777536093754,""tail_p"":0.8078744}",3.079368133299664,0.9994777536093754,0.8078744,0.3496503496503496,0.4191176470588236,3.079368133299664,-0.010091301985085,DETECTED,False,1,0,2023
2023-08-09,3779,monster_weak_early_v20_lag1,3398a83d1ac17dfc246c13208d80a7604d6c5cc4b56e8a16844bfd487a1c6a5c,3779,4.668826908687523,1,1,"{""tail_cdf"":0.9991800731667192,""tail_p"":0.79241836}",4.668826908687523,0.9991800731667192,0.79241836,-0.0880829015544041,0.3968253968253967,4.668826908687523,-0.0117647061124444,COOLDOWN_BLOCKED,True,0,1,2023
2023-08-22,7578,monster_weak_early_v20_lag1,3398a83d1ac17dfc246c13208d80a7604d6c5cc4b56e8a16844bfd487a1c6a5c,7578,5.4989916546890845,1,1,"{""tail_cdf"":0.9993341358519536,""tail_p"":0.80062455}",5.4989916546890845,0.9993341358519536,0.80062455,0.0475247524752475,0.3994708994708995,5.4989916546890845,-0.0131545830518007,DETECTED,False,1,0,2023
2023-09-12,9425,monster_weak_early_v20_lag1,3398a83d1ac17dfc246c13208d80a7604d6c5cc4b56e8a16844bfd487a1c6a5c,9425,3.76934625358264,1,1,"{""tail_cdf"":0.9992447518838292,""tail_p"":0.81718946}",3.76934625358264,0.9992447518838292,0.81718946,-0.1538461538461538,0.4666666666666665,3.76934625358264,-0.006578947417438,DETECTED,False,1,0,2023
2023-09-14,9425,monster_weak_early_v20_lag1,3398a83d1ac17dfc246c13208d80a7604d6c5cc4b56e8a16844bfd487a1c6a5c,9425,2.5441595128439056,1,1,"{""tail_cdf"":0.9991515719214444,""tail_p"":0.814353}",2.5441595128439056,0.9991515719214444,0.814353,0.0534069981583793,0.462915601023018,2.5441595128439056,-0.0065717413090169,DETECTED,False,1,0,2023
2023-10-02,2375,monster_weak_early_v20_lag1,3398a83d1ac17dfc246c13208d80a7604d6c5cc4b56e8a16844bfd487a1c6a5c,2375,2.888283761211628,1,1,"{""tail_cdf"":0.9993933435140054,""tail_p"":0.81490403}",2.888283761211628,0.9993933435140054,0.81490403,0.1835106382978724,0.2027027027027026,2.888283761211628,-0.0069790626876056,DETECTED,False,1,0,2023
2023-10-03,4882,monster_weak_early_v20_lag1,3398a83d1ac17dfc246c13208d80a7604d6c5cc4b56e8a16844bfd487a1c6a5c,4882,1.5995753616061323,1,2,"{""tail_cdf"":0.9994421549554072,""tail_p"":0.817008}",1.5995753616061323,0.9994421549554072,0.817008,0.0884210526315789,0.2136150234741785,1.5995753616061323,-0.0204918030649423,DETECTED,False,1,1,2023
2023-10-03,2375,monster_weak_early_v20_lag1,3398a83d1ac17dfc246c13208d80a7604d6c5cc4b56e8a16844bfd487a1c6a5c,2375,6.20246618291126,2,2,"{""tail_cdf"":0.9999721077477703,""tail_p"":0.8537526}",6.20246618291126,0.9999721077477703,0.8537526,0.1685393258426966,0.5160349854227406,6.20246618291126,-0.0204918030649423,COOLDOWN_BLOCKED,True,1,1,2023
2023-10-04,4882,monster_weak_early_v20_lag1,3398a83d1ac17dfc246c13208d80a7604d6c5cc4b56e8a16844bfd487a1c6a5c,4882,0.802997276736432,1,2,"{""tail_cdf"":0.9995490752556208,""tail_p"":0.8223534}",0.802997276736432,0.9995490752556208,0.8223534,0.0019342359767891,0.0882352941176469,0.802997276736432,-0.035830620676279,COOLDOWN_BLOCKED,True,1,1,2023
2023-10-04,3042,monster_weak_early_v20_lag1,3398a83d1ac17dfc246c13208d80a7604d6c5cc4b56e8a16844bfd487a1c6a5c,3042,7.984118640761935,2,2,"{""tail_cdf"":0.9996420494297196,""tail_p"":0.8276105}",7.984118640761935,0.9996420494297196,0.8276105,0.1480446927374301,0.4270833333333332,7.984118640761935,-0.035830620676279,DETECTED,False,1,1,2023
2023-10-06,4882,monster_weak_early_v20_lag1,3398a83d1ac17dfc246c13208d80a7604d6c5cc4b56e8a16844bfd487a1c6a5c,4882,0.7907904900108349,1,1,"{""tail_cdf"":0.9994514523728172,""tail_p"":0.8177992}",0.7907904900108349,0.9994514523728172,0.8177992,0.0769230769230768,0.3526570048309179,0.7907904900108349,-0.0359281450510025,DETECTED,False,1,0,2023
2023-10-11,4882,monster_weak_early_v20_lag1,3398a83d1ac17dfc246c13208d80a7604d6c5cc4b56e8a16844bfd487a1c6a5c,4882,2.3415876430053864,1,1,"{""tail_cdf"":0.9990516634241924,""tail_p"":0.8034496}",2.3415876430053864,0.9990516634241924,0.8034496,-0.155,0.2014218009478672,2.3415876430053864,-0.0076687117107212,DETECTED,False,1,0,2023
2023-10-17,2375,monster_weak_early_v20_lag1,3398a83d1ac17dfc246c13208d80a7604d6c5cc4b56e8a16844bfd487a1c6a5c,2375,1.512749288162328,1,2,"{""tail_cdf"":0.999539777838211,""tail_p"":0.82153034}",1.512749288162328,0.999539777838211,0.82153034,-0.0857519788918206,0.5573033707865169,1.512749288162328,-0.0140672782436013,DETECTED,False,2,0,2023
2023-10-17,6573,monster_weak_early_v20_lag1,3398a83d1ac17dfc246c13208d80a7604d6c5cc4b56e8a16844bfd487a1c6a5c,6573,2.573096407539795,2,2,"{""tail_cdf"":0.9995769675078504,""tail_p"":0.82357365}",2.573096407539795,0.9995769675078504,0.82357365,0.1451378809869377,-0.01375,2.573096407539795,-0.0140672782436013,DETECTED,False,2,0,2023
2023-10-18,6573,monster_weak_early_v20_lag1,3398a83d1ac17dfc246c13208d80a7604d6c5cc4b56e8a16844bfd487a1c6a5c,6573,4.88091483731198,1,1,"{""tail_cdf"":0.9996118328231376,""tail_p"":0.82542574}",4.88091483731198,0.9996118328231376,0.82542574,0.1432192648922687,0.1163366336633664,4.88091483731198,-0.0219010077416896,COOLDOWN_BLOCKED,True,0,1,2023
2023-10-19,6573,monster_weak_early_v20_lag1,3398a83d1ac17dfc246c13208d80a7604d6c5cc4b56e8a16844bfd487a1c6a5c,6573,2.723356365792563,1,1,"{""tail_cdf"":0.9992422604810948,""tail_p"":0.8096493}",2.723356365792563,0.9992422604810948,0.8096493,0.0088691796008868,0.1446540880503144,2.723356365792563,-0.0106976740062236,DETECTED,False,1,0,2023
2023-10-23,3189,monster_weak_early_v20_lag1,3398a83d1ac17dfc246c13208d80a7604d6c5cc4b56e8a16844bfd487a1c6a5c,3189,8.645685279187818,1,1,"{""tail_cdf"":0.9994932907511616,""tail_p"":0.8193077}",8.645685279187818,0.9994932907511616,0.8193077,-0.1067415730337079,0.347457627118644,8.645685279187818,-0.0115667721256613,DETECTED,False,1,0,2023
2023-10-24,2375,monster_weak_early_v20_lag1,3398a83d1ac17dfc246c13208d80a7604d6c5cc4b56e8a16844bfd487a1c6a5c,2375,1.0309424784384478,1,2,"{""tail_cdf"":0.9996327520123098,""tail_p"":0.82709473}",1.0309424784384478,0.9996327520123098,0.82709473,0.1156316916488222,0.2130384167636787,1.0309424784384478,-0.0087336245924234,DETECTED,False,1,1,2023
2023-10-24,3189,monster_weak_early_v20_lag1,3398a83d1ac17dfc246c13208d80a7604d6c5cc4b56e8a16844bfd487a1c6a5c,3189,3.2645894521772445,2,2,"{""tail_cdf"":0.9997745376278104,""tail_p"":0.8358445}",3.2645894521772445,0.9997745376278104,0.8358445,0.0345911949685535,0.359504132231405,3.2645894521772445,-0.0087336245924234,COOLDOWN_BLOCKED,True,1,1,2023
2023-10-27,3189,monster_weak_early_v20_lag1,3398a83d1ac17dfc246c13208d80a7604d6c5cc4b56e8a16844bfd487a1c6a5c,3189,5.354968448789959,1,1,"{""tail_cdf"":0.999741996666876,""tail_p"":0.83383596}",5.354968448789959,0.999741996666876,0.83383596,0.1617161716171617,0.537117903930131,5.354968448789959,-0.0129630109295248,DETECTED,False,1,0,2023
2023-11-15,7918,monster_weak_early_v20_lag1,3398a83d1ac17dfc246c13208d80a7604d6c5cc4b56e8a16844bfd487a1c6a5c,7918,2.186522033898305,1,2,"{""tail_cdf"":0.9997666349642468,""tail_p"":0.84188807}",2.186522033898305,0.9997666349642468,0.84188807,0.0445544554455445,0.4066666666666667,2.186522033898305,-0.0068014082498848,DETECTED,False,2,0,2023
2023-11-15,3494,monster_weak_early_v20_lag1,3398a83d1ac17dfc246c13208d80a7604d6c5cc4b56e8a16844bfd487a1c6a5c,3494,2.783074410301212,2,2,"{""tail_cdf"":0.9995750995103736,""tail_p"":0.83076066}",2.783074410301212,0.9995750995103736,0.83076066,0.2544529311484016,0.3102989830447986,2.783074410301212,-0.0068014082498848,DETECTED,False,2,0,2023
2023-11-17,9211,monster_weak_early_v20_lag1,3398a83d1ac17dfc246c13208d80a7604d6c5cc4b56e8a16844bfd487a1c6a5c,9211,15.574402467232074,1,1,"{""tail_cdf"":0.9991083694388672,""tail_p"":0.81306887}",15.574402467232074,0.9991083694388672,0.81306887,0.0179775280898877,0.5620689655172413,15.574402467232074,-0.0030060119461268,DETECTED,False,1,0,2023
2023-12-08,7273,monster_weak_early_v20_lag1,3398a83d1ac17dfc246c13208d80a7604d6c5cc4b56e8a16844bfd487a1c6a5c,7273,4.710695499707773,1,1,"{""tail_cdf"":0.9996332167311855,""tail_p"":0.82858485}",4.710695499707773,0.9996332167311855,0.82858485,-0.1275917065390749,0.5044004147906176,4.710695499707773,-0.0075047169812023,DETECTED,False,1,0,2023
2023-12-11,6731,monster_weak_early_v20_lag1,3398a83d1ac17dfc246c13208d80a7604d6c5cc4b56e8a16844bfd487a1c6a5c,6731,0.99275617485789,1,1,"{""tail_cdf"":0.9999958081912136,""tail_p"":0.873449}",0.99275617485789,0.9999958081912136,0.873449,1.0,0.0,0.99275617485789,-0.0179185345768928,DETECTED,False,1,0,2023
2023-12-14,6085,monster_weak_early_v20_lag1,3398a83d1ac17dfc246c13208d80a7604d6c5cc4b56e8a16844bfd487a1c6a5c,6085,1.526291116493476,1,1,"{""tail_cdf"":0.9997338201420604,""tail_p"":0.83416694}",1.526291116493476,0.9997338201420604,0.83416694,0.1694915632309852,0.068111480337597,1.526291116493476,-0.0159744415432214,DETECTED,False,1,0,2023
2023-12-18,3077,monster_weak_early_v20_lag1,3398a83d1ac17dfc246c13208d80a7604d6c5cc4b56e8a16844bfd487a1c6a5c,3077,5.270783117082927,1,1,"{""tail_cdf"":0.999962273720922,""tail_p"":0.8592921}",5.270783117082927,0.999962273720922,0.8592921,0.2298850574712643,0.5735294117647058,5.270783117082927,-0.0015772870974615,DETECTED,False,1,0,2023
2024-01-17,4073,monster_weak_early_v20_lag1,3398a83d1ac17dfc246c13208d80a7604d6c5cc4b56e8a16844bfd487a1c6a5c,4073,4.211453039337308,1,1,"{""tail_cdf"":0.9994513792326092,""tail_p"":0.8201557}",4.211453039337308,0.9994513792326092,0.8201557,-0.0669593852908891,0.2724550898203592,4.211453039337308,0.0,DETECTED,False,1,0,2024
2024-01-18,3358,monster_weak_early_v20_lag1,3398a83d1ac17dfc246c13208d80a7604d6c5cc4b56e8a16844bfd487a1c6a5c,3358,1.988375870907188,1,1,"{""tail_cdf"":0.9992917804639138,""tail_p"":0.8132218}",1.988375870907188,0.9992917804639138,0.8132218,-0.0378787878787878,0.5679012345679013,1.988375870907188,-0.0056912500876933,DETECTED,False,1,0,2024
2024-02-08,7601,monster_weak_early_v20_lag1,3398a83d1ac17dfc246c13208d80a7604d6c5cc4b56e8a16844bfd487a1c6a5c,7601,7.891290058185301,1,1,"{""tail_cdf"":0.9993786136009056,""tail_p"":0.8130594}",7.891290058185301,0.9993786136009056,0.8130594,0.3278688524590163,0.5283018867924529,7.891290058185301,-0.0037413522368296,DETECTED,False,1,0,2024
2024-02-14,7689,monster_weak_early_v20_lag1,3398a83d1ac17dfc246c13208d80a7604d6c5cc4b56e8a16844bfd487a1c6a5c,7689,3.0644101455835755,1,1,"{""tail_cdf"":0.9997992443941388,""tail_p"":0.83391154}",3.0644101455835755,0.9997992443941388,0.83391154,0.1971090670170827,0.5652920962199313,3.0644101455835755,-0.0076657733879983,DETECTED,False,1,0,2024
2024-02-15,2970,monster_weak_early_v20_lag1,3398a83d1ac17dfc246c13208d80a7604d6c5cc4b56e8a16844bfd487a1c6a5c,2970,4.696636277900032,1,1,"{""tail_cdf"":0.9993250787726758,""tail_p"":0.8112998}",4.696636277900032,0.9993250787726758,0.8112998,-0.0087154225085259,0.3966898024559531,4.696636277900032,-0.0112620298750698,DETECTED,False,1,0,2024
2024-03-05,7692,monster_weak_early_v20_lag1,3398a83d1ac17dfc246c13208d80a7604d6c5cc4b56e8a16844bfd487a1c6a5c,7692,0.7300407900224671,1,2,"{""tail_cdf"":0.999136982855338,""tail_p"":0.8160237}",0.7300407900224671,0.999136982855338,0.8160237,-0.1855670103092783,0.3166666666666666,0.7300407900224671,-0.0022473706630989,DETECTED,False,2,0,2024
2024-03-05,2330,monster_weak_early_v20_lag1,3398a83d1ac17dfc246c13208d80a7604d6c5cc4b56e8a16844bfd487a1c6a5c,2330,1.5985200454249258,2,2,"{""tail_cdf"":0.9999412413858954,""tail_p"":0.85481715}",1.5985200454249258,0.9999412413858954,0.85481715,-0.1264367816091953,0.5573770491803278,1.5985200454249258,-0.0022473706630989,DETECTED,False,2,0,2024
2024-03-06,7692,monster_weak_early_v20_lag1,3398a83d1ac17dfc246c13208d80a7604d6c5cc4b56e8a16844bfd487a1c6a5c,7692,0.3252782162739474,1,3,"{""tail_cdf"":0.999417922479026,""tail_p"":0.82445216}",0.3252782162739474,0.999417922479026,0.82445216,-0.0569620253164556,0.2521008403361344,0.3252782162739474,-0.0032164038857445,COOLDOWN_BLOCKED,True,1,2,2024
2024-03-06,2330,monster_weak_early_v20_lag1,3398a83d1ac17dfc246c13208d80a7604d6c5cc4b56e8a16844bfd487a1c6a5c,2330,0.7483345331730746,2,3,"{""tail_cdf"":0.9998641207048832,""tail_p"":0.8473493}",0.7483345331730746,0.9998641207048832,0.8473493,-0.1263157894736841,0.2720306513409962,0.7483345331730746,-0.0032164038857445,COOLDOWN_BLOCKED,True,1,2,2024
2024-03-06,6276,monster_weak_early_v20_lag1,3398a83d1ac17dfc246c13208d80a7604d6c5cc4b56e8a16844bfd487a1c6a5c,6276,2.850014675667743,3,3,"{""tail_cdf"":0.9998990086320076,""tail_p"":0.8508065}",2.850014675667743,0.9998990086320076,0.8508065,0.06544901065449,0.2727272727272727,2.850014675667743,-0.0032164038857445,DETECTED,False,1,2,2024
2024-03-07,7692,monster_weak_early_v20_lag1,3398a83d1ac17dfc246c13208d80a7604d6c5cc4b56e8a16844bfd487a1c6a5c,7692,0.2911087376755435,1,4,"{""tail_cdf"":0.9997190603763122,""tail_p"":0.8376135}",0.2911087376755435,0.9997190603763122,0.8376135,-0.0268456375838925,0.2719298245614034,0.2911087376755435,0.0,DETECTED,False,3,1,2024
2024-03-07,6659,monster_weak_early_v20_lag1,3398a83d1ac17dfc246c13208d80a7604d6c5cc4b56e8a16844bfd487a1c6a5c,6659,0.6683487326050799,2,4,"{""tail_cdf"":0.9996143965949384,""tail_p"":0.8328825}",0.6683487326050799,0.9996143965949384,0.8328825,-0.0259740259740259,0.1029411764705883,0.6683487326050799,0.0,DETECTED,False,3,1,2024
2024-03-07,6276,monster_weak_early_v20_lag1,3398a83d1ac17dfc246c13208d80a7604d6c5cc4b56e8a16844bfd487a1c6a5c,6276,1.04647601013617,3,4,"{""tail_cdf"":0.9990157932137472,""tail_p"":0.81242704}",1.04647601013617,0.9990157932137472,0.81242704,-0.0942857142857143,0.2286821705426356,1.04647601013617,0.0,COOLDOWN_BLOCKED,True,3,1,2024
2024-03-07,3905,monster_weak_early_v20_lag1,3398a83d1ac17dfc246c13208d80a7604d6c5cc4b56e8a16844bfd487a1c6a5c,3905,1.672512131341071,4,4,"{""tail_cdf"":0.9993573276582304,""tail_p"":0.822708}",1.672512131341071,0.9993573276582304,0.822708,-0.0045045045045044,0.2923976608187135,1.672512131341071,0.0,DETECTED,False,3,1,2024
2024-03-08,6659,monster_weak_early_v20_lag1,3398a83d1ac17dfc246c13208d80a7604d6c5cc4b56e8a16844bfd487a1c6a5c,6659,0.3317178738290975,1,4,"{""tail_cdf"":0.9990157932137472,""tail_p"":0.8124854}",0.3317178738290975,0.9990157932137472,0.8124854,-0.1066666666666666,0.1355932203389831,0.3317178738290975,-0.0005932942731305,COOLDOWN_BLOCKED,True,3,1,2024
2024-03-08,2330,monster_weak_early_v20_lag1,3398a83d1ac17dfc246c13208d80a7604d6c5cc4b56e8a16844bfd487a1c6a5c,2330,0.929692703139873,2,4,"{""tail_cdf"":0.999561146600906,""tail_p"":0.8307682}",0.929692703139873,0.999561146600906,0.8307682,-0.1480582524271845,0.1898305084745761,0.929692703139873,-0.0005932942731305,DETECTED,False,3,1,2024
2024-03-08,9704,monster_weak_early_v20_lag1,3398a83d1ac17dfc246c13208d80a7604d6c5cc4b56e8a16844bfd487a1c6a5c,9704,1.5055571088110942,3,4,"{""tail_cdf"":0.9990782242412336,""tail_p"":0.81395155}",1.5055571088110942,0.9990782242412336,0.81395155,-0.288135593220339,0.5,1.5055571088110942,-0.0005932942731305,DETECTED,False,3,1,2024
2024-03-08,5216,monster_weak_early_v20_lag1,3398a83d1ac17dfc246c13208d80a7604d6c5cc4b56e8a16844bfd487a1c6a5c,5216,4.497831310885323,4,4,"{""tail_cdf"":0.9999724568996384,""tail_p"":0.859426}",4.497831310885323,0.9999724568996384,0.859426,0.1481481481481481,0.5196078431372548,4.497831310885323,-0.0005932942731305,DETECTED,False,3,1,2024
2024-03-12,2330,monster_weak_early_v20_lag1,3398a83d1ac17dfc246c13208d80a7604d6c5cc4b56e8a16844bfd487a1c6a5c,2330,0.4509842971524243,1,5,"{""tail_cdf"":0.9992398104300212,""tail_p"":0.8191597}",0.4509842971524243,0.9992398104300212,0.8191597,0.0481586402266289,-0.1868131868131868,0.4509842971524243,-0.0056738615967333,DETECTED,False,5,0,2024
2024-03-12,3905,monster_weak_early_v20_lag1,3398a83d1ac17dfc246c13208d80a7604d6c5cc4b56e8a16844bfd487a1c6a5c,3905,0.6690601062157735,2,5,"{""tail_cdf"":0.999208594916278,""tail_p"":0.8183634}",0.6690601062157735,0.999208594916278,0.8183634,0.1165048543689319,0.0874704491725768,0.6690601062157735,-0.0056738615967333,DETECTED,False,5,0,2024
2024-03-12,3858,monster_weak_early_v20_lag1,3398a83d1ac17dfc246c13208d80a7604d6c5cc4b56e8a16844bfd487a1c6a5c,3858,1.1853079483137288,3,5,"{""tail_cdf"":0.9994344483392428,""tail_p"":0.82494944}",1.1853079483137288,0.9994344483392428,0.82494944,0.1451378809869377,0.3149999999999999,1.1853079483137288,-0.0056738615967333,DETECTED,False,5,0,2024
2024-03-12,9704,monster_weak_early_v20_lag1,3398a83d1ac17dfc246c13208d80a7604d6c5cc4b56e8a16844bfd487a1c6a5c,9704,1.3837384053739783,4,5,"{""tail_cdf"":0.9991057673415952,""tail_p"":0.81510055}",1.3837384053739783,0.9991057673415952,0.81510055,0.0363636363636363,0.5405405405405406,1.3837384053739783,-0.0056738615967333,DETECTED,False,5,0,2024
2024-03-12,3744,monster_weak_early_v20_lag1,3398a83d1ac17dfc246c13208d80a7604d6c5cc4b56e8a16844bfd487a1c6a5c,3744,1.7576949780143485,5,5,"{""tail_cdf"":0.9998549396714292,""tail_p"":0.8465967}",1.7576949780143485,0.9998549396714292,0.8465967,0.1451378809869377,0.5143953934740884,1.7576949780143485,-0.0056738615967333,DETECTED,False,5,0,2024
2024-03-13,5216,monster_weak_early_v20_lag1,3398a83d1ac17dfc246c13208d80a7604d6c5cc4b56e8a16844bfd487a1c6a5c,5216,0.9257524286310268,1,3,"{""tail_cdf"":0.9995225862603998,""tail_p"":0.82940125}",0.9257524286310268,0.9995225862603998,0.82940125,-0.14,0.4700854700854702,0.9257524286310268,-0.0023557256208732,DETECTED,False,1,2,2024
2024-03-13,2330,monster_weak_early_v20_lag1,3398a83d1ac17dfc246c13208d80a7604d6c5cc4b56e8a16844bfd487a1c6a5c,2330,1.0624008442713022,2,3,"{""tail_cdf"":0.9999687844862568,""tail_p"":0.85904676}",1.0624008442713022,0.9999687844862568,0.85904676,0.145945945945946,-0.2074766355140187,1.0624008442713022,-0.0023557256208732,COOLDOWN_BLOCKED,True,1,2,2024
2024-03-13,3744,monster_weak_early_v20_lag1,3398a83d1ac17dfc246c13208d80a7604d6c5cc4b56e8a16844bfd487a1c6a5c,3744,1.860148748349172,3,3,"{""tail_cdf"":0.999473008679749,""tail_p"":0.8272186}",1.860148748349172,0.999473008679749,0.8272186,-0.0494296577946767,0.3513513513513513,1.860148748349172,-0.0023557256208732,COOLDOWN_BLOCKED,True,1,2,2024
2024-03-14,9704,monster_weak_early_v20_lag1,3398a83d1ac17dfc246c13208d80a7604d6c5cc4b56e8a16844bfd487a1c6a5c,9704,0.2706256105836994,1,5,"{""tail_cdf"":0.9992453190500936,""tail_p"":0.81937397}",0.2706256105836994,0.9992453190500936,0.81937397,-0.0357142857142857,0.3500000000000001,0.2706256105836994,-0.0121733350679278,DETECTED,False,4,1,2024
2024-03-14,2330,monster_weak_early_v20_lag1,3398a83d1ac17dfc246c13208d80a7604d6c5cc4b56e8a16844bfd487a1c6a5c,2330,0.8252801115493271,2,5,"{""tail_cdf"":0.9994344483392428,""tail_p"":0.825173}",0.8252801115493271,0.9994344483392428,0.825173,-0.0731132075471697,-0.3811023622047244,0.8252801115493271,-0.0121733350679278,DETECTED,False,4,1,2024
2024-03-14,5216,monster_weak_early_v20_lag1,3398a83d1ac17dfc246c13208d80a7604d6c5cc4b56e8a16844bfd487a1c6a5c,5216,0.8280131730407617,3,5,"{""tail_cdf"":0.999289388010672,""tail_p"":0.8205124}",0.8280131730407617,0.999289388010672,0.8205124,-0.0523255813953488,0.3931623931623931,0.8280131730407617,-0.0121733350679278,COOLDOWN_BLOCKED,True,4,1,2024
2024-03-14,6659,monster_weak_early_v20_lag1,3398a83d1ac17dfc246c13208d80a7604d6c5cc4b56e8a16844bfd487a1c6a5c,6659,1.4340852793610788,4,5,"{""tail_cdf"":0.9997392586499106,""tail_p"":0.8390915}",1.4340852793610788,0.9997392586499106,0.8390915,0.2089552238805969,-0.3249999999999999,1.4340852793610788,-0.0121733350679278,DETECTED,False,4,1,2024
2024-03-14,8746,monster_weak_early_v20_lag1,3398a83d1ac17dfc246c13208d80a7604d6c5cc4b56e8a16844bfd487a1c6a5c,8746,1.506016366621288,5,5,"{""tail_cdf"":0.9990011035602212,""tail_p"":0.81196237}",1.506016366621288,0.9990011035602212,0.81196237,0.0952380952380953,-0.0416666666666666,1.506016366621288,-0.0121733350679278,DETECTED,False,4,1,2024
2024-03-15,6659,monster_weak_early_v20_lag1,3398a83d1ac17dfc246c13208d80a7604d6c5cc4b56e8a16844bfd487a1c6a5c,6659,0.3478613126306341,1,1,"{""tail_cdf"":0.9992912242173628,""tail_p"":0.8206819}",0.3478613126306341,0.9992912242173628,0.8206819,-0.074074074074074,-0.2346938775510204,0.3478613126306341,-0.0036652426933869,COOLDOWN_BLOCKED,True,0,1,2024
2024-03-18,7692,monster_weak_early_v20_lag1,3398a83d1ac17dfc246c13208d80a7604d6c5cc4b56e8a16844bfd487a1c6a5c,7692,0.3107990987752051,1,4,"{""tail_cdf"":0.999473008679749,""tail_p"":0.8273637}",0.3107990987752051,0.999473008679749,0.8273637,0.0079365079365079,-0.345360824742268,0.3107990987752051,-0.0062633513007313,DETECTED,False,4,0,2024
2024-03-18,3744,monster_weak_early_v20_lag1,3398a83d1ac17dfc246c13208d80a7604d6c5cc4b56e8a16844bfd487a1c6a5c,3744,0.6232933964892727,2,4,"{""tail_cdf"":0.999193905262752,""tail_p"":0.81788754}",0.6232933964892727,0.999193905262752,0.81788754,0.0822281167108753,0.2270676691729323,0.6232933964892727,-0.0062633513007313,DETECTED,False,4,0,2024
2024-03-18,6659,monster_weak_early_v20_lag1,3398a83d1ac17dfc246c13208d80a7604d6c5cc4b56e8a16844bfd487a1c6a5c,6659,1.5136273652225956,3,4,"{""tail_cdf"":0.9999724568996384,""tail_p"":0.8595081}",1.5136273652225956,0.9999724568996384,0.8595081,0.2266666666666665,-0.1320754716981131,1.5136273652225956,-0.0062633513007313,DETECTED,False,4,0,2024
2024-03-18,6578,monster_weak_early_v20_lag1,3398a83d1ac17dfc246c13208d80a7604d6c5cc4b56e8a16844bfd487a1c6a5c,6578,6.708072163866548,4,4,"{""tail_cdf"":0.999081896654615,""tail_p"":0.8142957}",6.708072163866548,0.999081896654615,0.8142957,0.2272727272727273,0.5428571428571429,6.708072163866548,-0.0062633513007313,DETECTED,False,4,0,2024
2024-04-01,2330,monster_weak_early_v20_lag1,3398a83d1ac17dfc246c13208d80a7604d6c5cc4b56e8a16844bfd487a1c6a5c,2330,1.7833946568549033,1,1,"{""tail_cdf"":0.999844727620486,""tail_p"":0.8457926}",1.7833946568549033,0.999844727620486,0.8457926,0.0676532769556026,0.335978835978836,1.7833946568549033,-0.0086864801123738,DETECTED,False,1,0,2024
2024-04-02,5255,monster_weak_early_v20_lag1,3398a83d1ac17dfc246c13208d80a7604d6c5cc4b56e8a16844bfd487a1c6a5c,5255,5.799609063925288,1,1,"{""tail_cdf"":0.9991424729949572,""tail_p"":0.8119064}",5.799609063925288,0.9991424729949572,0.8119064,0.3018867924528301,0.4024390243902438,5.799609063925288,-0.0125944586470723,DETECTED,False,1,0,2024
2024-04-03,6659,monster_weak_early_v20_lag1,3398a83d1ac17dfc246c13208d80a7604d6c5cc4b56e8a16844bfd487a1c6a5c,6659,0.7537971244630468,1,2,"{""tail_cdf"":0.9993242122573428,""tail_p"":0.81965876}",0.7537971244630468,0.9993242122573428,0.81965876,0.0779220779220779,-0.1263157894736841,0.7537971244630468,-0.0241770958527922,DETECTED,False,2,0,2024
2024-04-03,2330,monster_weak_early_v20_lag1,3398a83d1ac17dfc246c13208d80a7604d6c5cc4b56e8a16844bfd487a1c6a5c,2330,1.0284827852529,2,2,"{""tail_cdf"":0.99909306814693,""tail_p"":0.80999625}",1.0284827852529,0.99909306814693,0.80999625,-0.1919385796545105,0.1378378378378377,1.0284827852529,-0.0241770958527922,DETECTED,False,2,0,2024
2024-04-04,2330,monster_weak_early_v20_lag1,3398a83d1ac17dfc246c13208d80a7604d6c5cc4b56e8a16844bfd487a1c6a5c,2330,0.8838536901038482,1,2,"{""tail_cdf"":0.9994283153299716,""tail_p"":0.8240864}",0.8838536901038482,0.9994283153299716,0.8240864,-0.1900237529691211,-0.1743341404358354,0.8838536901038482,-0.0301060061901807,COOLDOWN_BLOCKED,True,1,1,2024
2024-04-04,5255,monster_weak_early_v20_lag1,3398a83d1ac17dfc246c13208d80a7604d6c5cc4b56e8a16844bfd487a1c6a5c,5255,5.477355281207133,2,2,"{""tail_cdf"":0.9996365214752287,""tail_p"":0.8326385}",5.477355281207133,0.9996365214752287,0.8326385,0.1423948220064725,0.3473282442748091,5.477355281207133,-0.0301060061901807,DETECTED,False,1,1,2024
2024-04-05,2330,monster_weak_early_v20_lag1,3398a83d1ac17dfc246c13208d80a7604d6c5cc4b56e8a16844bfd487a1c6a5c,2330,1.2780193382099163,1,1,"{""tail_cdf"":0.9993665592699374,""tail_p"":0.82131064}",1.2780193382099163,0.9993665592699374,0.82131064,-0.032258064516129,-0.2413793103448276,1.2780193382099163,-0.0121765602380037,DETECTED,False,1,0,2024
2024-04-08,6659,monster_weak_early_v20_lag1,3398a83d1ac17dfc246c13208d80a7604d6c5cc4b56e8a16844bfd487a1c6a5c,6659,1.2130976715361663,1,1,"{""tail_cdf"":0.999687690782114,""tail_p"":0.83511746}",1.2130976715361663,0.999687690782114,0.83511746,0.1363636363636364,0.1494252873563217,1.2130976715361663,-0.0245901644229888,DETECTED,False,1,0,2024
2024-04-09,3905,monster_weak_early_v20_lag1,3398a83d1ac17dfc246c13208d80a7604d6c5cc4b56e8a16844bfd487a1c6a5c,3905,1.9559093291404608,1,1,"{""tail_cdf"":0.9994777201779986,""tail_p"":0.826033}",1.9559093291404608,0.9994777201779986,0.826033,0.1515151515151516,0.532258064516129,1.9559093291404608,-0.0109890112653374,DETECTED,False,1,0,2024
2024-04-19,2330,monster_weak_early_v20_lag1,3398a83d1ac17dfc246c13208d80a7604d6c5cc4b56e8a16844bfd487a1c6a5c,2330,0.7071106173505199,1,1,"{""tail_cdf"":0.9992889230801806,""tail_p"":0.81843144}",0.7071106173505199,0.9992889230801806,0.81843144,-0.0633333333333333,-0.1484848484848484,0.7071106173505199,-0.0183911994099617,DETECTED,False,1,0,2024
2024-05-15,5216,monster_weak_early_v20_lag1,3398a83d1ac17dfc246c13208d80a7604d6c5cc4b56e8a16844bfd487a1c6a5c,5216,2.771828130066047,1,1,"{""tail_cdf"":0.9995092412087948,""tail_p"":0.8216806}",2.771828130066047,0.9995092412087948,0.8216806,0.3015873015873016,0.3666666666666667,2.771828130066047,0.0,DETECTED,False,1,0,2024
2024-05-16,3350,monster_weak_early_v20_lag1,3398a83d1ac17dfc246c13208d80a7604d6c5cc4b56e8a16844bfd487a1c6a5c,3350,2.596662769688596,1,2,"{""tail_cdf"":0.999052444963694,""tail_p"":0.80552787}",2.596662769688596,0.999052444963694,0.80552787,0.0606060606060605,0.2068965517241379,2.596662769688596,-0.0046685053966939,DETECTED,False,2,0,2024
2024-05-16,6659,monster_weak_early_v20_lag1,3398a83d1ac17dfc246c13208d80a7604d6c5cc4b56e8a16844bfd487a1c6a5c,6659,4.501505567967834,2,2,"{""tail_cdf"":0.999959244944675,""tail_p"":0.8529225}",4.501505567967834,0.999959244944675,0.8529225,0.1791044776119403,0.5339805825242718,4.501505567967834,-0.0046685053966939,DETECTED,False,2,0,2024
2024-05-17,3350,monster_weak_early_v20_lag1,3398a83d1ac17dfc246c13208d80a7604d6c5cc4b56e8a16844bfd487a1c6a5c,3350,1.3390015236876494,1,3,"{""tail_cdf"":0.999395466679346,""tail_p"":0.8175426}",1.3390015236876494,0.999395466679346,0.8175426,0.0,0.2068965517241379,1.3390015236876494,-0.012448132969439,COOLDOWN_BLOCKED,True,1,2,2024
2024-05-17,6659,monster_weak_early_v20_lag1,3398a83d1ac17dfc246c13208d80a7604d6c5cc4b56e8a16844bfd487a1c6a5c,6659,1.753949157535574,2,3,"{""tail_cdf"":0.9991543326020064,""tail_p"":0.80901355}",1.753949157535574,0.9991543326020064,0.80901355,-0.069620253164557,0.4554455445544554,1.753949157535574,-0.012448132969439,COOLDOWN_BLOCKED,True,1,2,2024
2024-05-17,7689,monster_weak_early_v20_lag1,3398a83d1ac17dfc246c13208d80a7604d6c5cc4b56e8a16844bfd487a1c6a5c,7689,2.659647172801213,3,3,"{""tail_cdf"":0.9990286711814212,""tail_p"":0.80449975}",2.659647172801213,0.9990286711814212,0.80449975,0.1978891820580475,0.5058043117744611,2.659647172801213,-0.012448132969439,DETECTED,False,1,2,2024
2024-05-20,3350,monster_weak_early_v20_lag1,3398a83d1ac17dfc246c13208d80a7604d6c5cc4b56e8a16844bfd487a1c6a5c,3350,6.588244502860274,1,1,"{""tail_cdf"":0.999959244944675,""tail_p"":0.85292274}",6.588244502860274,0.999959244944675,0.85292274,0.1714285714285714,0.4642857142857142,6.588244502860274,-0.0084745762869715,DETECTED,False,1,0,2024
2024-05-30,3350,monster_weak_early_v20_lag1,3398a83d1ac17dfc246c13208d80a7604d6c5cc4b56e8a16844bfd487a1c6a5c,3350,0.6096111740610861,1,1,"{""tail_cdf"":0.9996637707935688,""tail_p"":0.82891005}",0.6096111740610861,0.9996637707935688,0.82891005,-0.0178571428571429,0.5714285714285714,0.6096111740610861,-0.0110316593199968,DETECTED,False,1,0,2024
2024-05-31,3350,monster_weak_early_v20_lag1,3398a83d1ac17dfc246c13208d80a7604d6c5cc4b56e8a16844bfd487a1c6a5c,3350,0.6335871546521511,1,1,"{""tail_cdf"":0.9994735805353856,""tail_p"":0.8200344}",0.6335871546521511,0.9994735805353856,0.8200344,-0.0545454545454545,0.4857142857142857,0.6335871546521511,-0.0105167720466852,COOLDOWN_BLOCKED,True,0,1,2024
2024-06-12,5216,monster_weak_early_v20_lag1,3398a83d1ac17dfc246c13208d80a7604d6c5cc4b56e8a16844bfd487a1c6a5c,5216,1.1201307044991191,1,1,"{""tail_cdf"":0.9992873315399208,""tail_p"":0.8179492}",1.1201307044991191,0.9992873315399208,0.8179492,0.1340782122905028,0.384090909090909,1.1201307044991191,-0.0014792899601161,DETECTED,False,1,0,2024
2024-06-14,4564,monster_weak_early_v20_lag1,3398a83d1ac17dfc246c13208d80a7604d6c5cc4b56e8a16844bfd487a1c6a5c,4564,2.06497759045176,1,1,"{""tail_cdf"":0.999292246494818,""tail_p"":0.8181812}",2.06497759045176,0.999292246494818,0.8181812,-0.0625,0.3636363636363635,2.06497759045176,0.0,DETECTED,False,1,0,2024
2024-06-18,6696,monster_weak_early_v20_lag1,3398a83d1ac17dfc246c13208d80a7604d6c5cc4b56e8a16844bfd487a1c6a5c,6696,1.8203872246882435,1,1,"{""tail_cdf"":0.9995674839690556,""tail_p"":0.8290102}",1.8203872246882435,0.9995674839690556,0.8290102,0.1156351791530945,-0.1405269761606022,1.8203872246882435,-0.0063509084284305,DETECTED,False,1,0,2024
2024-06-19,6696,monster_weak_early_v20_lag1,3398a83d1ac17dfc246c13208d80a7604d6c5cc4b56e8a16844bfd487a1c6a5c,6696,0.9444023753537124,1,1,"{""tail_cdf"":0.99964448492911,""tail_p"":0.83323705}",0.9444023753537124,0.99964448492911,0.83323705,0.0218978102189781,-0.0154711673699015,0.9444023753537124,-0.0021489970386028,COOLDOWN_BLOCKED,True,0,1,2024
2024-06-24,3350,monster_weak_early_v20_lag1,3398a83d1ac17dfc246c13208d80a7604d6c5cc4b56e8a16844bfd487a1c6a5c,3350,1.596502630303076,1,1,"{""tail_cdf"":0.9994724615077116,""tail_p"":0.8244721}",1.596502630303076,0.9994724615077116,0.8244721,0.0919540229885058,0.1728395061728396,1.596502630303076,0.0,DETECTED,False,1,0,2024
2024-07-11,4935,monster_weak_early_v20_lag1,3398a83d1ac17dfc246c13208d80a7604d6c5cc4b56e8a16844bfd487a1c6a5c,4935,9.138452829367068,1,1,"{""tail_cdf"":0.9992511942024664,""tail_p"":0.823144}",9.138452829367068,0.9992511942024664,0.823144,-0.0547945205479452,0.2190813049500077,9.138452829367068,-0.0076139776501804,DETECTED,False,1,0,2024
2024-07-23,4564,monster_weak_early_v20_lag1,3398a83d1ac17dfc246c13208d80a7604d6c5cc4b56e8a16844bfd487a1c6a5c,4564,2.137642716624341,1,1,"{""tail_cdf"":0.9997747236795556,""tail_p"":0.842895}",2.137642716624341,0.9997747236795556,0.842895,0.175,0.3055555555555556,2.137642716624341,-0.0095200692303478,DETECTED,False,1,0,2024
2024-07-24,4169,monster_weak_early_v20_lag1,3398a83d1ac17dfc246c13208d80a7604d6c5cc4b56e8a16844bfd487a1c6a5c,4169,0.2262680531058352,1,2,"{""tail_cdf"":0.999355900097884,""tail_p"":0.82646036}",0.2262680531058352,0.999355900097884,0.82646036,-0.0588235294117647,0.5384615384615385,0.2262680531058352,-0.0079049305059015,DETECTED,False,2,0,2024
2024-07-24,7776,monster_weak_early_v20_lag1,3398a83d1ac17dfc246c13208d80a7604d6c5cc4b56e8a16844bfd487a1c6a5c,7776,2.714592755429228,2,2,"{""tail_cdf"":0.9999317825226824,""tail_p"":0.85693}",2.714592755429228,0.9999317825226824,0.85693,-0.1247672253258845,-0.2780337941628265,2.714592755429228,-0.0079049305059015,DETECTED,False,2,0,2024
2024-07-25,4935,monster_weak_early_v20_lag1,3398a83d1ac17dfc246c13208d80a7604d6c5cc4b56e8a16844bfd487a1c6a5c,4935,0.4703102484314538,1,4,"{""tail_cdf"":0.9990862030945352,""tail_p"":0.818797}",0.4703102484314538,0.9990862030945352,0.818797,0.0068093086328973,0.4178082191780821,0.4703102484314538,-0.0223374580964446,DETECTED,False,3,1,2024
2024-07-25,7776,monster_weak_early_v20_lag1,3398a83d1ac17dfc246c13208d80a7604d6c5cc4b56e8a16844bfd487a1c6a5c,7776,1.2901079976073566,2,4,"{""tail_cdf"":0.9998603921394428,""tail_p"":0.8496183}",1.2901079976073566,0.9998603921394428,0.8496183,-0.1106382978723404,-0.4434087882822902,1.2901079976073566,-0.0223374580964446,COOLDOWN_BLOCKED,True,3,1,2024
2024-07-25,4564,monster_weak_early_v20_lag1,3398a83d1ac17dfc246c13208d80a7604d6c5cc4b56e8a16844bfd487a1c6a5c,4564,1.5693168733649028,3,4,"{""tail_cdf"":0.9990275043349828,""tail_p"":0.81706893}",1.5693168733649028,0.9990275043349828,0.81706893,-0.1041666666666666,0.34375,1.5693168733649028,-0.0223374580964446,DETECTED,False,3,1,2024
2024-07-25,4597,monster_weak_early_v20_lag1,3398a83d1ac17dfc246c13208d80a7604d6c5cc4b56e8a16844bfd487a1c6a5c,4597,3.528552794222193,4,4,"{""tail_cdf"":0.9994923350525196,""tail_p"":0.8310939}",3.528552794222193,0.9994923350525196,0.8310939,0.0975609756097561,0.5,3.528552794222193,-0.0223374580964446,DETECTED,False,3,1,2024
2024-07-26,7776,monster_weak_early_v20_lag1,3398a83d1ac17dfc246c13208d80a7604d6c5cc4b56e8a16844bfd487a1c6a5c,7776,0.9138518377067524,1,1,"{""tail_cdf"":0.9998381817979906,""tail_p"":0.847248}",0.9138518377067524,0.9998381817979906,0.847248,0.1913875598086125,-0.4472807991120976,0.9138518377067524,-0.0299212597310543,DETECTED,False,1,0,2024
2024-07-29,7776,monster_weak_early_v20_lag1,3398a83d1ac17dfc246c13208d80a7604d6c5cc4b56e8a16844bfd487a1c6a5c,7776,1.382624037018966,1,1,"{""tail_cdf"":0.9999524064111736,""tail_p"":0.8595647}",1.382624037018966,0.9999524064111736,0.8595647,0.0341365461847389,-0.3727161997563947,1.382624037018966,-0.0257575754076242,COOLDOWN_BLOCKED,True,0,1,2024
2024-07-30,3350,monster_weak_early_v20_lag1,3398a83d1ac17dfc246c13208d80a7604d6c5cc4b56e8a16844bfd487a1c6a5c,3350,0.4218205536120714,1,4,"{""tail_cdf"":0.999757272696986,""tail_p"":0.8418298}",0.4218205536120714,0.999757272696986,0.8418298,-0.2487562189054726,0.4803921568627451,0.4218205536120714,-0.0042761149816215,DETECTED,False,4,0,2024
2024-07-30,7776,monster_weak_early_v20_lag1,3398a83d1ac17dfc246c13208d80a7604d6c5cc4b56e8a16844bfd487a1c6a5c,7776,0.5150509416985827,2,4,"{""tail_cdf"":0.9996842958607856,""tail_p"":0.8387635}",0.5150509416985827,0.9996842958607856,0.8387635,-0.0524271844660194,-0.4974253347064882,0.5150509416985827,-0.0042761149816215,DETECTED,False,4,0,2024
2024-07-30,4935,monster_weak_early_v20_lag1,3398a83d1ac17dfc246c13208d80a7604d6c5cc4b56e8a16844bfd487a1c6a5c,4935,1.0458115617025507,3,4,"{""tail_cdf"":0.9990655792060438,""tail_p"":0.81815356}",1.0458115617025507,0.9990655792060438,0.81815356,0.0293333604600694,0.5691056675234054,1.0458115617025507,-0.0042761149816215,DETECTED,False,4,0,2024
2024-07-30,4890,monster_weak_early_v20_lag1,3398a83d1ac17dfc246c13208d80a7604d6c5cc4b56e8a16844bfd487a1c6a5c,4890,4.452986398580721,4,4,"{""tail_cdf"":0.9995716577005632,""tail_p"":0.8339437}",4.452986398580721,0.9995716577005632,0.8339437,0.1904761904761904,0.3888888888888888,4.452986398580721,-0.0042761149816215,DETECTED,False,4,0,2024
2024-07-31,3350,monster_weak_early_v20_lag1,3398a83d1ac17dfc246c13208d80a7604d6c5cc4b56e8a16844bfd487a1c6a5c,3350,2.102714262545088,1,2,"{""tail_cdf"":0.9999476470522912,""tail_p"":0.85820955}",2.102714262545088,0.9999476470522912,0.85820955,-0.2192052879080867,-0.0860464997993882,2.102714262545088,-0.0156081249006092,COOLDOWN_BLOCKED,True,1,1,2024
2024-07-31,4592,monster_weak_early_v20_lag1,3398a83d1ac17dfc246c13208d80a7604d6c5cc4b56e8a16844bfd487a1c6a5c,4592,2.56474529497,2,2,"{""tail_cdf"":0.999409839498554,""tail_p"":0.8281791}",2.56474529497,0.999409839498554,0.8281791,0.15527950310559,-0.0184696569920844,2.56474529497,-0.0156081249006092,DETECTED,False,1,1,2024
2024-08-02,4935,monster_weak_early_v20_lag1,3398a83d1ac17dfc246c13208d80a7604d6c5cc4b56e8a16844bfd487a1c6a5c,4935,0.1481240070069662,1,4,"{""tail_cdf"":0.99922287178764,""tail_p"":0.8251109}",0.1481240070069662,0.99922287178764,0.8251109,-0.0701580898046106,-0.2967115371610237,0.1481240070069662,-0.0091673084534704,DETECTED,False,4,0,2024
2024-08-02,4564,monster_weak_early_v20_lag1,3398a83d1ac17dfc246c13208d80a7604d6c5cc4b56e8a16844bfd487a1c6a5c,4564,1.4057468943807896,2,4,"{""tail_cdf"":0.9991615598971186,""tail_p"":0.8234282}",1.4057468943807896,0.9991615598971186,0.8234282,-0.0666666666666666,0.3333333333333332,1.4057468943807896,-0.0091673084534704,DETECTED,False,4,0,2024
2024-08-02,7776,monster_weak_early_v20_lag1,3398a83d1ac17dfc246c13208d80a7604d6c5cc4b56e8a16844bfd487a1c6a5c,7776,1.5222057181663078,3,4,"{""tail_cdf"":0.9999509504875828,""tail_p"":0.8642844}",1.5222057181663078,0.9999509504875828,0.8642844,0.0442804428044281,-0.2808132147395171,1.5222057181663078,-0.0091673084534704,DETECTED,False,4,0,2024
2024-08-02,3350,monster_weak_early_v20_lag1,3398a83d1ac17dfc246c13208d80a7604d6c5cc4b56e8a16844bfd487a1c6a5c,3350,1.6719632367646058,4,4,"{""tail_cdf"":0.9994098730537306,""tail_p"":0.83261997}",1.6719632367646058,0.9994098730537306,0.83261997,-0.0755354811584912,-0.4344827586206896,1.6719632367646058,-0.0091673084534704,DETECTED,False,4,0,2024
2024-08-05,7776,monster_weak_early_v20_lag1,3398a83d1ac17dfc246c13208d80a7604d6c5cc4b56e8a16844bfd487a1c6a5c,7776,1.0375936504051928,1,1,"{""tail_cdf"":0.999753219640651,""tail_p"":0.8454695}",1.0375936504051928,0.999753219640651,0.8454695,-0.176678445229682,-0.2684458398744113,1.0375936504051928,-0.0588914565742015,COOLDOWN_BLOCKED,True,0,1,2024
2024-08-06,3350,monster_weak_early_v20_lag1,3398a83d1ac17dfc246c13208d80a7604d6c5cc4b56e8a16844bfd487a1c6a5c,3350,1.6647478989392503,1,1,"{""tail_cdf"":0.999133969546384,""tail_p"":0.822636}",1.6647478989392503,0.999133969546384,0.822636,-0.0402984619140625,-0.7077272588556462,1.6647478989392503,-0.1948725059628486,DETECTED,False,1,0,2024
2024-08-07,4935,monster_weak_early_v20_lag1,3398a83d1ac17dfc246c13208d80a7604d6c5cc4b56e8a16844bfd487a1c6a5c,4935,0.1191590259806195,1,2,"{""tail_cdf"":0.9993087084343704,""tail_p"":0.82855165}",0.1191590259806195,0.9993087084343704,0.82855165,0.1065573572778393,-0.080739326900398,0.1191590259806195,-0.1227732300758361,DETECTED,False,2,0,2024
2024-08-07,7776,monster_weak_early_v20_lag1,3398a83d1ac17dfc246c13208d80a7604d6c5cc4b56e8a16844bfd487a1c6a5c,7776,0.892591084427104,2,2,"{""tail_cdf"":0.999952483284846,""tail_p"":0.8647838}",0.892591084427104,0.999952483284846,0.8647838,0.1318681318681318,0.3148936170212766,0.892591084427104,-0.1227732300758361,DETECTED,False,2,0,2024
2024-08-08,4935,monster_weak_early_v20_lag1,3398a83d1ac17dfc246c13208d80a7604d6c5cc4b56e8a16844bfd487a1c6a5c,4935,0.0687434339743296,1,3,"{""tail_cdf"":0.9993163724206854,""tail_p"":0.82874364}",0.0687434339743296,0.9993163724206854,0.82874364,-0.0296296619233629,-0.1140096913213314,0.0687434339743296,-0.1182992123067379,COOLDOWN_BLOCKED,True,1,2,2024
2024-08-08,4564,monster_weak_early_v20_lag1,3398a83d1ac17dfc246c13208d80a7604d6c5cc4b56e8a16844bfd487a1c6a5c,4564,1.0760473879830843,2,3,"{""tail_cdf"":0.9997286948844424,""tail_p"":0.84426314}",1.0760473879830843,0.9997286948844424,0.84426314,0.1799999999999999,0.3720930232558139,1.0760473879830843,-0.1182992123067379,DETECTED,False,1,2,2024
2024-08-08,7776,monster_weak_early_v20_lag1,3398a83d1ac17dfc246c13208d80a7604d6c5cc4b56e8a16844bfd487a1c6a5c,7776,1.195193867248441,3,3,"{""tail_cdf"":0.9999877376218956,""tail_p"":0.8712699}",1.195193867248441,0.9999877376218956,0.8712699,0.0598705501618122,0.5669856459330143,1.195193867248441,-0.1182992123067379,COOLDOWN_BLOCKED,True,1,2,2024
2024-08-09,4935,monster_weak_early_v20_lag1,3398a83d1ac17dfc246c13208d80a7604d6c5cc4b56e8a16844bfd487a1c6a5c,4935,0.1262750785593425,1,3,"{""tail_cdf"":0.999751686843388,""tail_p"":0.8453952}",0.1262750785593425,0.999751686843388,0.8453952,0.0076336379600079,-0.0523076766576522,0.1262750785593425,-0.0915910005569458,DETECTED,False,3,0,2024
2024-08-09,7776,monster_weak_early_v20_lag1,3398a83d1ac17dfc246c13208d80a7604d6c5cc4b56e8a16844bfd487a1c6a5c,7776,0.609911402739087,2,3,"{""tail_cdf"":0.9999923360136848,""tail_p"":0.8719596}",0.609911402739087,0.9999923360136848,0.8719596,-0.0870229007633587,0.2008032128514056,0.609911402739087,-0.0915910005569458,DETECTED,False,3,0,2024
2024-08-09,3350,monster_weak_early_v20_lag1,3398a83d1ac17dfc246c13208d80a7604d6c5cc4b56e8a16844bfd487a1c6a5c,3350,3.2801228911968647,3,3,"{""tail_cdf"":0.9999862048246326,""tail_p"":0.87073183}",3.2801228911968647,0.9999862048246326,0.87073183,0.3325867405741098,-0.4870689655172413,3.2801228911968647,-0.0915910005569458,DETECTED,False,3,0,2024
2024-08-13,4935,monster_weak_early_v20_lag1,3398a83d1ac17dfc246c13208d80a7604d6c5cc4b56e8a16844bfd487a1c6a5c,4935,0.3685370524262022,1,3,"{""tail_cdf"":0.999173822275223,""tail_p"":0.82392794}",0.3685370524262022,0.999173822275223,0.82392794,0.0779220436076038,-0.1146666802300346,0.3685370524262022,-0.0289921350777149,COOLDOWN_BLOCKED,True,0,3,2024
2024-08-13,7776,monster_weak_early_v20_lag1,3398a83d1ac17dfc246c13208d80a7604d6c5cc4b56e8a16844bfd487a1c6a5c,7776,0.7516505426544892,2,3,"{""tail_cdf"":0.9997792771941226,""tail_p"":0.847669}",0.7516505426544892,0.9997792771941226,0.847669,0.0468227424749163,0.2155339805825242,0.7516505426544892,-0.0289921350777149,COOLDOWN_BLOCKED,True,0,3,2024
2024-08-13,3350,monster_weak_early_v20_lag1,3398a83d1ac17dfc246c13208d80a7604d6c5cc4b56e8a16844bfd487a1c6a5c,3350,1.1881997493821563,3,3,"{""tail_cdf"":0.9998252611120138,""tail_p"":0.8502186}",1.1881997493821563,0.9998252611120138,0.8502186,-0.0579832060998227,-0.4422885648053677,1.1881997493821563,-0.0289921350777149,COOLDOWN_BLOCKED,True,0,3,2024
2024-09-05,7776,monster_weak_early_v20_lag1,3398a83d1ac17dfc246c13208d80a7604d6c5cc4b56e8a16844bfd487a1c6a5c,7776,1.2217946574022056,1,1,"{""tail_cdf"":0.9995598637054456,""tail_p"":0.8379617}",1.2217946574022056,0.9995598637054456,0.8379617,0.144578313253012,0.0149572649572649,1.2217946574022056,-0.0153846153989434,DETECTED,False,1,0,2024
2024-09-06,4316,monster_weak_early_v20_lag1,3398a83d1ac17dfc246c13208d80a7604d6c5cc4b56e8a16844bfd487a1c6a5c,4316,3.0179010501643035,1,2,"{""tail_cdf"":0.9990119087883992,""tail_p"":0.82037705}",3.0179010501643035,0.9990119087883992,0.82037705,0.1659751037344399,0.556786703601108,3.0179010501643035,-0.014539579860866,DETECTED,False,2,0,2024
2024-09-06,3070,monster_weak_early_v20_lag1,3398a83d1ac17dfc246c13208d80a7604d6c5cc4b56e8a16844bfd487a1c6a5c,3070,12.582930171887126,2,2,"{""tail_cdf"":0.9994860153338758,""tail_p"":0.83561826}",12.582930171887126,0.9994860153338758,0.83561826,0.0077519379844961,0.1818181818181818,12.582930171887126,-0.014539579860866,DETECTED,False,2,0,2024
2024-09-09,2586,monster_weak_early_v20_lag1,3398a83d1ac17dfc246c13208d80a7604d6c5cc4b56e8a16844bfd487a1c6a5c,2586,0.5150927840081859,1,2,"{""tail_cdf"":0.9993028713723834,""tail_p"":0.8285883}",0.5150927840081859,0.9993028713723834,0.8285883,0.1030927835051547,0.1263157894736841,0.5150927840081859,-0.0255952458828687,DETECTED,False,2,0,2024
2024-09-09,8894,monster_weak_early_v20_lag1,3398a83d1ac17dfc246c13208d80a7604d6c5cc4b56e8a16844bfd487a1c6a5c,8894,1.6730836117155083,2,2,"{""tail_cdf"":0.999599741826093,""tail_p"":0.8395341}",1.6730836117155083,0.999599741826093,0.8395341,0.1,0.32,1.6730836117155083,-0.0255952458828687,DETECTED,False,2,0,2024
2024-09-10,2586,monster_weak_early_v20_lag1,3398a83d1ac17dfc246c13208d80a7604d6c5cc4b56e8a16844bfd487a1c6a5c,2586,0.5505752660466953,1,4,"{""tail_cdf"":0.9990370172347328,""tail_p"":0.8210649}",0.5505752660466953,0.9990370172347328,0.8210649,-0.0560747663551401,-0.0098039215686274,0.5505752660466953,-0.0269461069256067,COOLDOWN_BLOCKED,True,2,2,2024
2024-09-10,8894,monster_weak_early_v20_lag1,3398a83d1ac17dfc246c13208d80a7604d6c5cc4b56e8a16844bfd487a1c6a5c,8894,1.2748892483259424,2,4,"{""tail_cdf"":0.9996529126536232,""tail_p"":0.8420007}",1.2748892483259424,0.9996529126536232,0.8420007,0.0,0.32,1.2748892483259424,-0.0269461069256067,COOLDOWN_BLOCKED,True,2,2,2024
2024-09-10,4316,monster_weak_early_v20_lag1,3398a83d1ac17dfc246c13208d80a7604d6c5cc4b56e8a16844bfd487a1c6a5c,4316,3.8199148016436495,3,4,"{""tail_cdf"":0.9994047821251494,""tail_p"":0.8329106}",3.8199148016436495,0.9994047821251494,0.8329106,-0.0619335347432024,0.4243119266055046,3.8199148016436495,-0.0269461069256067,DETECTED,False,2,2,2024
2024-09-10,3070,monster_weak_early_v20_lag1,3398a83d1ac17dfc246c13208d80a7604d6c5cc4b56e8a16844bfd487a1c6a5c,3070,3.989617791615143,4,4,"{""tail_cdf"":0.9992098224242058,""tail_p"":0.8258953}",3.989617791615143,0.9992098224242058,0.8258953,0.1111111111111111,0.1711711711711712,3.989617791615143,-0.0269461069256067,DETECTED,False,2,2,2024
2024-09-11,3350,monster_weak_early_v20_lag1,3398a83d1ac17dfc246c13208d80a7604d6c5cc4b56e8a16844bfd487a1c6a5c,3350,0.703957050719821,1,1,"{""tail_cdf"":0.9992954865352264,""tail_p"":0.8283098}",0.703957050719821,0.9992954865352264,0.8283098,-0.00454132613015,-0.3276073713244104,0.703957050719821,-0.0318840593099594,DETECTED,False,1,0,2024
2024-09-13,2586,monster_weak_early_v20_lag1,3398a83d1ac17dfc246c13208d80a7604d6c5cc4b56e8a16844bfd487a1c6a5c,2586,0.9351667070833364,1,3,"{""tail_cdf"":0.9991359740526362,""tail_p"":0.8241036}",0.9351667070833364,0.9991359740526362,0.8241036,0.045045045045045,0.0545454545454544,0.9351667070833364,-0.0106534091755747,DETECTED,False,3,0,2024
2024-09-13,8894,monster_weak_early_v20_lag1,3398a83d1ac17dfc246c13208d80a7604d6c5cc4b56e8a16844bfd487a1c6a5c,8894,1.9329898132882537,2,3,"{""tail_cdf"":0.99904440207189,""tail_p"":0.8213416}",1.9329898132882537,0.99904440207189,0.8213416,0.0625,-0.1282051282051282,1.9329898132882537,-0.0106534091755747,DETECTED,False,3,0,2024
2024-09-13,4575,monster_weak_early_v20_lag1,3398a83d1ac17dfc246c13208d80a7604d6c5cc4b56e8a16844bfd487a1c6a5c,4575,2.5738920764460542,3,3,"{""tail_cdf"":0.999592356988936,""tail_p"":0.83923703}",2.5738920764460542,0.999592356988936,0.83923703,0.1535312180143295,0.3305785123966942,2.5738920764460542,-0.0106534091755747,DETECTED,False,3,0,2024
2024-09-17,190A,monster_weak_early_v20_lag1,3398a83d1ac17dfc246c13208d80a7604d6c5cc4b56e8a16844bfd487a1c6a5c,190A,0.97114020604172,1,2,"{""tail_cdf"":0.9992275460333824,""tail_p"":0.8261335}",0.97114020604172,0.9992275460333824,0.8261335,-0.0387755102040816,-0.3703208556149733,0.97114020604172,-0.0081632649526,DETECTED,False,2,0,2024
2024-09-17,4883,monster_weak_early_v20_lag1,3398a83d1ac17dfc246c13208d80a7604d6c5cc4b56e8a16844bfd487a1c6a5c,4883,4.43260258290752,2,2,"{""tail_cdf"":0.9990370172347328,""tail_p"":0.8211521}",4.43260258290752,0.9990370172347328,0.8211521,0.326086956521739,0.1090909090909091,4.43260258290752,-0.0081632649526,DETECTED,False,2,0,2024
2024-09-18,190A,monster_weak_early_v20_lag1,3398a83d1ac17dfc246c13208d80a7604d6c5cc4b56e8a16844bfd487a1c6a5c,190A,1.1489017410326332,1,1,"{""tail_cdf"":0.9992659471865986,""tail_p"":0.8275327}",1.1489017410326332,0.9992659471865986,0.8275327,-0.048832271762208,-0.4455445544554455,1.1489017410326332,-0.004838709719479,COOLDOWN_BLOCKED,True,0,1,2024
2024-10-04,6836,monster_weak_early_v20_lag1,3398a83d1ac17dfc246c13208d80a7604d6c5cc4b56e8a16844bfd487a1c6a5c,6836,0.4598637123387477,1,1,"{""tail_cdf"":0.9991099064540396,""tail_p"":0.82656276}",0.4598637123387477,0.9991099064540396,0.82656276,0.0112708423015039,-0.1027586606201453,0.4598637123387477,-0.0129946884699165,DETECTED,False,1,0,2024
2024-10-16,2156,monster_weak_early_v20_lag1,3398a83d1ac17dfc246c13208d80a7604d6c5cc4b56e8a16844bfd487a1c6a5c,2156,3.2487787388517906,1,1,"{""tail_cdf"":0.9998794066808698,""tail_p"":0.86010617}",3.2487787388517906,0.9998794066808698,0.86010617,0.0913043478260868,0.2184466019417474,3.2487787388517906,-0.0108499452471733,DETECTED,False,1,0,2024
2024-10-17,8894,monster_weak_early_v20_lag1,3398a83d1ac17dfc246c13208d80a7604d6c5cc4b56e8a16844bfd487a1c6a5c,8894,2.011222909581185,1,2,"{""tail_cdf"":0.9990941144717724,""tail_p"":0.82598865}",2.011222909581185,0.9990941144717724,0.82598865,0.1999999999999999,0.1707317073170731,2.011222909581185,-0.0062920073978602,DETECTED,False,1,1,2024
2024-10-17,2156,monster_weak_early_v20_lag1,3398a83d1ac17dfc246c13208d80a7604d6c5cc4b56e8a16844bfd487a1c6a5c,2156,4.204688265176681,2,2,"{""tail_cdf"":0.9993625781703124,""tail_p"":0.83390194}",4.204688265176681,0.9993625781703124,0.83390194,0.199203187250996,0.2235772357723577,4.204688265176681,-0.0062920073978602,COOLDOWN_BLOCKED,True,1,1,2024
2024-10-18,3936,monster_weak_early_v20_lag1,3398a83d1ac17dfc246c13208d80a7604d6c5cc4b56e8a16844bfd487a1c6a5c,3936,0.7557677444816567,1,2,"{""tail_cdf"":0.9993295585710266,""tail_p"":0.8327826}",0.7557677444816567,0.9993295585710266,0.8327826,-0.069620253164557,0.4411764705882353,0.7557677444816567,-0.0084329396486282,DETECTED,False,2,0,2024
2024-10-18,2156,monster_weak_early_v20_lag1,3398a83d1ac17dfc246c13208d80a7604d6c5cc4b56e8a16844bfd487a1c6a5c,2156,2.819314483835322,2,2,"{""tail_cdf"":0.9993353011100328,""tail_p"":0.83298516}",2.819314483835322,0.9993353011100328,0.83298516,0.1661129568106312,0.2272727272727273,2.819314483835322,-0.0084329396486282,DETECTED,False,2,0,2024
2024-10-21,2156,monster_weak_early_v20_lag1,3398a83d1ac17dfc246c13208d80a7604d6c5cc4b56e8a16844bfd487a1c6a5c,2156,3.356840859123964,1,1,"{""tail_cdf"":0.9998794066808698,""tail_p"":0.8601541}",3.356840859123964,0.9998794066808698,0.8601541,0.0256410256410255,0.0714285714285714,3.356840859123964,-0.00712222722359,COOLDOWN_BLOCKED,True,0,1,2024
2024-10-22,2156,monster_weak_early_v20_lag1,3398a83d1ac17dfc246c13208d80a7604d6c5cc4b56e8a16844bfd487a1c6a5c,2156,2.0034245272249915,1,1,"{""tail_cdf"":0.9994917852979516,""tail_p"":0.8380708}",2.0034245272249915,0.9994917852979516,0.8380708,-0.0861111111111111,-0.1476683937823834,2.0034245272249915,-0.0043482300825417,DETECTED,False,1,0,2024
2024-10-23,2901,monster_weak_early_v20_lag1,3398a83d1ac17dfc246c13208d80a7604d6c5cc4b56e8a16844bfd487a1c6a5c,2901,3.1422621907965493,1,1,"{""tail_cdf"":0.9995980222695664,""tail_p"":0.84256756}",3.1422621907965493,0.9995980222695664,0.84256756,0.0162002945508099,0.3609467455621302,3.1422621907965493,-0.0188240688294172,DETECTED,False,1,0,2024
2024-10-24,2586,monster_weak_early_v20_lag1,3398a83d1ac17dfc246c13208d80a7604d6c5cc4b56e8a16844bfd487a1c6a5c,2586,7.229351491674282,1,1,"{""tail_cdf"":0.9994113897518648,""tail_p"":0.8356687}",7.229351491674282,0.9994113897518648,0.8356687,0.3421052631578947,0.3304347826086957,7.229351491674282,-0.0203349273651838,DETECTED,False,1,0,2024
2024-10-25,6836,monster_weak_early_v20_lag1,3398a83d1ac17dfc246c13208d80a7604d6c5cc4b56e8a16844bfd487a1c6a5c,6836,4.171631836371721,1,2,"{""tail_cdf"":0.9990137189256858,""tail_p"":0.8239083}",4.171631836371721,0.9990137189256858,0.8239083,0.1864091821713072,0.2033898305084744,4.171631836371721,-0.0211970079690217,DETECTED,False,1,1,2024
2024-10-25,2586,monster_weak_early_v20_lag1,3398a83d1ac17dfc246c13208d80a7604d6c5cc4b56e8a16844bfd487a1c6a5c,2586,4.498936145376302,2,2,"{""tail_cdf"":0.9999038124716462,""tail_p"":0.8626436}",4.498936145376302,0.9999038124716462,0.8626436,0.0196078431372548,0.3805309734513273,4.498936145376302,-0.0211970079690217,COOLDOWN_BLOCKED,True,1,1,2024
2024-10-28,2586,monster_weak_early_v20_lag1,3398a83d1ac17dfc246c13208d80a7604d6c5cc4b56e8a16844bfd487a1c6a5c,2586,2.357636785996364,1,2,"{""tail_cdf"":0.999751635187982,""tail_p"":0.8502385}",2.357636785996364,0.999751635187982,0.8502385,0.0064102564102563,0.4811320754716981,2.357636785996364,-0.0302437450736761,DETECTED,False,2,0,2024
2024-10-28,8894,monster_weak_early_v20_lag1,3398a83d1ac17dfc246c13208d80a7604d6c5cc4b56e8a16844bfd487a1c6a5c,8894,4.931941236541474,2,2,"{""tail_cdf"":0.999605200443324,""tail_p"":0.8428465}",4.931941236541474,0.999605200443324,0.8428465,-0.0138408304498269,0.3255813953488371,4.931941236541474,-0.0302437450736761,DETECTED,False,2,0,2024
2024-10-29,8894,monster_weak_early_v20_lag1,3398a83d1ac17dfc246c13208d80a7604d6c5cc4b56e8a16844bfd487a1c6a5c,8894,3.4129952320865664,1,3,"{""tail_cdf"":0.999252034294443,""tail_p"":0.83025366}",3.4129952320865664,0.999252034294443,0.83025366,-0.1350877192982456,0.2324999999999999,3.4129952320865664,-0.0173758501186966,COOLDOWN_BLOCKED,True,2,1,2024
2024-10-29,3350,monster_weak_early_v20_lag1,3398a83d1ac17dfc246c13208d80a7604d6c5cc4b56e8a16844bfd487a1c6a5c,3350,3.8860164014324767,2,3,"{""tail_cdf"":0.9999066837411492,""tail_p"":0.86356074}",3.8860164014324767,0.9999066837411492,0.86356074,0.1973912778108015,0.2461538185361285,3.8860164014324767,-0.0173758501186966,DETECTED,False,2,1,2024
2024-10-29,4883,monster_weak_early_v20_lag1,3398a83d1ac17dfc246c13208d80a7604d6c5cc4b56e8a16844bfd487a1c6a5c,4883,4.169145687490442,3,3,"{""tail_cdf"":0.9992333710426728,""tail_p"":0.8297459}",4.169145687490442,0.9992333710426728,0.8297459,0.4504504504504505,0.5631067961165048,4.169145687490442,-0.0173758501186966,DETECTED,False,2,1,2024
2024-11-07,2901,monster_weak_early_v20_lag1,3398a83d1ac17dfc246c13208d80a7604d6c5cc4b56e8a16844bfd487a1c6a5c,2901,2.0011162912863614,1,1,"{""tail_cdf"":0.9994615719594468,""tail_p"":0.83857626}",2.0011162912863614,0.9994615719594468,0.83857626,0.0080459770114942,0.2710144927536231,2.0011162912863614,0.0,DETECTED,False,1,0,2024
2024-11-19,2901,monster_weak_early_v20_lag1,3398a83d1ac17dfc246c13208d80a7604d6c5cc4b56e8a16844bfd487a1c6a5c,2901,0.9920600187558613,1,2,"{""tail_cdf"":0.9994629632463732,""tail_p"":0.8385913}",0.9920600187558613,0.9994629632463732,0.8385913,0.1479289940828403,-0.0324189526184538,0.9920600187558613,-0.0085910651832818,DETECTED,False,2,0,2024
2024-11-19,3350,monster_weak_early_v20_lag1,3398a83d1ac17dfc246c13208d80a7604d6c5cc4b56e8a16844bfd487a1c6a5c,3350,1.9454989950752808,2,2,"{""tail_cdf"":0.9996048745128756,""tail_p"":0.8440959}",1.9454989950752808,0.9996048745128756,0.8440959,0.1509528938057118,0.3539823008849558,1.9454989950752808,-0.0085910651832818,DETECTED,False,2,0,2024
2024-11-21,4833,monster_weak_early_v20_lag1,3398a83d1ac17dfc246c13208d80a7604d6c5cc4b56e8a16844bfd487a1c6a5c,4833,4.173592577263349,1,1,"{""tail_cdf"":0.9995394840273304,""tail_p"":0.84156376}",4.173592577263349,0.9995394840273304,0.84156376,0.379746835443038,0.1595744680851063,4.173592577263349,-0.0034351143985986,DETECTED,False,1,0,2024
2024-12-02,2586,monster_weak_early_v20_lag1,3398a83d1ac17dfc246c13208d80a7604d6c5cc4b56e8a16844bfd487a1c6a5c,2586,0.4611945993407775,1,1,"{""tail_cdf"":0.9996823105083572,""tail_p"":0.8559452}",0.4611945993407775,0.9996823105083572,0.8559452,-0.0729166666666666,-0.1359223300970874,0.4611945993407775,-0.0063948880415409,DETECTED,False,1,0,2024
2024-12-03,5950,monster_weak_early_v20_lag1,3398a83d1ac17dfc246c13208d80a7604d6c5cc4b56e8a16844bfd487a1c6a5c,5950,1.4377064395490404,1,1,"{""tail_cdf"":0.9994213995641572,""tail_p"":0.84596914}",1.4377064395490404,0.9994213995641572,0.84596914,-0.1149999999999999,0.5526315789473684,1.4377064395490404,-0.0047653543297201,DETECTED,False,1,0,2024
2024-12-09,4583,monster_weak_early_v20_lag1,3398a83d1ac17dfc246c13208d80a7604d6c5cc4b56e8a16844bfd487a1c6a5c,4583,0.6032784672553979,1,2,"{""tail_cdf"":0.9993781397184864,""tail_p"":0.84475505}",0.6032784672553979,0.9993781397184864,0.84475505,0.1182266009852217,-0.0130434782608696,0.6032784672553979,0.0,DETECTED,False,2,0,2024
2024-12-09,3807,monster_weak_early_v20_lag1,3398a83d1ac17dfc246c13208d80a7604d6c5cc4b56e8a16844bfd487a1c6a5c,3807,3.3612326544857583,2,2,"{""tail_cdf"":0.99906720957773,""tail_p"":0.8357663}",3.3612326544857583,0.99906720957773,0.8357663,0.2903225806451612,0.1851851851851851,3.3612326544857583,0.0,DETECTED,False,2,0,2024
2024-12-11,3807,monster_weak_early_v20_lag1,3398a83d1ac17dfc246c13208d80a7604d6c5cc4b56e8a16844bfd487a1c6a5c,3807,3.8973209670894846,1,1,"{""tail_cdf"":0.999860757371748,""tail_p"":0.8679894}",3.8973209670894846,0.999860757371748,0.8679894,-0.0792079207920791,0.5245901639344261,3.8973209670894846,-0.0026744852075353,DETECTED,False,1,0,2024
2024-12-18,4935,monster_weak_early_v20_lag1,3398a83d1ac17dfc246c13208d80a7604d6c5cc4b56e8a16844bfd487a1c6a5c,4935,4.592147843063839,1,1,"{""tail_cdf"":0.9998107381751916,""tail_p"":0.86399317}",4.592147843063839,0.9998107381751916,0.86399317,0.0246842889040659,0.5589519650655022,4.592147843063839,-0.0065781746525317,DETECTED,False,1,0,2024
2024-12-25,4576,monster_weak_early_v20_lag1,3398a83d1ac17dfc246c13208d80a7604d6c5cc4b56e8a16844bfd487a1c6a5c,4576,0.7065999037882451,1,1,"{""tail_cdf"":0.9990361165636542,""tail_p"":0.8346677}",0.7065999037882451,0.9990361165636542,0.8346677,-0.1314285714285714,0.52,0.7065999037882451,-0.0031088116811588,DETECTED,False,1,0,2024
2024-12-26,8783,monster_weak_early_v20_lag1,3398a83d1ac17dfc246c13208d80a7604d6c5cc4b56e8a16844bfd487a1c6a5c,8783,1.975978193415605,1,1,"{""tail_cdf"":0.9996904217294204,""tail_p"":0.8566859}",1.975978193415605,0.9996904217294204,0.8566859,-0.153448275862069,0.2853403141361257,1.975978193415605,-0.001390820601955,DETECTED,False,1,0,2024
2025-01-10,7074,monster_weak_early_v20_lag1,3398a83d1ac17dfc246c13208d80a7604d6c5cc4b56e8a16844bfd487a1c6a5c,7074,3.0800598856878167,1,1,"{""tail_cdf"":0.9990941245257592,""tail_p"":0.83125556}",3.0800598856878167,0.9990941245257592,0.83125556,0.0324483775811208,0.4522821576763485,3.0800598856878167,-0.0079634599387645,DETECTED,False,1,0,2025
2025-01-14,4935,monster_weak_early_v20_lag1,3398a83d1ac17dfc246c13208d80a7604d6c5cc4b56e8a16844bfd487a1c6a5c,4935,4.734098619849139,1,1,"{""tail_cdf"":0.9999895122955226,""tail_p"":0.87415063}",4.734098619849139,0.9999895122955226,0.87415063,-0.4579945799457995,-0.3939393939393939,4.734098619849139,-0.0129361934959888,DETECTED,False,1,0,2025
2025-01-15,4935,monster_weak_early_v20_lag1,3398a83d1ac17dfc246c13208d80a7604d6c5cc4b56e8a16844bfd487a1c6a5c,4935,2.9365036725483726,1,2,"{""tail_cdf"":0.9999855794063436,""tail_p"":0.8707717}",2.9365036725483726,0.9999855794063436,0.8707717,0.0315000152587889,-0.3967836168077256,2.9365036725483726,-0.0187053997069597,COOLDOWN_BLOCKED,True,1,1,2025
2025-01-15,4416,monster_weak_early_v20_lag1,3398a83d1ac17dfc246c13208d80a7604d6c5cc4b56e8a16844bfd487a1c6a5c,4416,4.321795767212955,2,2,"{""tail_cdf"":0.9996132658973936,""tail_p"":0.8455763}",4.321795767212955,0.9996132658973936,0.8455763,0.2112676056338027,-0.0358744394618834,4.321795767212955,-0.0187053997069597,DETECTED,False,1,1,2025
2025-01-16,4935,monster_weak_early_v20_lag1,3398a83d1ac17dfc246c13208d80a7604d6c5cc4b56e8a16844bfd487a1c6a5c,4935,1.2127005603188377,1,2,"{""tail_cdf"":0.9999318299208964,""tail_p"":0.8623479}",1.2127005603188377,0.9999318299208964,0.8623479,-0.166262736521397,-0.5168539325842696,1.2127005603188377,-0.0209545977413654,DETECTED,False,1,1,2025
2025-01-16,4416,monster_weak_early_v20_lag1,3398a83d1ac17dfc246c13208d80a7604d6c5cc4b56e8a16844bfd487a1c6a5c,4416,3.073334834954842,2,2,"{""tail_cdf"":0.9999134764380608,""tail_p"":0.86010265}",3.073334834954842,0.9999134764380608,0.86010265,0.0348837209302326,0.1454311454311454,3.073334834954842,-0.0209545977413654,COOLDOWN_BLOCKED,True,1,1,2025
2025-01-17,4935,monster_weak_early_v20_lag1,3398a83d1ac17dfc246c13208d80a7604d6c5cc4b56e8a16844bfd487a1c6a5c,4935,1.3207534002805363,1,1,"{""tail_cdf"":0.9998413734697784,""tail_p"":0.8548998}",1.3207534002805363,0.9998413734697784,0.8548998,0.0802325758823128,-0.5597156325787729,1.3207534002805363,-0.0207438142970204,COOLDOWN_BLOCKED,True,0,1,2025
2025-01-20,4935,monster_weak_early_v20_lag1,3398a83d1ac17dfc246c13208d80a7604d6c5cc4b56e8a16844bfd487a1c6a5c,4935,0.6999014420220462,1,3,"{""tail_cdf"":0.9997758253167942,""tail_p"":0.8509297}",0.6999014420220462,0.9997758253167942,0.8509297,-0.1329386250944332,-0.6565031852803505,0.6999014420220462,-0.015739619731903,DETECTED,False,3,0,2025
2025-01-20,8783,monster_weak_early_v20_lag1,3398a83d1ac17dfc246c13208d80a7604d6c5cc4b56e8a16844bfd487a1c6a5c,8783,0.918337654439117,2,3,"{""tail_cdf"":0.999372048694412,""tail_p"":0.8385466}",0.918337654439117,0.999372048694412,0.8385466,0.1792114695340501,0.4954545454545453,0.918337654439117,-0.015739619731903,DETECTED,False,3,0,2025
2025-01-20,3807,monster_weak_early_v20_lag1,3398a83d1ac17dfc246c13208d80a7604d6c5cc4b56e8a16844bfd487a1c6a5c,3807,5.259769679461376,3,3,"{""tail_cdf"":0.999375981583591,""tail_p"":0.8387453}",5.259769679461376,0.999375981583591,0.8387453,0.3546099290780142,0.1937500000000001,5.259769679461376,-0.015739619731903,DETECTED,False,3,0,2025
2025-01-21,8783,monster_weak_early_v20_lag1,3398a83d1ac17dfc246c13208d80a7604d6c5cc4b56e8a16844bfd487a1c6a5c,8783,1.4241801257186602,1,4,"{""tail_cdf"":0.9997417402772424,""tail_p"":0.84959894}",1.4241801257186602,0.9997417402772424,0.84959894,-0.0015197568389058,0.2634615384615384,1.4241801257186602,-0.0065510657150298,COOLDOWN_BLOCKED,True,1,3,2025
2025-01-21,4935,monster_weak_early_v20_lag1,3398a83d1ac17dfc246c13208d80a7604d6c5cc4b56e8a16844bfd487a1c6a5c,4935,3.377794419141388,2,4,"{""tail_cdf"":0.9999882013324628,""tail_p"":0.8718005}",3.377794419141388,0.9999882013324628,0.8718005,0.1558037858086636,-0.6545454602073428,3.377794419141388,-0.0065510657150298,COOLDOWN_BLOCKED,True,1,3,2025
2025-01-21,2345,monster_weak_early_v20_lag1,3398a83d1ac17dfc246c13208d80a7604d6c5cc4b56e8a16844bfd487a1c6a5c,2345,5.235216459875166,3,4,"{""tail_cdf"":0.9993038786153084,""tail_p"":0.8363446}",5.235216459875166,0.9993038786153084,0.8363446,0.1488933601609658,0.5432432432432432,5.235216459875166,-0.0065510657150298,DETECTED,False,1,3,2025
2025-01-21,3807,monster_weak_early_v20_lag1,3398a83d1ac17dfc246c13208d80a7604d6c5cc4b56e8a16844bfd487a1c6a5c,3807,8.909711870897105,4,4,"{""tail_cdf"":0.9999882013324628,""tail_p"":0.8719959}",8.909711870897105,0.9999882013324628,0.8719959,0.0732984293193717,0.3851351351351351,8.909711870897105,-0.0065510657150298,COOLDOWN_BLOCKED,True,1,3,2025
2025-02-04,5246,monster_weak_early_v20_lag1,3398a83d1ac17dfc246c13208d80a7604d6c5cc4b56e8a16844bfd487a1c6a5c,5246,3.098481440483351,1,1,"{""tail_cdf"":0.9997078858075872,""tail_p"":0.8511602}",3.098481440483351,0.9997078858075872,0.8511602,0.1339600470035253,0.4149560117302053,3.098481440483351,-0.0065149951260536,DETECTED,False,1,0,2025
2025-02-05,4935,monster_weak_early_v20_lag1,3398a83d1ac17dfc246c13208d80a7604d6c5cc4b56e8a16844bfd487a1c6a5c,4935,0.9811907783864288,1,3,"{""tail_cdf"":0.9993430619690282,""tail_p"":0.8406932}",0.9811907783864288,0.9993430619690282,0.8406932,0.2139800331884112,-0.0570637288186028,0.9811907783864288,-0.0084745762869715,DETECTED,False,2,1,2025
2025-02-05,5246,monster_weak_early_v20_lag1,3398a83d1ac17dfc246c13208d80a7604d6c5cc4b56e8a16844bfd487a1c6a5c,5246,1.5987667429587158,2,3,"{""tail_cdf"":0.9992397377350308,""tail_p"":0.8372613}",1.5987667429587158,0.9992397377350308,0.8372613,-0.0652849740932642,0.4432,1.5987667429587158,-0.0084745762869715,COOLDOWN_BLOCKED,True,2,1,2025
2025-02-05,6634,monster_weak_early_v20_lag1,3398a83d1ac17dfc246c13208d80a7604d6c5cc4b56e8a16844bfd487a1c6a5c,6634,4.082631552735178,3,3,"{""tail_cdf"":0.9999489756869148,""tail_p"":0.86454576}",4.082631552735178,0.9999489756869148,0.86454576,0.3184713375796177,0.5,4.082631552735178,-0.0084745762869715,DETECTED,False,2,1,2025
2025-02-06,4935,monster_weak_early_v20_lag1,3398a83d1ac17dfc246c13208d80a7604d6c5cc4b56e8a16844bfd487a1c6a5c,4935,0.7649761544724905,1,1,"{""tail_cdf"":0.9992741791463632,""tail_p"":0.83852625}",0.7649761544724905,0.9992741791463632,0.83852625,-0.0987074227555168,-0.242469165943287,0.7649761544724905,-0.0079808919690549,COOLDOWN_BLOCKED,True,0,1,2025
2025-02-21,5597,monster_weak_early_v20_lag1,3398a83d1ac17dfc246c13208d80a7604d6c5cc4b56e8a16844bfd487a1c6a5c,5597,3.4840184943210373,1,1,"{""tail_cdf"":0.999241013342858,""tail_p"":0.8372623}",3.4840184943210373,0.999241013342858,0.8372623,0.1262032085561497,0.5530973451327434,3.4840184943210373,-0.0111248455941677,DETECTED,False,1,0,2025
2025-02-27,5597,monster_weak_early_v20_lag1,3398a83d1ac17dfc246c13208d80a7604d6c5cc4b56e8a16844bfd487a1c6a5c,5597,2.1345802361072685,1,1,"{""tail_cdf"":0.9996504834553664,""tail_p"":0.8493127}",2.1345802361072685,0.9996504834553664,0.8493127,0.165,0.3738207547169812,2.1345802361072685,-0.0145608270540833,DETECTED,False,1,0,2025
2025-03-03,8836,monster_weak_early_v20_lag1,3398a83d1ac17dfc246c13208d80a7604d6c5cc4b56e8a16844bfd487a1c6a5c,8836,6.522409937828399,1,1,"{""tail_cdf"":0.9998779166095698,""tail_p"":0.85594755}",6.522409937828399,0.9998779166095698,0.85594755,0.3703703703703704,0.48,6.522409937828399,-0.0084925694391131,DETECTED,False,1,0,2025
2025-04-10,3823,monster_weak_early_v20_lag1,3398a83d1ac17dfc246c13208d80a7604d6c5cc4b56e8a16844bfd487a1c6a5c,3823,0.5388669538381947,1,2,"{""tail_cdf"":0.9992843212899228,""tail_p"":0.837809}",0.5388669538381947,0.9992843212899228,0.837809,0.0,-0.1037735849056603,0.5388669538381947,-0.0950459763407707,DETECTED,False,2,0,2025
2025-04-10,2334,monster_weak_early_v20_lag1,3398a83d1ac17dfc246c13208d80a7604d6c5cc4b56e8a16844bfd487a1c6a5c,2334,1.0673216805199173,2,2,"{""tail_cdf"":0.9991215013456948,""tail_p"":0.8339196}",1.0673216805199173,0.9991215013456948,0.8339196,0.1818181818181818,0.5210608786420392,1.0673216805199173,-0.0950459763407707,DETECTED,False,2,0,2025
2025-04-11,2334,monster_weak_early_v20_lag1,3398a83d1ac17dfc246c13208d80a7604d6c5cc4b56e8a16844bfd487a1c6a5c,2334,1.474859124403988,1,1,"{""tail_cdf"":0.9992041263920194,""tail_p"":0.83599144}",1.474859124403988,0.9992041263920194,0.83599144,-0.0502564259064503,0.2496626232247629,1.474859124403988,-0.0280592525377869,COOLDOWN_BLOCKED,True,0,1,2025
2025-05-19,9610,monster_weak_early_v20_lag1,3398a83d1ac17dfc246c13208d80a7604d6c5cc4b56e8a16844bfd487a1c6a5c,9610,1.42225265833947,1,1,"{""tail_cdf"":0.9999858395550788,""tail_p"":0.87112796}",1.42225265833947,0.9999858395550788,0.87112796,0.0397350993377483,0.4403669724770642,1.42225265833947,0.0,DETECTED,False,1,0,2025
2025-05-21,6786,monster_weak_early_v20_lag1,3398a83d1ac17dfc246c13208d80a7604d6c5cc4b56e8a16844bfd487a1c6a5c,6786,4.812104441579573,1,2,"{""tail_cdf"":0.9992152753439512,""tail_p"":0.8377734}",4.812104441579573,0.9992152753439512,0.8377734,-0.1999999999999999,0.2698412698412697,4.812104441579573,-0.0056937369517982,DETECTED,False,2,0,2025
2025-05-21,6085,monster_weak_early_v20_lag1,3398a83d1ac17dfc246c13208d80a7604d6c5cc4b56e8a16844bfd487a1c6a5c,6085,4.8606242181829415,2,2,"{""tail_cdf"":0.9995669263928272,""tail_p"":0.84889096}",4.8606242181829415,0.9995669263928272,0.84889096,0.0489796229771204,0.3967392008561505,4.8606242181829415,-0.0056937369517982,DETECTED,False,2,0,2025
2025-05-22,2334,monster_weak_early_v20_lag1,3398a83d1ac17dfc246c13208d80a7604d6c5cc4b56e8a16844bfd487a1c6a5c,2334,11.564851679470644,1,1,"{""tail_cdf"":0.999955158591083,""tail_p"":0.8672619}",11.564851679470644,0.999955158591083,0.8672619,0.1077669754769037,0.5566165583042886,11.564851679470644,-0.0043649063445627,DETECTED,False,1,0,2025
2025-05-23,2334,monster_weak_early_v20_lag1,3398a83d1ac17dfc246c13208d80a7604d6c5cc4b56e8a16844bfd487a1c6a5c,2334,2.3233459453931893,1,1,"{""tail_cdf"":0.9991952147136464,""tail_p"":0.8371108}",2.3233459453931893,0.9991952147136464,0.8371108,-0.1998246777149128,0.2680555979410806,2.3233459453931893,-0.0032362460624426,COOLDOWN_BLOCKED,True,0,1,2025
2025-05-26,9610,monster_weak_early_v20_lag1,3398a83d1ac17dfc246c13208d80a7604d6c5cc4b56e8a16844bfd487a1c6a5c,9610,0.8804082306491975,1,3,"{""tail_cdf"":0.9996920103229644,""tail_p"":0.8543162}",0.8804082306491975,0.9996920103229644,0.8543162,0.0238095238095237,0.3578947368421052,0.8804082306491975,-0.0023584906011819,DETECTED,False,3,0,2025
2025-05-26,3936,monster_weak_early_v20_lag1,3398a83d1ac17dfc246c13208d80a7604d6c5cc4b56e8a16844bfd487a1c6a5c,3936,3.987656946005393,2,3,"{""tail_cdf"":0.9992294357888724,""tail_p"":0.8383209}",3.987656946005393,0.9992294357888724,0.8383209,0.181159420289855,0.5233644859813085,3.987656946005393,-0.0023584906011819,DETECTED,False,3,0,2025
2025-05-26,3825,monster_weak_early_v20_lag1,3398a83d1ac17dfc246c13208d80a7604d6c5cc4b56e8a16844bfd487a1c6a5c,3825,4.382669750651177,3,3,"{""tail_cdf"":0.9992258956776422,""tail_p"":0.8381534}",4.382669750651177,0.9992258956776422,0.8381534,0.0526315789473683,0.3519813519813519,4.382669750651177,-0.0023584906011819,DETECTED,False,3,0,2025
2025-06-09,3936,monster_weak_early_v20_lag1,3398a83d1ac17dfc246c13208d80a7604d6c5cc4b56e8a16844bfd487a1c6a5c,3936,1.1654522267119505,1,1,"{""tail_cdf"":0.9992781155015198,""tail_p"":0.8381869}",1.1654522267119505,0.9992781155015198,0.8381869,0.0842105263157895,0.2638036809815951,1.1654522267119505,-0.0010030090343207,DETECTED,False,1,0,2025
2025-06-17,3903,monster_weak_early_v20_lag1,3398a83d1ac17dfc246c13208d80a7604d6c5cc4b56e8a16844bfd487a1c6a5c,3903,4.759695602523923,1,2,"{""tail_cdf"":0.9990040987381412,""tail_p"":0.8318634}",4.759695602523923,0.9990040987381412,0.8318634,0.0235732009925557,0.5277777777777777,4.759695602523923,0.0,DETECTED,False,2,0,2025
2025-06-17,9610,monster_weak_early_v20_lag1,3398a83d1ac17dfc246c13208d80a7604d6c5cc4b56e8a16844bfd487a1c6a5c,9610,5.995099505907279,2,2,"{""tail_cdf"":0.9998157870498297,""tail_p"":0.8564178}",5.995099505907279,0.9998157870498297,0.8564178,0.217741935483871,0.0633802816901407,5.995099505907279,0.0,DETECTED,False,2,0,2025
2025-06-24,3936,monster_weak_early_v20_lag1,3398a83d1ac17dfc246c13208d80a7604d6c5cc4b56e8a16844bfd487a1c6a5c,3936,1.507169840600162,1,2,"{""tail_cdf"":0.999025974025974,""tail_p"":0.83230954}",1.507169840600162,0.999025974025974,0.83230954,0.1983122362869198,0.2622222222222221,1.507169840600162,-0.0010881392518058,DETECTED,False,2,0,2025
2025-06-24,6574,monster_weak_early_v20_lag1,3398a83d1ac17dfc246c13208d80a7604d6c5cc4b56e8a16844bfd487a1c6a5c,6574,2.654984294924781,2,2,"{""tail_cdf"":0.9997236805747444,""tail_p"":0.8524431}",2.654984294924781,0.9997236805747444,0.8524431,0.0525714111328126,0.4234930883814103,2.654984294924781,-0.0010881392518058,DETECTED,False,2,0,2025
2025-07-04,5721,monster_weak_early_v20_lag1,3398a83d1ac17dfc246c13208d80a7604d6c5cc4b56e8a16844bfd487a1c6a5c,5721,0.7564046262865318,1,2,"{""tail_cdf"":0.9990781089090656,""tail_p"":0.8365466}",0.7564046262865318,0.9990781089090656,0.8365466,-0.1530054644808742,-0.509493670886076,0.7564046262865318,0.0,DETECTED,False,2,0,2025
2025-07-04,6046,monster_weak_early_v20_lag1,3398a83d1ac17dfc246c13208d80a7604d6c5cc4b56e8a16844bfd487a1c6a5c,6046,7.164188351920694,2,2,"{""tail_cdf"":0.9990915999982012,""tail_p"":0.8368756}",7.164188351920694,0.9990915999982012,0.8368756,0.0290697674418605,0.4508196721311475,7.164188351920694,0.0,DETECTED,False,2,0,2025
2025-07-07,4594,monster_weak_early_v20_lag1,3398a83d1ac17dfc246c13208d80a7604d6c5cc4b56e8a16844bfd487a1c6a5c,4594,5.598501878582697,1,2,"{""tail_cdf"":0.9994873386128462,""tail_p"":0.8473966}",5.598501878582697,0.9994873386128462,0.8473966,-0.1097560975609756,0.2586206896551724,5.598501878582697,-0.0026583966100588,DETECTED,False,2,0,2025
2025-07-07,6786,monster_weak_early_v20_lag1,3398a83d1ac17dfc246c13208d80a7604d6c5cc4b56e8a16844bfd487a1c6a5c,6786,6.87095308261151,2,2,"{""tail_cdf"":0.999207398513282,""tail_p"":0.84034735}",6.87095308261151,0.999207398513282,0.84034735,0.03,0.4927536231884057,6.87095308261151,-0.0026583966100588,DETECTED,False,2,0,2025
2025-07-08,4594,monster_weak_early_v20_lag1,3398a83d1ac17dfc246c13208d80a7604d6c5cc4b56e8a16844bfd487a1c6a5c,4594,1.3205004396552558,1,2,"{""tail_cdf"":0.999243374750977,""tail_p"":0.8411995}",1.3205004396552558,0.999243374750977,0.8411995,0.0547945205479452,0.5098039215686274,1.3205004396552558,-0.0058253305032849,COOLDOWN_BLOCKED,True,1,1,2025
2025-07-08,7603,monster_weak_early_v20_lag1,3398a83d1ac17dfc246c13208d80a7604d6c5cc4b56e8a16844bfd487a1c6a5c,7603,1.7371461647205495,2,2,"{""tail_cdf"":0.9993220727709348,""tail_p"":0.84334844}",1.7371461647205495,0.9993220727709348,0.84334844,0.1634615384615385,0.0521739130434781,1.7371461647205495,-0.0058253305032849,DETECTED,False,1,1,2025
2025-07-17,2134,monster_weak_early_v20_lag1,3398a83d1ac17dfc246c13208d80a7604d6c5cc4b56e8a16844bfd487a1c6a5c,2134,1.3574344604768505,1,2,"{""tail_cdf"":0.9994344985137316,""tail_p"":0.8462123}",1.3574344604768505,0.9994344985137316,0.8462123,0.1730769230769231,-0.2560975609756097,1.3574344604768505,0.0,DETECTED,False,2,0,2025
2025-07-17,6731,monster_weak_early_v20_lag1,3398a83d1ac17dfc246c13208d80a7604d6c5cc4b56e8a16844bfd487a1c6a5c,6731,1.5805184493390838,2,2,"{""tail_cdf"":0.9996110069299228,""tail_p"":0.85236394}",1.5805184493390838,0.9996110069299228,0.85236394,-0.1604938271604938,0.5454545454545454,1.5805184493390838,0.0,DETECTED,False,2,0,2025
2025-07-22,6574,monster_weak_early_v20_lag1,3398a83d1ac17dfc246c13208d80a7604d6c5cc4b56e8a16844bfd487a1c6a5c,6574,4.520094562647754,1,1,"{""tail_cdf"":0.99920852277071,""tail_p"":0.8403881}",4.520094562647754,0.99920852277071,0.8403881,0.0476190633465147,0.1921183089878591,4.520094562647754,-0.0021978022996336,DETECTED,False,1,0,2025
2025-09-02,2334,monster_weak_early_v20_lag1,3398a83d1ac17dfc246c13208d80a7604d6c5cc4b56e8a16844bfd487a1c6a5c,2334,1.5670968214085332,1,3,"{""tail_cdf"":0.9994854491685008,""tail_p"":0.8379979}",1.5670968214085332,0.9994854491685008,0.8379979,0.0792207792207793,0.4427083333333332,1.5670968214085332,-0.0045465917792171,DETECTED,False,3,0,2025
2025-09-02,8105,monster_weak_early_v20_lag1,3398a83d1ac17dfc246c13208d80a7604d6c5cc4b56e8a16844bfd487a1c6a5c,8105,1.9943802618080129,2,3,"{""tail_cdf"":0.9999849609360312,""tail_p"":0.8650231}",1.9943802618080129,0.9999849609360312,0.8650231,0.0,0.4259259259259258,1.9943802618080129,-0.0045465917792171,DETECTED,False,3,0,2025
2025-09-02,7138,monster_weak_early_v20_lag1,3398a83d1ac17dfc246c13208d80a7604d6c5cc4b56e8a16844bfd487a1c6a5c,7138,4.195621112432516,3,3,"{""tail_cdf"":0.999416699161787,""tail_p"":0.8363987}",4.195621112432516,0.999416699161787,0.8363987,0.1253405994550409,0.5456586120213212,4.195621112432516,-0.0045465917792171,DETECTED,False,3,0,2025
2025-10-01,2673,monster_weak_early_v20_lag1,3398a83d1ac17dfc246c13208d80a7604d6c5cc4b56e8a16844bfd487a1c6a5c,2673,1.5888707079900208,1,3,"{""tail_cdf"":0.9993727418443284,""tail_p"":0.83548903}",1.5888707079900208,0.9993727418443284,0.83548903,0.2512562814070351,0.1165919282511209,1.5888707079900208,-0.0113293197937309,DETECTED,False,3,0,2025
2025-10-01,4586,monster_weak_early_v20_lag1,3398a83d1ac17dfc246c13208d80a7604d6c5cc4b56e8a16844bfd487a1c6a5c,4586,2.755093609557684,2,3,"{""tail_cdf"":0.9996590073113464,""tail_p"":0.8449016}",2.755093609557684,0.9996590073113464,0.8449016,0.0,0.4174757281553398,2.755093609557684,-0.0113293197937309,DETECTED,False,3,0,2025
2025-10-01,2323,monster_weak_early_v20_lag1,3398a83d1ac17dfc246c13208d80a7604d6c5cc4b56e8a16844bfd487a1c6a5c,2323,10.207855929690238,3,3,"{""tail_cdf"":0.999299070584434,""tail_p"":0.8333313}",10.207855929690238,0.999299070584434,0.8333313,0.0011024685018732,0.2699300543496736,10.207855929690238,-0.0113293197937309,DETECTED,False,3,0,2025
2025-10-02,4446,monster_weak_early_v20_lag1,3398a83d1ac17dfc246c13208d80a7604d6c5cc4b56e8a16844bfd487a1c6a5c,4446,2.940717871955593,1,3,"{""tail_cdf"":0.9990822665910308,""tail_p"":0.8277945}",2.940717871955593,0.9990822665910308,0.8277945,-0.0844062947067239,0.5609756097560976,2.940717871955593,-0.0320415943861007,DETECTED,False,2,1,2025
2025-10-02,3185,monster_weak_early_v20_lag1,3398a83d1ac17dfc246c13208d80a7604d6c5cc4b56e8a16844bfd487a1c6a5c,3185,3.4496540707764787,2,3,"{""tail_cdf"":0.9997747764340372,""tail_p"":0.84983265}",3.4496540707764787,0.9997747764340372,0.84983265,0.2450000000000001,0.2205882352941177,3.4496540707764787,-0.0320415943861007,DETECTED,False,2,1,2025
2025-10-02,2673,monster_weak_early_v20_lag1,3398a83d1ac17dfc246c13208d80a7604d6c5cc4b56e8a16844bfd487a1c6a5c,2673,3.8333231512236217,3,3,"{""tail_cdf"":0.999988423087731,""tail_p"":0.8679748}",3.8333231512236217,0.999988423087731,0.8679748,0.321285140562249,0.316,3.8333231512236217,-0.0320415943861007,COOLDOWN_BLOCKED,True,2,1,2025
2025-10-14,6177,monster_weak_early_v20_lag1,3398a83d1ac17dfc246c13208d80a7604d6c5cc4b56e8a16844bfd487a1c6a5c,6177,4.25403992183387,1,1,"{""tail_cdf"":0.9992096126259912,""tail_p"":0.83103484}",4.25403992183387,0.9992096126259912,0.83103484,0.0845070422535212,0.3668639053254439,4.25403992183387,-0.002224694006145,DETECTED,False,1,0,2025
2025-10-30,7746,monster_weak_early_v20_lag1,3398a83d1ac17dfc246c13208d80a7604d6c5cc4b56e8a16844bfd487a1c6a5c,7746,3.296453782363966,1,1,"{""tail_cdf"":0.9999431678852244,""tail_p"":0.8593523}",3.296453782363966,0.9999431678852244,0.8593523,0.1676300578034681,0.5018587360594795,3.296453782363966,-0.0180425224825739,DETECTED,False,1,0,2025
2025-10-31,8105,monster_weak_early_v20_lag1,3398a83d1ac17dfc246c13208d80a7604d6c5cc4b56e8a16844bfd487a1c6a5c,8105,0.8707733687471982,1,1,"{""tail_cdf"":0.9991601476372048,""tail_p"":0.8299481}",0.8707733687471982,0.9991601476372048,0.8299481,0.0543130990415334,0.5639810426540284,0.8707733687471982,-0.0167130921036005,DETECTED,False,1,0,2025
2025-11-18,6993,monster_weak_early_v20_lag1,3398a83d1ac17dfc246c13208d80a7604d6c5cc4b56e8a16844bfd487a1c6a5c,6993,3.361408922965209,1,1,"{""tail_cdf"":0.9998013465206306,""tail_p"":0.85459596}",3.361408922965209,0.9998013465206306,0.85459596,0.25,0.5,3.361408922965209,-0.0004848635580856,DETECTED,False,1,0,2025
2025-11-20,6993,monster_weak_early_v20_lag1,3398a83d1ac17dfc246c13208d80a7604d6c5cc4b56e8a16844bfd487a1c6a5c,6993,1.6278812232930793,1,1,"{""tail_cdf"":0.9991312770124988,""tail_p"":0.8303299}",1.6278812232930793,0.9991312770124988,0.8303299,0.0689655172413792,0.3777777777777777,1.6278812232930793,-0.0207313038408756,DETECTED,False,1,0,2025
2025-12-05,6993,monster_weak_early_v20_lag1,3398a83d1ac17dfc246c13208d80a7604d6c5cc4b56e8a16844bfd487a1c6a5c,6993,0.8988127419482476,1,1,"{""tail_cdf"":0.9994296866310052,""tail_p"":0.8388989}",0.8988127419482476,0.9994296866310052,0.8388989,-0.0645161290322581,0.403225806451613,0.8988127419482476,-0.0049689516890794,DETECTED,False,1,0,2025
2025-12-09,6993,monster_weak_early_v20_lag1,3398a83d1ac17dfc246c13208d80a7604d6c5cc4b56e8a16844bfd487a1c6a5c,6993,0.799532437849218,1,1,"{""tail_cdf"":0.9990535224940088,""tail_p"":0.8282978}",0.799532437849218,0.9990535224940088,0.8282978,-0.0555555555555555,0.2749999999999999,0.799532437849218,-0.0040404042229056,DETECTED,False,1,0,2025
2025-12-10,6993,monster_weak_early_v20_lag1,3398a83d1ac17dfc246c13208d80a7604d6c5cc4b56e8a16844bfd487a1c6a5c,6993,1.2182898818716956,1,1,"{""tail_cdf"":0.999380138129089,""tail_p"":0.83699197}",1.2182898818716956,0.999380138129089,0.83699197,-0.0196078431372549,0.3157894736842106,1.2182898818716956,-0.0012987012742087,COOLDOWN_BLOCKED,True,0,1,2025
2025-12-17,6629,monster_weak_early_v20_lag1,3398a83d1ac17dfc246c13208d80a7604d6c5cc4b56e8a16844bfd487a1c6a5c,6629,2.745023884454169,1,1,"{""tail_cdf"":0.9994317090188384,""tail_p"":0.8390068}",2.745023884454169,0.9994317090188384,0.8390068,0.144736842105263,0.4326347305389222,2.745023884454169,0.0,DETECTED,False,1,0,2025
2025-12-18,6433,monster_weak_early_v20_lag1,3398a83d1ac17dfc246c13208d80a7604d6c5cc4b56e8a16844bfd487a1c6a5c,6433,1.145472218168401,1,1,"{""tail_cdf"":0.9991020598020084,""tail_p"":0.8291018}",1.145472218168401,0.9991020598020084,0.8291018,0.1451378809869377,0.2934426229508196,1.145472218168401,-0.0023781516356393,DETECTED,False,1,0,2025
2025-12-23,5817,monster_weak_early_v20_lag1,3398a83d1ac17dfc246c13208d80a7604d6c5cc4b56e8a16844bfd487a1c6a5c,5817,2.105664090396915,1,1,"{""tail_cdf"":0.9996450709352532,""tail_p"":0.84650475}",2.105664090396915,0.9996450709352532,0.84650475,0.068068068068068,0.4881450488145049,2.105664090396915,-0.0015479875728487,DETECTED,False,1,0,2025
2026-01-22 00:00:00,2667,monster_weak_early_v20_lag1,3398a83d1ac17dfc246c13208d80a7604d6c5cc4b56e8a16844bfd487a1c6a5c,2667,5.257495662730283,1,1,"{""tail_cdf"":0.9991477433014703,""tail_p"":0.8322869539260864}",5.257495662730283,0.9991477433014703,0.8322869539260864,-0.07621951219512191,0.3526785714285714,5.257495662730283,-0.001281527045648545,DETECTED,False,1,0,2026
2026-01-27 00:00:00,3103,monster_weak_early_v20_lag1,3398a83d1ac17dfc246c13208d80a7604d6c5cc4b56e8a16844bfd487a1c6a5c,3103,4.634429182922771,1,1,"{""tail_cdf"":0.9997634270023825,""tail_p"":0.8552589416503906}",4.634429182922771,0.9997634270023825,0.8552589416503906,0.19801980198019797,0.41520467836257313,4.634429182922771,-0.012738058343529701,DETECTED,False,1,0,2026
2026-01-29 00:00:00,6993,monster_weak_early_v20_lag1,3398a83d1ac17dfc246c13208d80a7604d6c5cc4b56e8a16844bfd487a1c6a5c,6993,0.7307107351272072,1,2,"{""tail_cdf"":0.9990764744486315,""tail_p"":0.8304712772369385}",0.7307107351272072,0.9990764744486315,0.8304712772369385,0.13245033112582782,0.204225352112676,0.7307107351272072,-0.01111994357779622,DETECTED,False,2,0,2026
2026-01-29 00:00:00,3103,monster_weak_early_v20_lag1,3398a83d1ac17dfc246c13208d80a7604d6c5cc4b56e8a16844bfd487a1c6a5c,3103,6.604046864100654,2,2,"{""tail_cdf"":0.9998198481775465,""tail_p"":0.85802161693573}",6.604046864100654,0.9998198481775465,0.85802161693573,-0.06205673758865249,0.3258145363408522,6.604046864100654,-0.01111994357779622,DETECTED,False,2,0,2026
2026-02-02 00:00:00,3103,monster_weak_early_v20_lag1,3398a83d1ac17dfc246c13208d80a7604d6c5cc4b56e8a16844bfd487a1c6a5c,3103,3.768833164125983,1,1,"{""tail_cdf"":0.9996830939364011,""tail_p"":0.8395223617553711}",3.768833164125983,0.9996830939364011,0.8395223617553711,-0.07472178060413359,0.5315789473684212,3.768833164125983,-0.018878579139709473,DETECTED,False,1,0,2026
2026-02-03 00:00:00,4422,monster_weak_early_v20_lag1,3398a83d1ac17dfc246c13208d80a7604d6c5cc4b56e8a16844bfd487a1c6a5c,4422,1.0217694950900469,1,1,"{""tail_cdf"":0.9997385038923063,""tail_p"":0.8427879214286804}",1.0217694950900469,0.9997385038923063,0.8427879214286804,0.004201680672268893,0.15458937198067635,1.0217694950900469,-0.010336717125028372,DETECTED,False,1,0,2026
2026-02-04 00:00:00,6085,monster_weak_early_v20_lag1,3398a83d1ac17dfc246c13208d80a7604d6c5cc4b56e8a16844bfd487a1c6a5c,6085,1.3213402105086594,1,1,"{""tail_cdf"":0.999431318873603,""tail_p"":0.8319709300994873}",1.3213402105086594,0.999431318873603,0.8319709300994873,-0.019933567238062277,0.5445025869538753,1.3213402105086594,0.0,DETECTED,False,1,0,2026
2026-02-19 00:00:00,6613,monster_weak_early_v20_lag1,3398a83d1ac17dfc246c13208d80a7604d6c5cc4b56e8a16844bfd487a1c6a5c,6613,1.6898963627911203,1,3,"{""tail_cdf"":0.9990356723463492,""tail_p"":0.821460485458374}",1.6898963627911203,0.9990356723463492,0.821460485458374,-0.021573604060913687,0.40181818181818185,1.6898963627911203,0.0,DETECTED,False,3,0,2026
2026-02-19 00:00:00,198A,monster_weak_early_v20_lag1,3398a83d1ac17dfc246c13208d80a7604d6c5cc4b56e8a16844bfd487a1c6a5c,198A,2.24873065103709,2,3,"{""tail_cdf"":0.9993691041862708,""tail_p"":0.8303972482681274}",2.24873065103709,0.9993691041862708,0.8303972482681274,0.31872509960159356,0.3455284552845528,2.24873065103709,0.0,DETECTED,False,3,0,2026
2026-02-19 00:00:00,6495,monster_weak_early_v20_lag1,3398a83d1ac17dfc246c13208d80a7604d6c5cc4b56e8a16844bfd487a1c6a5c,6495,4.804665148951194,3,3,"{""tail_cdf"":0.9998473795951379,""tail_p"":0.8475950956344604}",4.804665148951194,0.9998473795951379,0.8475950956344604,0.2298850574712643,0.4330357142857142,4.804665148951194,0.0,DETECTED,False,3,0,2026
2026-02-20 00:00:00,6495,monster_weak_early_v20_lag1,3398a83d1ac17dfc246c13208d80a7604d6c5cc4b56e8a16844bfd487a1c6a5c,6495,1.8126413179824385,1,1,"{""tail_cdf"":0.9995333898450076,""tail_p"":0.8348962664604187}",1.8126413179824385,0.9995333898450076,0.8348962664604187,-0.07788161993769471,0.4368932038834952,1.8126413179824385,-0.001036554342135787,COOLDOWN_BLOCKED,True,0,1,2026
2026-03-05 00:00:00,6613,monster_weak_early_v20_lag1,3398a83d1ac17dfc246c13208d80a7604d6c5cc4b56e8a16844bfd487a1c6a5c,6613,2.138938906467199,1,1,"{""tail_cdf"":0.999197384180337,""tail_p"":0.8380389213562012}",2.138938906467199,0.999197384180337,0.8380389213562012,0.15308641975308634,0.18527918781725883,2.138938906467199,-0.04414018802344799,DETECTED,False,1,0,2026
2026-03-06 00:00:00,6613,monster_weak_early_v20_lag1,3398a83d1ac17dfc246c13208d80a7604d6c5cc4b56e8a16844bfd487a1c6a5c,6613,1.406530192823034,1,1,"{""tail_cdf"":0.9991256366398427,""tail_p"":0.8358591198921204}",1.406530192823034,0.9991256366398427,0.8358591198921204,-0.08029978586723774,0.11413748378728927,1.406530192823034,-0.02196147572249174,COOLDOWN_BLOCKED,True,0,1,2026
2026-03-09 00:00:00,4596,monster_weak_early_v20_lag1,3398a83d1ac17dfc246c13208d80a7604d6c5cc4b56e8a16844bfd487a1c6a5c,4596,0.4448885241178191,1,1,"{""tail_cdf"":0.9990558023670949,""tail_p"":0.8337752819061279}",0.4448885241178191,0.9990558023670949,0.8337752819061279,-0.03305785123966942,-0.360655737704918,0.4448885241178191,-0.03363518789410591,DETECTED,False,1,0,2026
2026-03-10 00:00:00,7771,monster_weak_early_v20_lag1,3398a83d1ac17dfc246c13208d80a7604d6c5cc4b56e8a16844bfd487a1c6a5c,7771,1.4858697383379802,1,2,"{""tail_cdf"":0.9996278694233028,""tail_p"":0.851212739944458}",1.4858697383379802,0.9996278694233028,0.851212739944458,0.19851116625310183,0.25129533678756477,1.4858697383379802,-0.0458860769867897,DETECTED,False,2,0,2026
2026-03-10 00:00:00,7719,monster_weak_early_v20_lag1,3398a83d1ac17dfc246c13208d80a7604d6c5cc4b56e8a16844bfd487a1c6a5c,7719,2.0806562677764138,2,2,"{""tail_cdf"":0.9997646680671787,""tail_p"":0.8574292063713074}",2.0806562677764138,0.9997646680671787,0.8574292063713074,-0.005773672055427226,0.5375000000000001,2.0806562677764138,-0.0458860769867897,DETECTED,False,2,0,2026
2026-03-16 00:00:00,5381,monster_weak_early_v20_lag1,3398a83d1ac17dfc246c13208d80a7604d6c5cc4b56e8a16844bfd487a1c6a5c,5381,1.5849396806513374,1,1,"{""tail_cdf"":0.9997991068866159,""tail_p"":0.8589468598365784}",1.5849396806513374,0.9997991068866159,0.8589468598365784,0.1564129301355579,0.270332187857961,1.5849396806513374,-0.020542919635772705,DETECTED,False,1,0,2026
2026-03-18 00:00:00,4888,monster_weak_early_v20_lag1,3398a83d1ac17dfc246c13208d80a7604d6c5cc4b56e8a16844bfd487a1c6a5c,4888,2.2773581386674127,1,1,"{""tail_cdf"":0.9999005100771812,""tail_p"":0.8665758967399597}",2.2773581386674127,0.9999005100771812,0.8665758967399597,0.16666666666666674,0.2727272727272727,2.2773581386674127,-0.014686248265206814,DETECTED,False,1,0,2026
2026-03-19 00:00:00,4888,monster_weak_early_v20_lag1,3398a83d1ac17dfc246c13208d80a7604d6c5cc4b56e8a16844bfd487a1c6a5c,4888,2.9899472514059027,1,2,"{""tail_cdf"":0.9998134563947148,""tail_p"":0.8595829606056213}",2.9899472514059027,0.9998134563947148,0.8595829606056213,0.0803571428571428,0.2899786780383795,2.9899472514059027,-0.005319148767739534,COOLDOWN_BLOCKED,True,1,1,2026
2026-03-19 00:00:00,4422,monster_weak_early_v20_lag1,3398a83d1ac17dfc246c13208d80a7604d6c5cc4b56e8a16844bfd487a1c6a5c,4422,6.150908266297472,2,2,"{""tail_cdf"":0.9993102669773813,""tail_p"":0.8412425518035889}",6.150908266297472,0.9993102669773813,0.8412425518035889,-0.07766990291262132,0.46604938271604945,6.150908266297472,-0.005319148767739534,DETECTED,False,1,1,2026
2026-03-24 00:00:00,6740,monster_weak_early_v20_lag1,3398a83d1ac17dfc246c13208d80a7604d6c5cc4b56e8a16844bfd487a1c6a5c,6740,0.6780453296177421,1,1,"{""tail_cdf"":0.9993303562887198,""tail_p"":0.8419429063796997}",0.6780453296177421,0.9993303562887198,0.8419429063796997,-0.0461538461538461,0.1923076923076923,0.6780453296177421,-0.03344810754060745,DETECTED,False,1,0,2026
2026-03-25 00:00:00,6085,monster_weak_early_v20_lag1,3398a83d1ac17dfc246c13208d80a7604d6c5cc4b56e8a16844bfd487a1c6a5c,6085,1.567892760528122,1,2,"{""tail_cdf"":0.9991926010109706,""tail_p"":0.8378647565841675}",1.567892760528122,0.9991926010109706,0.8378647565841675,0.1996637293764214,0.11353885091489624,1.567892760528122,-0.014238772913813591,DETECTED,False,2,0,2026
2026-03-25 00:00:00,4594,monster_weak_early_v20_lag1,3398a83d1ac17dfc246c13208d80a7604d6c5cc4b56e8a16844bfd487a1c6a5c,4594,3.5328810763751606,2,2,"{""tail_cdf"":0.9991954709125904,""tail_p"":0.8379701375961304}",3.5328810763751606,0.9991954709125904,0.8379701375961304,0.18518518518518512,0.37142857142857144,3.5328810763751606,-0.014238772913813591,DETECTED,False,2,0,2026
2026-03-26 00:00:00,4422,monster_weak_early_v20_lag1,3398a83d1ac17dfc246c13208d80a7604d6c5cc4b56e8a16844bfd487a1c6a5c,4422,3.704579891490298,1,1,"{""tail_cdf"":0.9991065039623775,""tail_p"":0.8353703022003174}",3.704579891490298,0.9991065039623775,0.8353703022003174,-0.1260945709281961,0.5121212121212122,3.704579891490298,-0.0010695187374949455,DETECTED,False,1,0,2026
2026-04-02 00:00:00,6740,monster_weak_early_v20_lag1,3398a83d1ac17dfc246c13208d80a7604d6c5cc4b56e8a16844bfd487a1c6a5c,6740,1.3118609944785224,1,1,"{""tail_cdf"":0.9992030039896738,""tail_p"":0.8342869281768799}",1.3118609944785224,0.9992030039896738,0.8342869281768799,-0.021052631578947323,-0.19827586206896552,1.3118609944785224,-0.0077821011655032635,DETECTED,False,1,0,2026
2026-04-14 00:00:00,6740,monster_weak_early_v20_lag1,3398a83d1ac17dfc246c13208d80a7604d6c5cc4b56e8a16844bfd487a1c6a5c,6740,0.7213563795792435,1,2,"{""tail_cdf"":0.999190800281624,""tail_p"":0.833961546421051}",0.7213563795792435,0.999190800281624,0.833961546421051,0.09756097560975618,0.25,0.7213563795792435,0.0,DETECTED,False,2,0,2026
2026-04-14 00:00:00,281A,monster_weak_early_v20_lag1,3398a83d1ac17dfc246c13208d80a7604d6c5cc4b56e8a16844bfd487a1c6a5c,281A,1.6584314581036221,2,2,"{""tail_cdf"":0.9991870452945318,""tail_p"":0.8338090777397156}",1.6584314581036221,0.9991870452945318,0.8338090777397156,0.024096385542168752,0.4879649890590809,1.6584314581036221,0.0,DETECTED,False,2,0,2026
2026-04-15 00:00:00,4840,monster_weak_early_v20_lag1,3398a83d1ac17dfc246c13208d80a7604d6c5cc4b56e8a16844bfd487a1c6a5c,4840,1.1272379302786821,1,1,"{""tail_cdf"":0.9990218258624736,""tail_p"":0.8300997614860535}",1.1272379302786821,0.9990218258624736,0.8300997614860535,0.17462165308498245,0.28045685279187826,1.1272379302786821,0.0,DETECTED,False,1,0,2026
2026-04-16 00:00:00,6740,monster_weak_early_v20_lag1,3398a83d1ac17dfc246c13208d80a7604d6c5cc4b56e8a16844bfd487a1c6a5c,6740,1.2844464424695836,1,2,"{""tail_cdf"":0.9995447078150669,""tail_p"":0.8433360457420349}",1.2844464424695836,0.9995447078150669,0.8433360457420349,0.1847826086956521,0.17204301075268824,1.2844464424695836,-0.012145027983933687,DETECTED,False,2,0,2026
2026-04-16 00:00:00,6085,monster_weak_early_v20_lag1,3398a83d1ac17dfc246c13208d80a7604d6c5cc4b56e8a16844bfd487a1c6a5c,6085,1.4710216370363303,2,2,"{""tail_cdf"":0.9997953532034733,""tail_p"":0.8542068004608154}",1.4710216370363303,0.9997953532034733,0.8542068004608154,0.17102966841186729,0.17636741108010612,1.4710216370363303,-0.012145027983933687,DETECTED,False,2,0,2026
2026-04-17 00:00:00,6740,monster_weak_early_v20_lag1,3398a83d1ac17dfc246c13208d80a7604d6c5cc4b56e8a16844bfd487a1c6a5c,6740,1.0810607238634873,1,1,"{""tail_cdf"":0.9995512790424783,""tail_p"":0.8436021208763123}",1.0810607238634873,0.9995512790424783,0.8436021208763123,0.00917431192660545,0.19565217391304346,1.0810607238634873,-0.002466091187670827,COOLDOWN_BLOCKED,True,0,1,2026
2026-04-20 00:00:00,6740,monster_weak_early_v20_lag1,3398a83d1ac17dfc246c13208d80a7604d6c5cc4b56e8a16844bfd487a1c6a5c,6740,1.0645957121323628,1,1,"{""tail_cdf"":0.9995681764843933,""tail_p"":0.8442190289497375}",1.0645957121323628,0.9995681764843933,0.8442190289497375,0.09090909090909083,0.4285714285714286,1.0645957121323628,0.0,DETECTED,False,1,0,2026
2026-04-23 00:00:00,7719,monster_weak_early_v20_lag1,3398a83d1ac17dfc246c13208d80a7604d6c5cc4b56e8a16844bfd487a1c6a5c,7719,2.4068365833921916,1,1,"{""tail_cdf"":0.9996517249471955,""tail_p"":0.8475736975669861}",2.4068365833921916,0.9996517249471955,0.8475736975669861,0.06429548563611487,0.5405940594059406,2.4068365833921916,-0.007736944127827883,DETECTED,False,1,0,2026
2026-04-27 00:00:00,5341,monster_weak_early_v20_lag1,3398a83d1ac17dfc246c13208d80a7604d6c5cc4b56e8a16844bfd487a1c6a5c,5341,0.9638139093706044,1,2,"{""tail_cdf"":0.9991879840413048,""tail_p"":0.8338576555252075}",0.9638139093706044,0.9991879840413048,0.8338576555252075,0.04904632152588562,0.2962962962962963,0.9638139093706044,-0.021037867292761803,DETECTED,False,2,0,2026
2026-04-27 00:00:00,7256,monster_weak_early_v20_lag1,3398a83d1ac17dfc246c13208d80a7604d6c5cc4b56e8a16844bfd487a1c6a5c,7256,3.7662217278457546,2,2,"{""tail_cdf"":0.9995831964327623,""tail_p"":0.8449826240539551}",3.7662217278457546,0.9995831964327623,0.8449826240539551,-0.16263736263736261,0.3854545454545455,3.7662217278457546,-0.021037867292761803,DETECTED,False,2,0,2026
2026-05-01 00:00:00,6085,monster_weak_early_v20_lag1,3398a83d1ac17dfc246c13208d80a7604d6c5cc4b56e8a16844bfd487a1c6a5c,6085,1.5120975935498626,1,1,"{""tail_cdf"":0.9990640572151507,""tail_p"":0.8376734256744385}",1.5120975935498626,0.9990640572151507,0.8376734256744385,-0.16260162601626016,0.5350223546944859,1.5120975935498626,-0.014254385605454445,DETECTED,False,1,0,2026
2026-05-07 00:00:00,2962,monster_weak_early_v20_lag1,3398a83d1ac17dfc246c13208d80a7604d6c5cc4b56e8a16844bfd487a1c6a5c,2962,1.2452619151183744,1,1,"{""tail_cdf"":0.999162723104785,""tail_p"":0.8404140472412109}",1.2452619151183744,0.999162723104785,0.8404140472412109,0.16077170418006426,0.30012004801920766,1.2452619151183744,-0.006875579711049795,DETECTED,False,1,0,2026
2026-05-12 00:00:00,7256,monster_weak_early_v20_lag1,3398a83d1ac17dfc246c13208d80a7604d6c5cc4b56e8a16844bfd487a1c6a5c,7256,1.2793628318584072,1,1,"{""tail_cdf"":0.9993554443284633,""tail_p"":0.8457276821136475}",1.2793628318584072,0.9993554443284633,0.8457276821136475,-0.07198443579766534,0.3826086956521739,1.2793628318584072,-0.0007980845985002816,DETECTED,False,1,0,2026
2026-05-15 00:00:00,6740,monster_weak_early_v20_lag1,3398a83d1ac17dfc246c13208d80a7604d6c5cc4b56e8a16844bfd487a1c6a5c,6740,1.219639025452629,1,1,"{""tail_cdf"":0.9993923287731865,""tail_p"":0.8469467759132385}",1.219639025452629,0.9993923287731865,0.8469467759132385,-0.02857142857142858,-0.25274725274725274,1.219639025452629,-0.006493506487458944,DETECTED,False,1,0,2026
2026-05-18 00:00:00,281A,monster_weak_early_v20_lag1,3398a83d1ac17dfc246c13208d80a7604d6c5cc4b56e8a16844bfd487a1c6a5c,281A,0.6525711849778645,1,1,"{""tail_cdf"":0.9991332155490065,""tail_p"":0.8395703434944153}",0.6525711849778645,0.9991332155490065,0.8395703434944153,0.07581699346405224,0.1558988764044944,0.6525711849778645,-0.009225091896951199,DETECTED,False,1,0,2026
2026-05-19 00:00:00,281A,monster_weak_early_v20_lag1,3398a83d1ac17dfc246c13208d80a7604d6c5cc4b56e8a16844bfd487a1c6a5c,281A,1.5541482159496656,1,1,"{""tail_cdf"":0.9995813615523925,""tail_p"":0.852838397026062}",1.5541482159496656,0.9995813615523925,0.852838397026062,0.023086269744835963,0.2150072150072151,1.5541482159496656,-0.01607142947614193,COOLDOWN_BLOCKED,True,0,1,2026
2026-05-21 00:00:00,6840,monster_weak_early_v20_lag1,3398a83d1ac17dfc246c13208d80a7604d6c5cc4b56e8a16844bfd487a1c6a5c,6840,2.121459053896625,1,1,"{""tail_cdf"":0.9994882283294666,""tail_p"":0.8500165939331055}",2.121459053896625,0.9994882283294666,0.8500165939331055,0.18633540372670798,0.3860667634252539,2.121459053896625,-0.02097902074456215,DETECTED,False,1,0,2026
2026-05-25 00:00:00,2693,monster_weak_early_v20_lag1,3398a83d1ac17dfc246c13208d80a7604d6c5cc4b56e8a16844bfd487a1c6a5c,2693,4.633209081109547,1,1,"{""tail_cdf"":0.9991682557714935,""tail_p"":0.8405741453170776}",4.633209081109547,0.9991682557714935,0.8405741453170776,0.15503875968992253,0.3545454545454545,4.633209081109547,-0.004166666883975267,DETECTED,False,1,0,2026
2026-05-26 00:00:00,2693,monster_weak_early_v20_lag1,3398a83d1ac17dfc246c13208d80a7604d6c5cc4b56e8a16844bfd487a1c6a5c,2693,5.0856725092307595,1,1,"{""tail_cdf"":0.9998183441097386,""tail_p"":0.862366259098053}",5.0856725092307595,0.9998183441097386,0.862366259098053,0.1633109619686801,0.46478873239436624,5.0856725092307595,0.0,COOLDOWN_BLOCKED,True,0,1,2026
2026-05-27 00:00:00,2693,monster_weak_early_v20_lag1,3398a83d1ac17dfc246c13208d80a7604d6c5cc4b56e8a16844bfd487a1c6a5c,2693,2.8558764866661743,1,1,"{""tail_cdf"":0.9993240925504487,""tail_p"":0.8448925614356995}",2.8558764866661743,0.9993240925504487,0.8448925614356995,-0.06346153846153846,0.5411392405063291,2.8558764866661743,-0.005810200236737728,DETECTED,False,1,0,2026
2026-06-02 00:00:00,6659,monster_weak_early_v20_lag1,3398a83d1ac17dfc246c13208d80a7604d6c5cc4b56e8a16844bfd487a1c6a5c,6659,1.429772464832427,1,1,"{""tail_cdf"":0.9996594815765912,""tail_p"":0.8516849875450134}",1.429772464832427,0.9996594815765912,0.8516849875450134,0.2028985507246377,0.4821428571428572,1.429772464832427,-0.008474576286971569,DETECTED,False,1,0,2026
2026-06-05 00:00:00,6085,monster_weak_early_v20_lag1,3398a83d1ac17dfc246c13208d80a7604d6c5cc4b56e8a16844bfd487a1c6a5c,6085,1.2087309215251472,1,1,"{""tail_cdf"":0.9991146520991372,""tail_p"":0.8364208936691284}",1.2087309215251472,0.9991146520991372,0.8364208936691284,0.21212121212121215,-0.3402061855670103,1.2087309215251472,-0.017957352101802826,DETECTED,False,1,0,2026
2026-06-08 00:00:00,4422,monster_weak_early_v20_lag1,3398a83d1ac17dfc246c13208d80a7604d6c5cc4b56e8a16844bfd487a1c6a5c,4422,5.048902156408343,1,1,"{""tail_cdf"":0.9995178259124532,""tail_p"":0.8468416929244995}",5.048902156408343,0.9995178259124532,0.8468416929244995,0.196078431372549,0.09712230215827344,5.048902156408343,-0.011435831896960735,DETECTED,False,1,0,2026
2026-06-25 00:00:00,6659,monster_weak_early_v20_lag1,3398a83d1ac17dfc246c13208d80a7604d6c5cc4b56e8a16844bfd487a1c6a5c,6659,1.9440628610346948,1,1,"{""tail_cdf"":0.9994006875748005,""tail_p"":0.8434863090515137}",1.9440628610346948,0.9994006875748005,0.8434863090515137,0.19047619047619047,0.3392857142857142,1.9440628610346948,-0.007900677621364594,DETECTED,False,1,0,2026
2026-06-26 00:00:00,4179,monster_weak_early_v20_lag1,3398a83d1ac17dfc246c13208d80a7604d6c5cc4b56e8a16844bfd487a1c6a5c,4179,0.8338429743351821,1,1,"{""tail_cdf"":0.9990165827931955,""tail_p"":0.8339525461196899}",0.8338429743351821,0.9990165827931955,0.8339525461196899,0.17429193899782125,0.07800000000000007,0.8338429743351821,-0.0057142856530845165,DETECTED,False,1,0,2026
2026-08-04 00:00:00,4381,monster_weak_early_v20_lag1,3398a83d1ac17dfc246c13208d80a7604d6c5cc4b56e8a16844bfd487a1c6a5c,4381,3.165582599523756,1,1,"{""tail_cdf"":0.999619623900941,""tail_p"":0.8479617238044739}",3.165582599523756,0.999619623900941,0.8479617238044739,0.22038567493112948,0.07004830917874405,3.165582599523756,-0.011291256174445152,DETECTED,False,1,0,2026
2026-08-05 00:00:00,4381,monster_weak_early_v20_lag1,3398a83d1ac17dfc246c13208d80a7604d6c5cc4b56e8a16844bfd487a1c6a5c,4381,1.4247840842424198,1,1,"{""tail_cdf"":0.9990928818835804,""tail_p"":0.8314480185508728}",1.4247840842424198,0.9990928818835804,0.8314480185508728,-0.018058690744920947,0.22881355932203395,1.4247840842424198,-0.0016255757072940469,COOLDOWN_BLOCKED,True,0,1,2026
2026-08-20 00:00:00,5240,monster_weak_early_v20_lag1,3398a83d1ac17dfc246c13208d80a7604d6c5cc4b56e8a16844bfd487a1c6a5c,5240,2.4909540057146176,1,1,"{""tail_cdf"":0.9990236429162401,""tail_p"":0.829645037651062}",2.4909540057146176,0.9990236429162401,0.829645037651062,0.25773195876288657,0.12442396313364057,2.4909540057146176,-0.0024937656708061695,DETECTED,False,1,0,2026
2026-09-03 00:00:00,4052,monster_weak_early_v20_lag1,3398a83d1ac17dfc246c13208d80a7604d6c5cc4b56e8a16844bfd487a1c6a5c,4052,4.1485380754964,1,1,"{""tail_cdf"":0.9999421488673698,""tail_p"":0.8709132075309753}",4.1485380754964,0.9999421488673698,0.8709132075309753,0.2097902097902098,0.5585585585585586,4.1485380754964,-0.005897772032767534,DETECTED,False,1,0,2026
2026-09-04 00:00:00,4052,monster_weak_early_v20_lag1,3398a83d1ac17dfc246c13208d80a7604d6c5cc4b56e8a16844bfd487a1c6a5c,4052,3.100448973944243,1,1,"{""tail_cdf"":0.9992306662809924,""tail_p"":0.8426830172538757}",3.100448973944243,0.9992306662809924,0.8426830172538757,-0.1445086705202312,0.3935969868173259,3.100448973944243,-0.006703910417854786,COOLDOWN_BLOCKED,True,0,1,2026
2026-09-07 00:00:00,6085,monster_weak_early_v20_lag1,3398a83d1ac17dfc246c13208d80a7604d6c5cc4b56e8a16844bfd487a1c6a5c,6085,0.8410203869476419,1,1,"{""tail_cdf"":0.999707290537886,""tail_p"":0.8576746582984924}",0.8410203869476419,0.999707290537886,0.8576746582984924,0.191358024691358,0.4087591240875912,0.8410203869476419,-0.006849315017461777,DETECTED,False,1,0,2026
2026-09-10 00:00:00,7709,monster_weak_early_v20_lag1,3398a83d1ac17dfc246c13208d80a7604d6c5cc4b56e8a16844bfd487a1c6a5c,7709,2.819068420014864,1,1,"{""tail_cdf"":0.9998514866445911,""tail_p"":0.8644449710845947}",2.819068420014864,0.9998514866445911,0.8644449710845947,0.180327868852459,0.5,2.819068420014864,-0.007299270015209913,DETECTED,False,1,0,2026
