detection_id,signal_date,symbol,company_name,signal_close,signal_volume,selector_id,selector_name,model_period,status,entry_date,entry_open,fifth_xtks_exit_date,fifth_xtks_exit_close,gross_return,one_hundred_shares_pl_yen,med_ret5,med_ret1,ret10,volr20,body_pct,rank_volr20,rank_body_pct,mean_rank,tail_cdf,tail_p,source_scope,source_sha256,signal_discord_url,notified_at,fundamental_status,fundamental_discord_url,fundamental_html,created_at,updated_at
2023-01-04|3133|body_pct_low,2023-01-04,3133,海帆,,,body_pct_low,陰線沈み込みリバウンド,2023-01,mature,2023-01-05,279,2023-01-12,348,0.247311827957,6900,-0.00157315154693,,0.323943661972,1.74665568403,0.851063829787,1,1,1,0.999138234586,0.8090759,EXACT_CANONICAL_2023_2026,,,,not_requested_historical,,,2026-09-19T23:38:33.900788+09:00,2026-09-19T23:38:33.900788+09:00
2023-01-04|3133|dual_top1_agreement,2023-01-04,3133,海帆,,,dual_top1_agreement,2条件一致リバウンド,2023-01,mature,2023-01-05,279,2023-01-12,348,0.247311827957,6900,-0.00157315154693,,0.323943661972,1.74665568403,0.851063829787,1,1,1,0.999138234586,0.8090759,EXACT_CANONICAL_2023_2026,,,,not_requested_historical,,,2026-09-19T23:38:33.900788+09:00,2026-09-19T23:38:33.900788+09:00
2023-01-04|3133|mean_rank_volr20_body_pct,2023-01-04,3133,海帆,,,mean_rank_volr20_body_pct,静かな売られ過ぎバランス,2023-01,mature,2023-01-05,279,2023-01-12,348,0.247311827957,6900,-0.00157315154693,,0.323943661972,1.74665568403,0.851063829787,1,1,1,0.999138234586,0.8090759,EXACT_CANONICAL_2023_2026,,,,not_requested_historical,,,2026-09-19T23:38:33.900788+09:00,2026-09-19T23:38:33.900788+09:00
2023-01-04|3133|volr20_low,2023-01-04,3133,海帆,,,volr20_low,出来高沈静リバウンド,2023-01,mature,2023-01-05,279,2023-01-12,348,0.247311827957,6900,-0.00157315154693,,0.323943661972,1.74665568403,0.851063829787,1,1,1,0.999138234586,0.8090759,EXACT_CANONICAL_2023_2026,,,,not_requested_historical,,,2026-09-19T23:38:33.900788+09:00,2026-09-19T23:38:33.900788+09:00
2023-01-05|3133|body_pct_low,2023-01-05,3133,海帆,,,body_pct_low,陰線沈み込みリバウンド,2023-01,mature,2023-01-06,284,2023-01-13,300,0.056338028169,1600,-0.00940623162845,,0.295454545455,1.4097944536,0.24,1,1,1,0.999342093071,0.817761,EXACT_CANONICAL_2023_2026,,,,not_requested_historical,,,2026-09-19T23:38:33.900788+09:00,2026-09-19T23:38:33.900788+09:00
2023-01-05|3133|dual_top1_agreement,2023-01-05,3133,海帆,,,dual_top1_agreement,2条件一致リバウンド,2023-01,mature,2023-01-06,284,2023-01-13,300,0.056338028169,1600,-0.00940623162845,,0.295454545455,1.4097944536,0.24,1,1,1,0.999342093071,0.817761,EXACT_CANONICAL_2023_2026,,,,not_requested_historical,,,2026-09-19T23:38:33.900788+09:00,2026-09-19T23:38:33.900788+09:00
2023-01-05|3133|dual_top1_agreement_g3_no_acute_selloff,2023-01-05,3133,海帆,,,dual_top1_agreement_g3_no_acute_selloff,地合い安定・2条件一致,2023-01,mature,2023-01-06,284,2023-01-13,300,0.056338028169,1600,-0.00940623162845,,0.295454545455,1.4097944536,0.24,1,1,1,0.999342093071,0.817761,EXACT_CANONICAL_2023_2026,,,,not_requested_historical,,,2026-09-19T23:38:33.900788+09:00,2026-09-19T23:38:33.900788+09:00
2023-01-05|3133|mean_rank_volr20_body_pct,2023-01-05,3133,海帆,,,mean_rank_volr20_body_pct,静かな売られ過ぎバランス,2023-01,mature,2023-01-06,284,2023-01-13,300,0.056338028169,1600,-0.00940623162845,,0.295454545455,1.4097944536,0.24,1,1,1,0.999342093071,0.817761,EXACT_CANONICAL_2023_2026,,,,not_requested_historical,,,2026-09-19T23:38:33.900788+09:00,2026-09-19T23:38:33.900788+09:00
2023-01-05|3133|volr20_low,2023-01-05,3133,海帆,,,volr20_low,出来高沈静リバウンド,2023-01,mature,2023-01-06,284,2023-01-13,300,0.056338028169,1600,-0.00940623162845,,0.295454545455,1.4097944536,0.24,1,1,1,0.999342093071,0.817761,EXACT_CANONICAL_2023_2026,,,,not_requested_historical,,,2026-09-19T23:38:33.900788+09:00,2026-09-19T23:38:33.900788+09:00
2023-01-06|3133|body_pct_low,2023-01-06,3133,海帆,,,body_pct_low,陰線沈み込みリバウンド,2023-01,mature,2023-01-10,326,2023-01-16,298,-0.0858895705521,-2800,-0.00328138038709,,0.285123966942,1.36860071358,0.6,1,1,1,0.999754443188,0.83848786,EXACT_CANONICAL_2023_2026,,,,not_requested_historical,,,2026-09-19T23:38:33.900788+09:00,2026-09-19T23:38:33.900788+09:00
2023-01-06|3133|dual_top1_agreement,2023-01-06,3133,海帆,,,dual_top1_agreement,2条件一致リバウンド,2023-01,mature,2023-01-10,326,2023-01-16,298,-0.0858895705521,-2800,-0.00328138038709,,0.285123966942,1.36860071358,0.6,1,1,1,0.999754443188,0.83848786,EXACT_CANONICAL_2023_2026,,,,not_requested_historical,,,2026-09-19T23:38:33.900788+09:00,2026-09-19T23:38:33.900788+09:00
2023-01-06|3133|dual_top1_agreement_g3_no_acute_selloff,2023-01-06,3133,海帆,,,dual_top1_agreement_g3_no_acute_selloff,地合い安定・2条件一致,2023-01,mature,2023-01-10,326,2023-01-16,298,-0.0858895705521,-2800,-0.00328138038709,,0.285123966942,1.36860071358,0.6,1,1,1,0.999754443188,0.83848786,EXACT_CANONICAL_2023_2026,,,,not_requested_historical,,,2026-09-19T23:38:33.900788+09:00,2026-09-19T23:38:33.900788+09:00
2023-01-06|3133|mean_rank_volr20_body_pct,2023-01-06,3133,海帆,,,mean_rank_volr20_body_pct,静かな売られ過ぎバランス,2023-01,mature,2023-01-10,326,2023-01-16,298,-0.0858895705521,-2800,-0.00328138038709,,0.285123966942,1.36860071358,0.6,1,1,1,0.999754443188,0.83848786,EXACT_CANONICAL_2023_2026,,,,not_requested_historical,,,2026-09-19T23:38:33.900788+09:00,2026-09-19T23:38:33.900788+09:00
2023-01-06|3133|volr20_low,2023-01-06,3133,海帆,,,volr20_low,出来高沈静リバウンド,2023-01,mature,2023-01-10,326,2023-01-16,298,-0.0858895705521,-2800,-0.00328138038709,,0.285123966942,1.36860071358,0.6,1,1,1,0.999754443188,0.83848786,EXACT_CANONICAL_2023_2026,,,,not_requested_historical,,,2026-09-19T23:38:33.900788+09:00,2026-09-19T23:38:33.900788+09:00
2023-02-02|7037|body_pct_low,2023-02-02,7037,テノ．ホールディングス,,,body_pct_low,陰線沈み込みリバウンド,2023-02,mature,2023-02-03,1080,2023-02-09,922,-0.146296296296,-15800,0,,0.506024096386,1.53975084511,0.903703703704,1,1,1,0.999322005524,0.8218695,EXACT_CANONICAL_2023_2026,,,,not_requested_historical,,,2026-09-19T23:38:33.900788+09:00,2026-09-19T23:38:33.900788+09:00
2023-02-02|7037|dual_top1_agreement,2023-02-02,7037,テノ．ホールディングス,,,dual_top1_agreement,2条件一致リバウンド,2023-02,mature,2023-02-03,1080,2023-02-09,922,-0.146296296296,-15800,0,,0.506024096386,1.53975084511,0.903703703704,1,1,1,0.999322005524,0.8218695,EXACT_CANONICAL_2023_2026,,,,not_requested_historical,,,2026-09-19T23:38:33.900788+09:00,2026-09-19T23:38:33.900788+09:00
2023-02-02|7037|dual_top1_agreement_g3_no_acute_selloff,2023-02-02,7037,テノ．ホールディングス,,,dual_top1_agreement_g3_no_acute_selloff,地合い安定・2条件一致,2023-02,mature,2023-02-03,1080,2023-02-09,922,-0.146296296296,-15800,0,,0.506024096386,1.53975084511,0.903703703704,1,1,1,0.999322005524,0.8218695,EXACT_CANONICAL_2023_2026,,,,not_requested_historical,,,2026-09-19T23:38:33.900788+09:00,2026-09-19T23:38:33.900788+09:00
2023-02-02|7037|mean_rank_volr20_body_pct,2023-02-02,7037,テノ．ホールディングス,,,mean_rank_volr20_body_pct,静かな売られ過ぎバランス,2023-02,mature,2023-02-03,1080,2023-02-09,922,-0.146296296296,-15800,0,,0.506024096386,1.53975084511,0.903703703704,1,1,1,0.999322005524,0.8218695,EXACT_CANONICAL_2023_2026,,,,not_requested_historical,,,2026-09-19T23:38:33.900788+09:00,2026-09-19T23:38:33.900788+09:00
2023-02-02|7037|volr20_low,2023-02-02,7037,テノ．ホールディングス,,,volr20_low,出来高沈静リバウンド,2023-02,mature,2023-02-03,1080,2023-02-09,922,-0.146296296296,-15800,0,,0.506024096386,1.53975084511,0.903703703704,1,1,1,0.999322005524,0.8218695,EXACT_CANONICAL_2023_2026,,,,not_requested_historical,,,2026-09-19T23:38:33.900788+09:00,2026-09-19T23:38:33.900788+09:00
2023-02-07|4586|body_pct_low,2023-02-07,4586,メドレックス,,,body_pct_low,陰線沈み込みリバウンド,2023-02,mature,2023-02-08,191,2023-02-14,219,0.146596858639,2800,-0.00102406554019,,0.300751879699,1.08978395436,0.615384615385,1,1,1,0.999012304344,0.8120213,EXACT_CANONICAL_2023_2026,,,,not_requested_historical,,,2026-09-19T23:38:33.900788+09:00,2026-09-19T23:38:33.900788+09:00
2023-02-07|4586|dual_top1_agreement,2023-02-07,4586,メドレックス,,,dual_top1_agreement,2条件一致リバウンド,2023-02,mature,2023-02-08,191,2023-02-14,219,0.146596858639,2800,-0.00102406554019,,0.300751879699,1.08978395436,0.615384615385,1,1,1,0.999012304344,0.8120213,EXACT_CANONICAL_2023_2026,,,,not_requested_historical,,,2026-09-19T23:38:33.900788+09:00,2026-09-19T23:38:33.900788+09:00
2023-02-07|4586|dual_top1_agreement_g3_no_acute_selloff,2023-02-07,4586,メドレックス,,,dual_top1_agreement_g3_no_acute_selloff,地合い安定・2条件一致,2023-02,mature,2023-02-08,191,2023-02-14,219,0.146596858639,2800,-0.00102406554019,,0.300751879699,1.08978395436,0.615384615385,1,1,1,0.999012304344,0.8120213,EXACT_CANONICAL_2023_2026,,,,not_requested_historical,,,2026-09-19T23:38:33.900788+09:00,2026-09-19T23:38:33.900788+09:00
2023-02-07|4586|mean_rank_volr20_body_pct,2023-02-07,4586,メドレックス,,,mean_rank_volr20_body_pct,静かな売られ過ぎバランス,2023-02,mature,2023-02-08,191,2023-02-14,219,0.146596858639,2800,-0.00102406554019,,0.300751879699,1.08978395436,0.615384615385,1,1,1,0.999012304344,0.8120213,EXACT_CANONICAL_2023_2026,,,,not_requested_historical,,,2026-09-19T23:38:33.900788+09:00,2026-09-19T23:38:33.900788+09:00
2023-02-07|4586|volr20_low,2023-02-07,4586,メドレックス,,,volr20_low,出来高沈静リバウンド,2023-02,mature,2023-02-08,191,2023-02-14,219,0.146596858639,2800,-0.00102406554019,,0.300751879699,1.08978395436,0.615384615385,1,1,1,0.999012304344,0.8120213,EXACT_CANONICAL_2023_2026,,,,not_requested_historical,,,2026-09-19T23:38:33.900788+09:00,2026-09-19T23:38:33.900788+09:00
2023-02-08|4586|body_pct_low,2023-02-08,4586,メドレックス,,,body_pct_low,陰線沈み込みリバウンド,2023-02,mature,2023-02-09,184,2023-02-15,214,0.163043478261,3000,0,,0.191082802548,2.97274683849,-0.190476190476,1,1,1,0.999435004604,0.8265167,EXACT_CANONICAL_2023_2026,,,,not_requested_historical,,,2026-09-19T23:38:33.900788+09:00,2026-09-19T23:38:33.900788+09:00
2023-02-08|4586|dual_top1_agreement,2023-02-08,4586,メドレックス,,,dual_top1_agreement,2条件一致リバウンド,2023-02,mature,2023-02-09,184,2023-02-15,214,0.163043478261,3000,0,,0.191082802548,2.97274683849,-0.190476190476,1,1,1,0.999435004604,0.8265167,EXACT_CANONICAL_2023_2026,,,,not_requested_historical,,,2026-09-19T23:38:33.900788+09:00,2026-09-19T23:38:33.900788+09:00
2023-02-08|4586|dual_top1_agreement_g3_no_acute_selloff,2023-02-08,4586,メドレックス,,,dual_top1_agreement_g3_no_acute_selloff,地合い安定・2条件一致,2023-02,mature,2023-02-09,184,2023-02-15,214,0.163043478261,3000,0,,0.191082802548,2.97274683849,-0.190476190476,1,1,1,0.999435004604,0.8265167,EXACT_CANONICAL_2023_2026,,,,not_requested_historical,,,2026-09-19T23:38:33.900788+09:00,2026-09-19T23:38:33.900788+09:00
2023-02-08|4586|mean_rank_volr20_body_pct,2023-02-08,4586,メドレックス,,,mean_rank_volr20_body_pct,静かな売られ過ぎバランス,2023-02,mature,2023-02-09,184,2023-02-15,214,0.163043478261,3000,0,,0.191082802548,2.97274683849,-0.190476190476,1,1,1,0.999435004604,0.8265167,EXACT_CANONICAL_2023_2026,,,,not_requested_historical,,,2026-09-19T23:38:33.900788+09:00,2026-09-19T23:38:33.900788+09:00
2023-02-08|4586|volr20_low,2023-02-08,4586,メドレックス,,,volr20_low,出来高沈静リバウンド,2023-02,mature,2023-02-09,184,2023-02-15,214,0.163043478261,3000,0,,0.191082802548,2.97274683849,-0.190476190476,1,1,1,0.999435004604,0.8265167,EXACT_CANONICAL_2023_2026,,,,not_requested_historical,,,2026-09-19T23:38:33.900788+09:00,2026-09-19T23:38:33.900788+09:00
2023-02-15|4586|body_pct_low,2023-02-15,4586,メドレックス,,,body_pct_low,陰線沈み込みリバウンド,2023-02,mature,2023-02-16,198,2023-02-22,200,0.010101010101,200,0,,0.455782312925,0.514144514829,-0.36,1,1,1,0.999761446388,0.8440245,EXACT_CANONICAL_2023_2026,,,,not_requested_historical,,,2026-09-19T23:38:33.900788+09:00,2026-09-19T23:38:33.900788+09:00
2023-02-15|4586|dual_top1_agreement,2023-02-15,4586,メドレックス,,,dual_top1_agreement,2条件一致リバウンド,2023-02,mature,2023-02-16,198,2023-02-22,200,0.010101010101,200,0,,0.455782312925,0.514144514829,-0.36,1,1,1,0.999761446388,0.8440245,EXACT_CANONICAL_2023_2026,,,,not_requested_historical,,,2026-09-19T23:38:33.900788+09:00,2026-09-19T23:38:33.900788+09:00
2023-02-15|4586|dual_top1_agreement_g3_no_acute_selloff,2023-02-15,4586,メドレックス,,,dual_top1_agreement_g3_no_acute_selloff,地合い安定・2条件一致,2023-02,mature,2023-02-16,198,2023-02-22,200,0.010101010101,200,0,,0.455782312925,0.514144514829,-0.36,1,1,1,0.999761446388,0.8440245,EXACT_CANONICAL_2023_2026,,,,not_requested_historical,,,2026-09-19T23:38:33.900788+09:00,2026-09-19T23:38:33.900788+09:00
2023-02-15|4586|mean_rank_volr20_body_pct,2023-02-15,4586,メドレックス,,,mean_rank_volr20_body_pct,静かな売られ過ぎバランス,2023-02,mature,2023-02-16,198,2023-02-22,200,0.010101010101,200,0,,0.455782312925,0.514144514829,-0.36,1,1,1,0.999761446388,0.8440245,EXACT_CANONICAL_2023_2026,,,,not_requested_historical,,,2026-09-19T23:38:33.900788+09:00,2026-09-19T23:38:33.900788+09:00
2023-02-15|4586|volr20_low,2023-02-15,4586,メドレックス,,,volr20_low,出来高沈静リバウンド,2023-02,mature,2023-02-16,198,2023-02-22,200,0.010101010101,200,0,,0.455782312925,0.514144514829,-0.36,1,1,1,0.999761446388,0.8440245,EXACT_CANONICAL_2023_2026,,,,not_requested_historical,,,2026-09-19T23:38:33.900788+09:00,2026-09-19T23:38:33.900788+09:00
2023-03-15|7138|body_pct_low,2023-03-15,7138,ＴＯＲＩＣＯ,,,body_pct_low,陰線沈み込みリバウンド,2023-03,mature,2023-03-16,318,2023-03-23,326.200012207,0.0257862019089,820.001220703,-0.0303392489802,,0.276150681932,7.68504839147,-0.381944505153,1,1,1,0.999061906512,0.8188134,EXACT_CANONICAL_2023_2026,,,,not_requested_historical,,,2026-09-19T23:38:33.900788+09:00,2026-09-19T23:38:33.900788+09:00
2023-03-15|7138|dual_top1_agreement,2023-03-15,7138,ＴＯＲＩＣＯ,,,dual_top1_agreement,2条件一致リバウンド,2023-03,mature,2023-03-16,318,2023-03-23,326.200012207,0.0257862019089,820.001220703,-0.0303392489802,,0.276150681932,7.68504839147,-0.381944505153,1,1,1,0.999061906512,0.8188134,EXACT_CANONICAL_2023_2026,,,,not_requested_historical,,,2026-09-19T23:38:33.900788+09:00,2026-09-19T23:38:33.900788+09:00
2023-03-15|7138|dual_top1_agreement_g3_no_acute_selloff,2023-03-15,7138,ＴＯＲＩＣＯ,,,dual_top1_agreement_g3_no_acute_selloff,地合い安定・2条件一致,2023-03,mature,2023-03-16,318,2023-03-23,326.200012207,0.0257862019089,820.001220703,-0.0303392489802,,0.276150681932,7.68504839147,-0.381944505153,1,1,1,0.999061906512,0.8188134,EXACT_CANONICAL_2023_2026,,,,not_requested_historical,,,2026-09-19T23:38:33.900788+09:00,2026-09-19T23:38:33.900788+09:00
2023-03-15|7138|mean_rank_volr20_body_pct,2023-03-15,7138,ＴＯＲＩＣＯ,,,mean_rank_volr20_body_pct,静かな売られ過ぎバランス,2023-03,mature,2023-03-16,318,2023-03-23,326.200012207,0.0257862019089,820.001220703,-0.0303392489802,,0.276150681932,7.68504839147,-0.381944505153,1,1,1,0.999061906512,0.8188134,EXACT_CANONICAL_2023_2026,,,,not_requested_historical,,,2026-09-19T23:38:33.900788+09:00,2026-09-19T23:38:33.900788+09:00
2023-03-15|7138|volr20_low,2023-03-15,7138,ＴＯＲＩＣＯ,,,volr20_low,出来高沈静リバウンド,2023-03,mature,2023-03-16,318,2023-03-23,326.200012207,0.0257862019089,820.001220703,-0.0303392489802,,0.276150681932,7.68504839147,-0.381944505153,1,1,1,0.999061906512,0.8188134,EXACT_CANONICAL_2023_2026,,,,not_requested_historical,,,2026-09-19T23:38:33.900788+09:00,2026-09-19T23:38:33.900788+09:00
2023-03-16|7776|body_pct_low,2023-03-16,7776,セルシード,,,body_pct_low,陰線沈み込みリバウンド,2023-03,mature,2023-03-17,605,2023-03-24,977,0.614876033058,37200,-0.047569215985,,0.432835820896,2.18482743519,0.206896551724,1,1,1,0.999467775531,0.8316152,EXACT_CANONICAL_2023_2026,,,,not_requested_historical,,,2026-09-19T23:38:33.900788+09:00,2026-09-19T23:38:33.900788+09:00
2023-03-16|7776|dual_top1_agreement,2023-03-16,7776,セルシード,,,dual_top1_agreement,2条件一致リバウンド,2023-03,mature,2023-03-17,605,2023-03-24,977,0.614876033058,37200,-0.047569215985,,0.432835820896,2.18482743519,0.206896551724,1,1,1,0.999467775531,0.8316152,EXACT_CANONICAL_2023_2026,,,,not_requested_historical,,,2026-09-19T23:38:33.900788+09:00,2026-09-19T23:38:33.900788+09:00
2023-03-16|7776|mean_rank_volr20_body_pct,2023-03-16,7776,セルシード,,,mean_rank_volr20_body_pct,静かな売られ過ぎバランス,2023-03,mature,2023-03-17,605,2023-03-24,977,0.614876033058,37200,-0.047569215985,,0.432835820896,2.18482743519,0.206896551724,1,1,1,0.999467775531,0.8316152,EXACT_CANONICAL_2023_2026,,,,not_requested_historical,,,2026-09-19T23:38:33.900788+09:00,2026-09-19T23:38:33.900788+09:00
2023-03-16|7776|volr20_low,2023-03-16,7776,セルシード,,,volr20_low,出来高沈静リバウンド,2023-03,mature,2023-03-17,605,2023-03-24,977,0.614876033058,37200,-0.047569215985,,0.432835820896,2.18482743519,0.206896551724,1,1,1,0.999467775531,0.8316152,EXACT_CANONICAL_2023_2026,,,,not_requested_historical,,,2026-09-19T23:38:33.900788+09:00,2026-09-19T23:38:33.900788+09:00
2023-03-20|7042|body_pct_low,2023-03-20,7042,アクセスグループ・ホールディングス,,,body_pct_low,陰線沈み込みリバウンド,2023-03,mature,2023-03-22,531,2023-03-28,452.5,-0.147834274953,-7850,-0.0293781310051,,0.532786885246,12.1887658907,0.244845360825,1,1,1,0.999349077988,0.8280671,EXACT_CANONICAL_2023_2026,,,,not_requested_historical,,,2026-09-19T23:38:33.900788+09:00,2026-09-19T23:38:33.900788+09:00
2023-03-20|7042|dual_top1_agreement,2023-03-20,7042,アクセスグループ・ホールディングス,,,dual_top1_agreement,2条件一致リバウンド,2023-03,mature,2023-03-22,531,2023-03-28,452.5,-0.147834274953,-7850,-0.0293781310051,,0.532786885246,12.1887658907,0.244845360825,1,1,1,0.999349077988,0.8280671,EXACT_CANONICAL_2023_2026,,,,not_requested_historical,,,2026-09-19T23:38:33.900788+09:00,2026-09-19T23:38:33.900788+09:00
2023-03-20|7042|mean_rank_volr20_body_pct,2023-03-20,7042,アクセスグループ・ホールディングス,,,mean_rank_volr20_body_pct,静かな売られ過ぎバランス,2023-03,mature,2023-03-22,531,2023-03-28,452.5,-0.147834274953,-7850,-0.0293781310051,,0.532786885246,12.1887658907,0.244845360825,1,1,1,0.999349077988,0.8280671,EXACT_CANONICAL_2023_2026,,,,not_requested_historical,,,2026-09-19T23:38:33.900788+09:00,2026-09-19T23:38:33.900788+09:00
2023-03-20|7042|volr20_low,2023-03-20,7042,アクセスグループ・ホールディングス,,,volr20_low,出来高沈静リバウンド,2023-03,mature,2023-03-22,531,2023-03-28,452.5,-0.147834274953,-7850,-0.0293781310051,,0.532786885246,12.1887658907,0.244845360825,1,1,1,0.999349077988,0.8280671,EXACT_CANONICAL_2023_2026,,,,not_requested_historical,,,2026-09-19T23:38:33.900788+09:00,2026-09-19T23:38:33.900788+09:00
2023-04-05|7776|body_pct_low,2023-04-05,7776,セルシード,,,body_pct_low,陰線沈み込みリバウンド,2023-04,mature,2023-04-06,572,2023-04-12,500,-0.125874125874,-7200,-0.0109126984127,,-0.296296296296,1.71844786508,-0.279279279279,1,1,1,0.99942591523,0.8327351,EXACT_CANONICAL_2023_2026,,,,not_requested_historical,,,2026-09-19T23:38:33.900788+09:00,2026-09-19T23:38:33.900788+09:00
2023-04-05|7776|dual_top1_agreement,2023-04-05,7776,セルシード,,,dual_top1_agreement,2条件一致リバウンド,2023-04,mature,2023-04-06,572,2023-04-12,500,-0.125874125874,-7200,-0.0109126984127,,-0.296296296296,1.71844786508,-0.279279279279,1,1,1,0.99942591523,0.8327351,EXACT_CANONICAL_2023_2026,,,,not_requested_historical,,,2026-09-19T23:38:33.900788+09:00,2026-09-19T23:38:33.900788+09:00
2023-04-05|7776|mean_rank_volr20_body_pct,2023-04-05,7776,セルシード,,,mean_rank_volr20_body_pct,静かな売られ過ぎバランス,2023-04,mature,2023-04-06,572,2023-04-12,500,-0.125874125874,-7200,-0.0109126984127,,-0.296296296296,1.71844786508,-0.279279279279,1,1,1,0.99942591523,0.8327351,EXACT_CANONICAL_2023_2026,,,,not_requested_historical,,,2026-09-19T23:38:33.900788+09:00,2026-09-19T23:38:33.900788+09:00
2023-04-05|7776|volr20_low,2023-04-05,7776,セルシード,,,volr20_low,出来高沈静リバウンド,2023-04,mature,2023-04-06,572,2023-04-12,500,-0.125874125874,-7200,-0.0109126984127,,-0.296296296296,1.71844786508,-0.279279279279,1,1,1,0.99942591523,0.8327351,EXACT_CANONICAL_2023_2026,,,,not_requested_historical,,,2026-09-19T23:38:33.900788+09:00,2026-09-19T23:38:33.900788+09:00
2023-04-06|6775|body_pct_low,2023-04-06,6775,ＴＢグループ,,,body_pct_low,陰線沈み込みリバウンド,2023-04,mature,2023-04-07,308,2023-04-13,305,-0.00974025974026,-300,-0.0109170305677,,0.323651452282,3.33032917917,0.511904761905,0.5,0.5,0.5,0.999857348633,0.8540315,EXACT_CANONICAL_2023_2026,,,,not_requested_historical,,,2026-09-19T23:38:33.900788+09:00,2026-09-19T23:38:33.900788+09:00
2023-04-06|6775|dual_top1_agreement,2023-04-06,6775,ＴＢグループ,,,dual_top1_agreement,2条件一致リバウンド,2023-04,mature,2023-04-07,308,2023-04-13,305,-0.00974025974026,-300,-0.0109170305677,,0.323651452282,3.33032917917,0.511904761905,0.5,0.5,0.5,0.999857348633,0.8540315,EXACT_CANONICAL_2023_2026,,,,not_requested_historical,,,2026-09-19T23:38:33.900788+09:00,2026-09-19T23:38:33.900788+09:00
2023-04-06|6775|dual_top1_agreement_g3_no_acute_selloff,2023-04-06,6775,ＴＢグループ,,,dual_top1_agreement_g3_no_acute_selloff,地合い安定・2条件一致,2023-04,mature,2023-04-07,308,2023-04-13,305,-0.00974025974026,-300,-0.0109170305677,,0.323651452282,3.33032917917,0.511904761905,0.5,0.5,0.5,0.999857348633,0.8540315,EXACT_CANONICAL_2023_2026,,,,not_requested_historical,,,2026-09-19T23:38:33.900788+09:00,2026-09-19T23:38:33.900788+09:00
2023-04-06|6775|mean_rank_volr20_body_pct,2023-04-06,6775,ＴＢグループ,,,mean_rank_volr20_body_pct,静かな売られ過ぎバランス,2023-04,mature,2023-04-07,308,2023-04-13,305,-0.00974025974026,-300,-0.0109170305677,,0.323651452282,3.33032917917,0.511904761905,0.5,0.5,0.5,0.999857348633,0.8540315,EXACT_CANONICAL_2023_2026,,,,not_requested_historical,,,2026-09-19T23:38:33.900788+09:00,2026-09-19T23:38:33.900788+09:00
2023-04-06|6775|volr20_low,2023-04-06,6775,ＴＢグループ,,,volr20_low,出来高沈静リバウンド,2023-04,mature,2023-04-07,308,2023-04-13,305,-0.00974025974026,-300,-0.0109170305677,,0.323651452282,3.33032917917,0.511904761905,0.5,0.5,0.5,0.999857348633,0.8540315,EXACT_CANONICAL_2023_2026,,,,not_requested_historical,,,2026-09-19T23:38:33.900788+09:00,2026-09-19T23:38:33.900788+09:00
2023-04-07|7997|body_pct_low,2023-04-07,7997,くろがね工作所,,,body_pct_low,陰線沈み込みリバウンド,2023-04,mature,2023-04-10,758,2023-04-14,949,0.251978891821,19100,-0.0149382472342,,0.503480278422,13.3814351167,-0.145922746781,1,0.333333333333,0.666666666667,0.999502459866,0.8365561,EXACT_CANONICAL_2023_2026,,,,not_requested_historical,,,2026-09-19T23:38:33.900788+09:00,2026-09-19T23:38:33.900788+09:00
2023-04-07|6775|mean_rank_volr20_body_pct,2023-04-07,6775,ＴＢグループ,,,mean_rank_volr20_body_pct,静かな売られ過ぎバランス,2023-04,mature,2023-04-10,329,2023-04-14,312,-0.0516717325228,-1700,-0.0149382472342,,0.275303643725,1.62018726781,0.159090909091,0.333333333333,0.666666666667,0.5,0.999439832437,0.8335451,EXACT_CANONICAL_2023_2026,,,,not_requested_historical,,,2026-09-19T23:38:33.900788+09:00,2026-09-19T23:38:33.900788+09:00
2023-04-07|6775|volr20_low,2023-04-07,6775,ＴＢグループ,,,volr20_low,出来高沈静リバウンド,2023-04,mature,2023-04-10,329,2023-04-14,312,-0.0516717325228,-1700,-0.0149382472342,,0.275303643725,1.62018726781,0.159090909091,0.333333333333,0.666666666667,0.5,0.999439832437,0.8335451,EXACT_CANONICAL_2023_2026,,,,not_requested_historical,,,2026-09-19T23:38:33.900788+09:00,2026-09-19T23:38:33.900788+09:00
2023-04-10|7692|body_pct_low,2023-04-10,7692,アースインフィニティ,,,body_pct_low,陰線沈み込みリバウンド,2023-04,mature,2023-04-11,799.666687012,2023-04-17,793,-0.00833683223273,-666.668701172,-0.0178343949045,,0.439574218428,5.59456676459,-0.214285714286,1,0.5,0.75,0.999314577578,0.8286214,EXACT_CANONICAL_2023_2026,,,,not_requested_historical,,,2026-09-19T23:38:33.900788+09:00,2026-09-19T23:38:33.900788+09:00
2023-04-10|7692|mean_rank_volr20_body_pct,2023-04-10,7692,アースインフィニティ,,,mean_rank_volr20_body_pct,静かな売られ過ぎバランス,2023-04,mature,2023-04-11,799.666687012,2023-04-17,793,-0.00833683223273,-666.668701172,-0.0178343949045,,0.439574218428,5.59456676459,-0.214285714286,1,0.5,0.75,0.999314577578,0.8286214,EXACT_CANONICAL_2023_2026,,,,not_requested_historical,,,2026-09-19T23:38:33.900788+09:00,2026-09-19T23:38:33.900788+09:00
2023-04-10|6775|volr20_low,2023-04-10,6775,ＴＢグループ,,,volr20_low,出来高沈静リバウンド,2023-04,mature,2023-04-11,341,2023-04-17,322,-0.0557184750733,-1900,-0.0178343949045,,0.393700787402,1.17078373419,0.595238095238,0.5,1,0.75,0.999091902273,0.8200797,EXACT_CANONICAL_2023_2026,,,,not_requested_historical,,,2026-09-19T23:38:33.900788+09:00,2026-09-19T23:38:33.900788+09:00
2023-04-26|6927|body_pct_low,2023-04-26,6927,ヘリオス　テクノ　ホールディング,,,body_pct_low,陰線沈み込みリバウンド,2023-04,mature,2023-04-27,646,2023-05-08,770,0.191950464396,12400,-0.00437158469945,,0.306666666667,3.81621836302,-0.170454545455,1,1,1,0.999874745141,0.85506755,EXACT_CANONICAL_2023_2026,,,,not_requested_historical,,,2026-09-19T23:38:33.900788+09:00,2026-09-19T23:38:33.900788+09:00
2023-04-26|6927|dual_top1_agreement,2023-04-26,6927,ヘリオス　テクノ　ホールディング,,,dual_top1_agreement,2条件一致リバウンド,2023-04,mature,2023-04-27,646,2023-05-08,770,0.191950464396,12400,-0.00437158469945,,0.306666666667,3.81621836302,-0.170454545455,1,1,1,0.999874745141,0.85506755,EXACT_CANONICAL_2023_2026,,,,not_requested_historical,,,2026-09-19T23:38:33.900788+09:00,2026-09-19T23:38:33.900788+09:00
2023-04-26|6927|dual_top1_agreement_g3_no_acute_selloff,2023-04-26,6927,ヘリオス　テクノ　ホールディング,,,dual_top1_agreement_g3_no_acute_selloff,地合い安定・2条件一致,2023-04,mature,2023-04-27,646,2023-05-08,770,0.191950464396,12400,-0.00437158469945,,0.306666666667,3.81621836302,-0.170454545455,1,1,1,0.999874745141,0.85506755,EXACT_CANONICAL_2023_2026,,,,not_requested_historical,,,2026-09-19T23:38:33.900788+09:00,2026-09-19T23:38:33.900788+09:00
2023-04-26|6927|mean_rank_volr20_body_pct,2023-04-26,6927,ヘリオス　テクノ　ホールディング,,,mean_rank_volr20_body_pct,静かな売られ過ぎバランス,2023-04,mature,2023-04-27,646,2023-05-08,770,0.191950464396,12400,-0.00437158469945,,0.306666666667,3.81621836302,-0.170454545455,1,1,1,0.999874745141,0.85506755,EXACT_CANONICAL_2023_2026,,,,not_requested_historical,,,2026-09-19T23:38:33.900788+09:00,2026-09-19T23:38:33.900788+09:00
2023-04-26|6927|volr20_low,2023-04-26,6927,ヘリオス　テクノ　ホールディング,,,volr20_low,出来高沈静リバウンド,2023-04,mature,2023-04-27,646,2023-05-08,770,0.191950464396,12400,-0.00437158469945,,0.306666666667,3.81621836302,-0.170454545455,1,1,1,0.999874745141,0.85506755,EXACT_CANONICAL_2023_2026,,,,not_requested_historical,,,2026-09-19T23:38:33.900788+09:00,2026-09-19T23:38:33.900788+09:00
2023-04-27|6775|body_pct_low,2023-04-27,6775,ＴＢグループ,,,body_pct_low,陰線沈み込みリバウンド,2023-04,mature,2023-04-28,286,2023-05-09,306,0.0699300699301,2000,-0.00416019453182,,-0.0360655737705,3.23062520241,0.432835820896,0.5,0.5,0.5,0.999290222467,0.82752013,EXACT_CANONICAL_2023_2026,,,,not_requested_historical,,,2026-09-19T23:38:33.900788+09:00,2026-09-19T23:38:33.900788+09:00
2023-04-27|6775|dual_top1_agreement,2023-04-27,6775,ＴＢグループ,,,dual_top1_agreement,2条件一致リバウンド,2023-04,mature,2023-04-28,286,2023-05-09,306,0.0699300699301,2000,-0.00416019453182,,-0.0360655737705,3.23062520241,0.432835820896,0.5,0.5,0.5,0.999290222467,0.82752013,EXACT_CANONICAL_2023_2026,,,,not_requested_historical,,,2026-09-19T23:38:33.900788+09:00,2026-09-19T23:38:33.900788+09:00
2023-04-27|6775|dual_top1_agreement_g3_no_acute_selloff,2023-04-27,6775,ＴＢグループ,,,dual_top1_agreement_g3_no_acute_selloff,地合い安定・2条件一致,2023-04,mature,2023-04-28,286,2023-05-09,306,0.0699300699301,2000,-0.00416019453182,,-0.0360655737705,3.23062520241,0.432835820896,0.5,0.5,0.5,0.999290222467,0.82752013,EXACT_CANONICAL_2023_2026,,,,not_requested_historical,,,2026-09-19T23:38:33.900788+09:00,2026-09-19T23:38:33.900788+09:00
2023-04-27|6775|mean_rank_volr20_body_pct,2023-04-27,6775,ＴＢグループ,,,mean_rank_volr20_body_pct,静かな売られ過ぎバランス,2023-04,mature,2023-04-28,286,2023-05-09,306,0.0699300699301,2000,-0.00416019453182,,-0.0360655737705,3.23062520241,0.432835820896,0.5,0.5,0.5,0.999290222467,0.82752013,EXACT_CANONICAL_2023_2026,,,,not_requested_historical,,,2026-09-19T23:38:33.900788+09:00,2026-09-19T23:38:33.900788+09:00
2023-04-27|6775|volr20_low,2023-04-27,6775,ＴＢグループ,,,volr20_low,出来高沈静リバウンド,2023-04,mature,2023-04-28,286,2023-05-09,306,0.0699300699301,2000,-0.00416019453182,,-0.0360655737705,3.23062520241,0.432835820896,0.5,0.5,0.5,0.999290222467,0.82752013,EXACT_CANONICAL_2023_2026,,,,not_requested_historical,,,2026-09-19T23:38:33.900788+09:00,2026-09-19T23:38:33.900788+09:00
2023-05-16|3192|body_pct_low,2023-05-16,3192,白鳩,,,body_pct_low,陰線沈み込みリバウンド,2023-05,mature,2023-05-17,484,2023-05-23,418,-0.136363636364,-6600,-0.00512382952656,,0.337142857143,9.70611801064,0.774193548387,1,1,1,0.999755490997,0.8378784,EXACT_CANONICAL_2023_2026,,,,not_requested_historical,,,2026-09-19T23:38:33.900788+09:00,2026-09-19T23:38:33.900788+09:00
2023-05-16|3192|dual_top1_agreement,2023-05-16,3192,白鳩,,,dual_top1_agreement,2条件一致リバウンド,2023-05,mature,2023-05-17,484,2023-05-23,418,-0.136363636364,-6600,-0.00512382952656,,0.337142857143,9.70611801064,0.774193548387,1,1,1,0.999755490997,0.8378784,EXACT_CANONICAL_2023_2026,,,,not_requested_historical,,,2026-09-19T23:38:33.900788+09:00,2026-09-19T23:38:33.900788+09:00
2023-05-16|3192|dual_top1_agreement_g3_no_acute_selloff,2023-05-16,3192,白鳩,,,dual_top1_agreement_g3_no_acute_selloff,地合い安定・2条件一致,2023-05,mature,2023-05-17,484,2023-05-23,418,-0.136363636364,-6600,-0.00512382952656,,0.337142857143,9.70611801064,0.774193548387,1,1,1,0.999755490997,0.8378784,EXACT_CANONICAL_2023_2026,,,,not_requested_historical,,,2026-09-19T23:38:33.900788+09:00,2026-09-19T23:38:33.900788+09:00
2023-05-16|3192|mean_rank_volr20_body_pct,2023-05-16,3192,白鳩,,,mean_rank_volr20_body_pct,静かな売られ過ぎバランス,2023-05,mature,2023-05-17,484,2023-05-23,418,-0.136363636364,-6600,-0.00512382952656,,0.337142857143,9.70611801064,0.774193548387,1,1,1,0.999755490997,0.8378784,EXACT_CANONICAL_2023_2026,,,,not_requested_historical,,,2026-09-19T23:38:33.900788+09:00,2026-09-19T23:38:33.900788+09:00
2023-05-16|3192|volr20_low,2023-05-16,3192,白鳩,,,volr20_low,出来高沈静リバウンド,2023-05,mature,2023-05-17,484,2023-05-23,418,-0.136363636364,-6600,-0.00512382952656,,0.337142857143,9.70611801064,0.774193548387,1,1,1,0.999755490997,0.8378784,EXACT_CANONICAL_2023_2026,,,,not_requested_historical,,,2026-09-19T23:38:33.900788+09:00,2026-09-19T23:38:33.900788+09:00
2023-05-17|2435|body_pct_low,2023-05-17,2435,シダー,,,body_pct_low,陰線沈み込みリバウンド,2023-05,mature,2023-05-18,267,2023-05-24,273,0.0224719101124,600,-0.00189049596929,,0.322727272727,3.20863266313,-0.698630136986,0.666666666667,0.333333333333,0.5,0.999668625956,0.8338946,EXACT_CANONICAL_2023_2026,,,,not_requested_historical,,,2026-09-19T23:38:33.900788+09:00,2026-09-19T23:38:33.900788+09:00
2023-05-17|2435|mean_rank_volr20_body_pct,2023-05-17,2435,シダー,,,mean_rank_volr20_body_pct,静かな売られ過ぎバランス,2023-05,mature,2023-05-18,267,2023-05-24,273,0.0224719101124,600,-0.00189049596929,,0.322727272727,3.20863266313,-0.698630136986,0.666666666667,0.333333333333,0.5,0.999668625956,0.8338946,EXACT_CANONICAL_2023_2026,,,,not_requested_historical,,,2026-09-19T23:38:33.900788+09:00,2026-09-19T23:38:33.900788+09:00
2023-05-17|3133|volr20_low,2023-05-17,3133,海帆,,,volr20_low,出来高沈静リバウンド,2023-05,mature,2023-05-18,547,2023-05-24,606,0.107861060329,5900,-0.00189049596929,,0.220779220779,1.28816635354,-0.015873015873,0.333333333333,1,0.666666666667,0.999903483288,0.85083115,EXACT_CANONICAL_2023_2026,,,,not_requested_historical,,,2026-09-19T23:38:33.900788+09:00,2026-09-19T23:38:33.900788+09:00
2023-05-18|7538|body_pct_low,2023-05-18,7538,大水,,,body_pct_low,陰線沈み込みリバウンド,2023-05,mature,2023-05-19,362,2023-05-25,314,-0.132596685083,-4800,0,,0.4765625,9.29248922169,0.201550387597,1,0.5,0.75,0.999195694068,0.8169079,EXACT_CANONICAL_2023_2026,,,,not_requested_historical,,,2026-09-19T23:38:33.900788+09:00,2026-09-19T23:38:33.900788+09:00
2023-05-18|3133|mean_rank_volr20_body_pct,2023-05-18,3133,海帆,,,mean_rank_volr20_body_pct,静かな売られ過ぎバランス,2023-05,mature,2023-05-19,645,2023-05-25,551,-0.145736434109,-9400,0,,0.272015655577,1.45746396629,0.786259541985,0.5,1,0.75,0.999205345739,0.81705403,EXACT_CANONICAL_2023_2026,,,,not_requested_historical,,,2026-09-19T23:38:33.900788+09:00,2026-09-19T23:38:33.900788+09:00
2023-05-18|3133|volr20_low,2023-05-18,3133,海帆,,,volr20_low,出来高沈静リバウンド,2023-05,mature,2023-05-19,645,2023-05-25,551,-0.145736434109,-9400,0,,0.272015655577,1.45746396629,0.786259541985,0.5,1,0.75,0.999205345739,0.81705403,EXACT_CANONICAL_2023_2026,,,,not_requested_historical,,,2026-09-19T23:38:33.900788+09:00,2026-09-19T23:38:33.900788+09:00
2023-05-19|3137|body_pct_low,2023-05-19,3137,ファンデリー,,,body_pct_low,陰線沈み込みリバウンド,2023-05,mature,2023-05-22,227,2023-05-26,199,-0.123348017621,-2800,0,,0.107317073171,2.4182148725,0.732394366197,1,1,1,0.999510981993,0.827497,EXACT_CANONICAL_2023_2026,,,,not_requested_historical,,,2026-09-19T23:38:33.900788+09:00,2026-09-19T23:38:33.900788+09:00
2023-05-19|3137|dual_top1_agreement,2023-05-19,3137,ファンデリー,,,dual_top1_agreement,2条件一致リバウンド,2023-05,mature,2023-05-22,227,2023-05-26,199,-0.123348017621,-2800,0,,0.107317073171,2.4182148725,0.732394366197,1,1,1,0.999510981993,0.827497,EXACT_CANONICAL_2023_2026,,,,not_requested_historical,,,2026-09-19T23:38:33.900788+09:00,2026-09-19T23:38:33.900788+09:00
2023-05-19|3137|dual_top1_agreement_g3_no_acute_selloff,2023-05-19,3137,ファンデリー,,,dual_top1_agreement_g3_no_acute_selloff,地合い安定・2条件一致,2023-05,mature,2023-05-22,227,2023-05-26,199,-0.123348017621,-2800,0,,0.107317073171,2.4182148725,0.732394366197,1,1,1,0.999510981993,0.827497,EXACT_CANONICAL_2023_2026,,,,not_requested_historical,,,2026-09-19T23:38:33.900788+09:00,2026-09-19T23:38:33.900788+09:00
2023-05-19|3137|mean_rank_volr20_body_pct,2023-05-19,3137,ファンデリー,,,mean_rank_volr20_body_pct,静かな売られ過ぎバランス,2023-05,mature,2023-05-22,227,2023-05-26,199,-0.123348017621,-2800,0,,0.107317073171,2.4182148725,0.732394366197,1,1,1,0.999510981993,0.827497,EXACT_CANONICAL_2023_2026,,,,not_requested_historical,,,2026-09-19T23:38:33.900788+09:00,2026-09-19T23:38:33.900788+09:00
2023-05-19|3137|volr20_low,2023-05-19,3137,ファンデリー,,,volr20_low,出来高沈静リバウンド,2023-05,mature,2023-05-22,227,2023-05-26,199,-0.123348017621,-2800,0,,0.107317073171,2.4182148725,0.732394366197,1,1,1,0.999510981993,0.827497,EXACT_CANONICAL_2023_2026,,,,not_requested_historical,,,2026-09-19T23:38:33.900788+09:00,2026-09-19T23:38:33.900788+09:00
2023-05-25|2656|body_pct_low,2023-05-25,2656,ベクターホールディングス,,,body_pct_low,陰線沈み込みリバウンド,2023-05,mature,2023-05-26,268,2023-06-01,327,0.220149253731,5900,-0.00303214180641,,0.36866359447,6.71850102709,-0.375,1,1,1,0.999054136224,0.81260735,EXACT_CANONICAL_2023_2026,,,,not_requested_historical,,,2026-09-19T23:38:33.900788+09:00,2026-09-19T23:38:33.900788+09:00
2023-05-25|2656|dual_top1_agreement,2023-05-25,2656,ベクターホールディングス,,,dual_top1_agreement,2条件一致リバウンド,2023-05,mature,2023-05-26,268,2023-06-01,327,0.220149253731,5900,-0.00303214180641,,0.36866359447,6.71850102709,-0.375,1,1,1,0.999054136224,0.81260735,EXACT_CANONICAL_2023_2026,,,,not_requested_historical,,,2026-09-19T23:38:33.900788+09:00,2026-09-19T23:38:33.900788+09:00
2023-05-25|2656|dual_top1_agreement_g3_no_acute_selloff,2023-05-25,2656,ベクターホールディングス,,,dual_top1_agreement_g3_no_acute_selloff,地合い安定・2条件一致,2023-05,mature,2023-05-26,268,2023-06-01,327,0.220149253731,5900,-0.00303214180641,,0.36866359447,6.71850102709,-0.375,1,1,1,0.999054136224,0.81260735,EXACT_CANONICAL_2023_2026,,,,not_requested_historical,,,2026-09-19T23:38:33.900788+09:00,2026-09-19T23:38:33.900788+09:00
2023-05-25|2656|mean_rank_volr20_body_pct,2023-05-25,2656,ベクターホールディングス,,,mean_rank_volr20_body_pct,静かな売られ過ぎバランス,2023-05,mature,2023-05-26,268,2023-06-01,327,0.220149253731,5900,-0.00303214180641,,0.36866359447,6.71850102709,-0.375,1,1,1,0.999054136224,0.81260735,EXACT_CANONICAL_2023_2026,,,,not_requested_historical,,,2026-09-19T23:38:33.900788+09:00,2026-09-19T23:38:33.900788+09:00
2023-05-25|2656|volr20_low,2023-05-25,2656,ベクターホールディングス,,,volr20_low,出来高沈静リバウンド,2023-05,mature,2023-05-26,268,2023-06-01,327,0.220149253731,5900,-0.00303214180641,,0.36866359447,6.71850102709,-0.375,1,1,1,0.999054136224,0.81260735,EXACT_CANONICAL_2023_2026,,,,not_requested_historical,,,2026-09-19T23:38:33.900788+09:00,2026-09-19T23:38:33.900788+09:00
2023-05-26|9439|body_pct_low,2023-05-26,9439,エム・エイチ・グループ,,,body_pct_low,陰線沈み込みリバウンド,2023-05,mature,2023-05-29,270,2023-06-02,235,-0.12962962963,-3500,-0.0102526560799,,0.40625,11.4464715317,-0.113636363636,1,1,1,0.999829487142,0.84378564,EXACT_CANONICAL_2023_2026,,,,not_requested_historical,,,2026-09-19T23:38:33.900788+09:00,2026-09-19T23:38:33.900788+09:00
2023-05-26|9439|dual_top1_agreement,2023-05-26,9439,エム・エイチ・グループ,,,dual_top1_agreement,2条件一致リバウンド,2023-05,mature,2023-05-29,270,2023-06-02,235,-0.12962962963,-3500,-0.0102526560799,,0.40625,11.4464715317,-0.113636363636,1,1,1,0.999829487142,0.84378564,EXACT_CANONICAL_2023_2026,,,,not_requested_historical,,,2026-09-19T23:38:33.900788+09:00,2026-09-19T23:38:33.900788+09:00
2023-05-26|9439|dual_top1_agreement_g3_no_acute_selloff,2023-05-26,9439,エム・エイチ・グループ,,,dual_top1_agreement_g3_no_acute_selloff,地合い安定・2条件一致,2023-05,mature,2023-05-29,270,2023-06-02,235,-0.12962962963,-3500,-0.0102526560799,,0.40625,11.4464715317,-0.113636363636,1,1,1,0.999829487142,0.84378564,EXACT_CANONICAL_2023_2026,,,,not_requested_historical,,,2026-09-19T23:38:33.900788+09:00,2026-09-19T23:38:33.900788+09:00
2023-05-26|9439|mean_rank_volr20_body_pct,2023-05-26,9439,エム・エイチ・グループ,,,mean_rank_volr20_body_pct,静かな売られ過ぎバランス,2023-05,mature,2023-05-29,270,2023-06-02,235,-0.12962962963,-3500,-0.0102526560799,,0.40625,11.4464715317,-0.113636363636,1,1,1,0.999829487142,0.84378564,EXACT_CANONICAL_2023_2026,,,,not_requested_historical,,,2026-09-19T23:38:33.900788+09:00,2026-09-19T23:38:33.900788+09:00
2023-05-26|9439|volr20_low,2023-05-26,9439,エム・エイチ・グループ,,,volr20_low,出来高沈静リバウンド,2023-05,mature,2023-05-29,270,2023-06-02,235,-0.12962962963,-3500,-0.0102526560799,,0.40625,11.4464715317,-0.113636363636,1,1,1,0.999829487142,0.84378564,EXACT_CANONICAL_2023_2026,,,,not_requested_historical,,,2026-09-19T23:38:33.900788+09:00,2026-09-19T23:38:33.900788+09:00
2023-05-29|2304|body_pct_low,2023-05-29,2304,ＣＳＳホールディングス,,,body_pct_low,陰線沈み込みリバウンド,2023-05,mature,2023-05-30,905,2023-06-05,922,0.0187845303867,1700,-0.012399897495,,0.478190630048,6.33021891837,-0.253164556962,0.5,0.5,0.5,0.999662191508,0.8334944,EXACT_CANONICAL_2023_2026,,,,not_requested_historical,,,2026-09-19T23:38:33.900788+09:00,2026-09-19T23:38:33.900788+09:00
2023-05-29|2304|dual_top1_agreement,2023-05-29,2304,ＣＳＳホールディングス,,,dual_top1_agreement,2条件一致リバウンド,2023-05,mature,2023-05-30,905,2023-06-05,922,0.0187845303867,1700,-0.012399897495,,0.478190630048,6.33021891837,-0.253164556962,0.5,0.5,0.5,0.999662191508,0.8334944,EXACT_CANONICAL_2023_2026,,,,not_requested_historical,,,2026-09-19T23:38:33.900788+09:00,2026-09-19T23:38:33.900788+09:00
2023-05-29|2304|dual_top1_agreement_g3_no_acute_selloff,2023-05-29,2304,ＣＳＳホールディングス,,,dual_top1_agreement_g3_no_acute_selloff,地合い安定・2条件一致,2023-05,mature,2023-05-30,905,2023-06-05,922,0.0187845303867,1700,-0.012399897495,,0.478190630048,6.33021891837,-0.253164556962,0.5,0.5,0.5,0.999662191508,0.8334944,EXACT_CANONICAL_2023_2026,,,,not_requested_historical,,,2026-09-19T23:38:33.900788+09:00,2026-09-19T23:38:33.900788+09:00
2023-05-29|2304|mean_rank_volr20_body_pct,2023-05-29,2304,ＣＳＳホールディングス,,,mean_rank_volr20_body_pct,静かな売られ過ぎバランス,2023-05,mature,2023-05-30,905,2023-06-05,922,0.0187845303867,1700,-0.012399897495,,0.478190630048,6.33021891837,-0.253164556962,0.5,0.5,0.5,0.999662191508,0.8334944,EXACT_CANONICAL_2023_2026,,,,not_requested_historical,,,2026-09-19T23:38:33.900788+09:00,2026-09-19T23:38:33.900788+09:00
2023-05-29|2304|volr20_low,2023-05-29,2304,ＣＳＳホールディングス,,,volr20_low,出来高沈静リバウンド,2023-05,mature,2023-05-30,905,2023-06-05,922,0.0187845303867,1700,-0.012399897495,,0.478190630048,6.33021891837,-0.253164556962,0.5,0.5,0.5,0.999662191508,0.8334944,EXACT_CANONICAL_2023_2026,,,,not_requested_historical,,,2026-09-19T23:38:33.900788+09:00,2026-09-19T23:38:33.900788+09:00
2023-05-30|6578|body_pct_low,2023-05-30,6578,コレックホールディングス,,,body_pct_low,陰線沈み込みリバウンド,2023-05,mature,2023-05-31,333,2023-06-06,296,-0.111111111111,-3700,-0.00816659997332,,0.522727272727,3.36033175663,1,1,1,1,0.999623584824,0.83132565,EXACT_CANONICAL_2023_2026,,,,not_requested_historical,,,2026-09-19T23:38:33.900788+09:00,2026-09-19T23:38:33.900788+09:00
2023-05-30|6578|dual_top1_agreement,2023-05-30,6578,コレックホールディングス,,,dual_top1_agreement,2条件一致リバウンド,2023-05,mature,2023-05-31,333,2023-06-06,296,-0.111111111111,-3700,-0.00816659997332,,0.522727272727,3.36033175663,1,1,1,1,0.999623584824,0.83132565,EXACT_CANONICAL_2023_2026,,,,not_requested_historical,,,2026-09-19T23:38:33.900788+09:00,2026-09-19T23:38:33.900788+09:00
2023-05-30|6578|dual_top1_agreement_g3_no_acute_selloff,2023-05-30,6578,コレックホールディングス,,,dual_top1_agreement_g3_no_acute_selloff,地合い安定・2条件一致,2023-05,mature,2023-05-31,333,2023-06-06,296,-0.111111111111,-3700,-0.00816659997332,,0.522727272727,3.36033175663,1,1,1,1,0.999623584824,0.83132565,EXACT_CANONICAL_2023_2026,,,,not_requested_historical,,,2026-09-19T23:38:33.900788+09:00,2026-09-19T23:38:33.900788+09:00
2023-05-30|6578|mean_rank_volr20_body_pct,2023-05-30,6578,コレックホールディングス,,,mean_rank_volr20_body_pct,静かな売られ過ぎバランス,2023-05,mature,2023-05-31,333,2023-06-06,296,-0.111111111111,-3700,-0.00816659997332,,0.522727272727,3.36033175663,1,1,1,1,0.999623584824,0.83132565,EXACT_CANONICAL_2023_2026,,,,not_requested_historical,,,2026-09-19T23:38:33.900788+09:00,2026-09-19T23:38:33.900788+09:00
2023-05-30|6578|volr20_low,2023-05-30,6578,コレックホールディングス,,,volr20_low,出来高沈静リバウンド,2023-05,mature,2023-05-31,333,2023-06-06,296,-0.111111111111,-3700,-0.00816659997332,,0.522727272727,3.36033175663,1,1,1,1,0.999623584824,0.83132565,EXACT_CANONICAL_2023_2026,,,,not_requested_historical,,,2026-09-19T23:38:33.900788+09:00,2026-09-19T23:38:33.900788+09:00
2023-05-31|4259|body_pct_low,2023-05-31,4259,エクサウィザーズ,,,body_pct_low,陰線沈み込みリバウンド,2023-05,mature,2023-06-01,478,2023-06-07,621,0.299163179916,14300,-0.0154006346678,,0.265625,3.16184757884,-0.586206896552,0.5,0.5,0.5,0.999054136224,0.812735,EXACT_CANONICAL_2023_2026,,,,not_requested_historical,,,2026-09-19T23:38:33.900788+09:00,2026-09-19T23:38:33.900788+09:00
2023-05-31|4259|dual_top1_agreement,2023-05-31,4259,エクサウィザーズ,,,dual_top1_agreement,2条件一致リバウンド,2023-05,mature,2023-06-01,478,2023-06-07,621,0.299163179916,14300,-0.0154006346678,,0.265625,3.16184757884,-0.586206896552,0.5,0.5,0.5,0.999054136224,0.812735,EXACT_CANONICAL_2023_2026,,,,not_requested_historical,,,2026-09-19T23:38:33.900788+09:00,2026-09-19T23:38:33.900788+09:00
2023-05-31|4259|mean_rank_volr20_body_pct,2023-05-31,4259,エクサウィザーズ,,,mean_rank_volr20_body_pct,静かな売られ過ぎバランス,2023-05,mature,2023-06-01,478,2023-06-07,621,0.299163179916,14300,-0.0154006346678,,0.265625,3.16184757884,-0.586206896552,0.5,0.5,0.5,0.999054136224,0.812735,EXACT_CANONICAL_2023_2026,,,,not_requested_historical,,,2026-09-19T23:38:33.900788+09:00,2026-09-19T23:38:33.900788+09:00
2023-05-31|4259|volr20_low,2023-05-31,4259,エクサウィザーズ,,,volr20_low,出来高沈静リバウンド,2023-05,mature,2023-06-01,478,2023-06-07,621,0.299163179916,14300,-0.0154006346678,,0.265625,3.16184757884,-0.586206896552,0.5,0.5,0.5,0.999054136224,0.812735,EXACT_CANONICAL_2023_2026,,,,not_requested_historical,,,2026-09-19T23:38:33.900788+09:00,2026-09-19T23:38:33.900788+09:00
2023-06-23|3133|body_pct_low,2023-06-23,3133,海帆,,,body_pct_low,陰線沈み込みリバウンド,2023-06,mature,2023-06-26,761,2023-06-30,811,0.065703022339,5000,0,,0.481188118812,4.11689988231,-0.101351351351,1,1,1,0.999865431829,0.8311878,EXACT_CANONICAL_2023_2026,,,,not_requested_historical,,,2026-09-19T23:38:33.900788+09:00,2026-09-19T23:38:33.900788+09:00
2023-06-23|3133|dual_top1_agreement,2023-06-23,3133,海帆,,,dual_top1_agreement,2条件一致リバウンド,2023-06,mature,2023-06-26,761,2023-06-30,811,0.065703022339,5000,0,,0.481188118812,4.11689988231,-0.101351351351,1,1,1,0.999865431829,0.8311878,EXACT_CANONICAL_2023_2026,,,,not_requested_historical,,,2026-09-19T23:38:33.900788+09:00,2026-09-19T23:38:33.900788+09:00
2023-06-23|3133|dual_top1_agreement_g3_no_acute_selloff,2023-06-23,3133,海帆,,,dual_top1_agreement_g3_no_acute_selloff,地合い安定・2条件一致,2023-06,mature,2023-06-26,761,2023-06-30,811,0.065703022339,5000,0,,0.481188118812,4.11689988231,-0.101351351351,1,1,1,0.999865431829,0.8311878,EXACT_CANONICAL_2023_2026,,,,not_requested_historical,,,2026-09-19T23:38:33.900788+09:00,2026-09-19T23:38:33.900788+09:00
2023-06-23|3133|mean_rank_volr20_body_pct,2023-06-23,3133,海帆,,,mean_rank_volr20_body_pct,静かな売られ過ぎバランス,2023-06,mature,2023-06-26,761,2023-06-30,811,0.065703022339,5000,0,,0.481188118812,4.11689988231,-0.101351351351,1,1,1,0.999865431829,0.8311878,EXACT_CANONICAL_2023_2026,,,,not_requested_historical,,,2026-09-19T23:38:33.900788+09:00,2026-09-19T23:38:33.900788+09:00
2023-06-23|3133|volr20_low,2023-06-23,3133,海帆,,,volr20_low,出来高沈静リバウンド,2023-06,mature,2023-06-26,761,2023-06-30,811,0.065703022339,5000,0,,0.481188118812,4.11689988231,-0.101351351351,1,1,1,0.999865431829,0.8311878,EXACT_CANONICAL_2023_2026,,,,not_requested_historical,,,2026-09-19T23:38:33.900788+09:00,2026-09-19T23:38:33.900788+09:00
2023-06-27|7578|body_pct_low,2023-06-27,7578,ニチリョク,,,body_pct_low,陰線沈み込みリバウンド,2023-06,mature,2023-06-28,203,2023-07-04,419,1.06403940887,21600,-0.00770672961946,,0.188235294118,2.73713281446,-0.409090909091,1,1,1,0.999066994016,0.79971516,EXACT_CANONICAL_2023_2026,,,,not_requested_historical,,,2026-09-19T23:38:33.900788+09:00,2026-09-19T23:38:33.900788+09:00
2023-06-27|7578|dual_top1_agreement,2023-06-27,7578,ニチリョク,,,dual_top1_agreement,2条件一致リバウンド,2023-06,mature,2023-06-28,203,2023-07-04,419,1.06403940887,21600,-0.00770672961946,,0.188235294118,2.73713281446,-0.409090909091,1,1,1,0.999066994016,0.79971516,EXACT_CANONICAL_2023_2026,,,,not_requested_historical,,,2026-09-19T23:38:33.900788+09:00,2026-09-19T23:38:33.900788+09:00
2023-06-27|7578|dual_top1_agreement_g3_no_acute_selloff,2023-06-27,7578,ニチリョク,,,dual_top1_agreement_g3_no_acute_selloff,地合い安定・2条件一致,2023-06,mature,2023-06-28,203,2023-07-04,419,1.06403940887,21600,-0.00770672961946,,0.188235294118,2.73713281446,-0.409090909091,1,1,1,0.999066994016,0.79971516,EXACT_CANONICAL_2023_2026,,,,not_requested_historical,,,2026-09-19T23:38:33.900788+09:00,2026-09-19T23:38:33.900788+09:00
2023-06-27|7578|mean_rank_volr20_body_pct,2023-06-27,7578,ニチリョク,,,mean_rank_volr20_body_pct,静かな売られ過ぎバランス,2023-06,mature,2023-06-28,203,2023-07-04,419,1.06403940887,21600,-0.00770672961946,,0.188235294118,2.73713281446,-0.409090909091,1,1,1,0.999066994016,0.79971516,EXACT_CANONICAL_2023_2026,,,,not_requested_historical,,,2026-09-19T23:38:33.900788+09:00,2026-09-19T23:38:33.900788+09:00
2023-06-27|7578|volr20_low,2023-06-27,7578,ニチリョク,,,volr20_low,出来高沈静リバウンド,2023-06,mature,2023-06-28,203,2023-07-04,419,1.06403940887,21600,-0.00770672961946,,0.188235294118,2.73713281446,-0.409090909091,1,1,1,0.999066994016,0.79971516,EXACT_CANONICAL_2023_2026,,,,not_requested_historical,,,2026-09-19T23:38:33.900788+09:00,2026-09-19T23:38:33.900788+09:00
2023-06-28|7578|body_pct_low,2023-06-28,7578,ニチリョク,,,body_pct_low,陰線沈み込みリバウンド,2023-06,mature,2023-06-29,239,2023-07-05,369,0.543933054393,13000,-0.00116482236459,,0.445859872611,2.32507199314,0.666666666667,1,1,1,0.999105869266,0.8007024,EXACT_CANONICAL_2023_2026,,,,not_requested_historical,,,2026-09-19T23:38:33.900788+09:00,2026-09-19T23:38:33.900788+09:00
2023-06-28|7578|dual_top1_agreement,2023-06-28,7578,ニチリョク,,,dual_top1_agreement,2条件一致リバウンド,2023-06,mature,2023-06-29,239,2023-07-05,369,0.543933054393,13000,-0.00116482236459,,0.445859872611,2.32507199314,0.666666666667,1,1,1,0.999105869266,0.8007024,EXACT_CANONICAL_2023_2026,,,,not_requested_historical,,,2026-09-19T23:38:33.900788+09:00,2026-09-19T23:38:33.900788+09:00
2023-06-28|7578|dual_top1_agreement_g3_no_acute_selloff,2023-06-28,7578,ニチリョク,,,dual_top1_agreement_g3_no_acute_selloff,地合い安定・2条件一致,2023-06,mature,2023-06-29,239,2023-07-05,369,0.543933054393,13000,-0.00116482236459,,0.445859872611,2.32507199314,0.666666666667,1,1,1,0.999105869266,0.8007024,EXACT_CANONICAL_2023_2026,,,,not_requested_historical,,,2026-09-19T23:38:33.900788+09:00,2026-09-19T23:38:33.900788+09:00
2023-06-28|7578|mean_rank_volr20_body_pct,2023-06-28,7578,ニチリョク,,,mean_rank_volr20_body_pct,静かな売られ過ぎバランス,2023-06,mature,2023-06-29,239,2023-07-05,369,0.543933054393,13000,-0.00116482236459,,0.445859872611,2.32507199314,0.666666666667,1,1,1,0.999105869266,0.8007024,EXACT_CANONICAL_2023_2026,,,,not_requested_historical,,,2026-09-19T23:38:33.900788+09:00,2026-09-19T23:38:33.900788+09:00
2023-06-28|7578|volr20_low,2023-06-28,7578,ニチリョク,,,volr20_low,出来高沈静リバウンド,2023-06,mature,2023-06-29,239,2023-07-05,369,0.543933054393,13000,-0.00116482236459,,0.445859872611,2.32507199314,0.666666666667,1,1,1,0.999105869266,0.8007024,EXACT_CANONICAL_2023_2026,,,,not_requested_historical,,,2026-09-19T23:38:33.900788+09:00,2026-09-19T23:38:33.900788+09:00
2023-07-10|7709|body_pct_low,2023-07-10,7709,クボテック,,,body_pct_low,陰線沈み込みリバウンド,2023-07,mature,2023-07-11,430,2023-07-18,351,-0.183720930233,-7900,-0.0132052821128,,0.453571428571,1.83553864803,0.685714285714,1,1,1,0.999358605926,0.8142984,EXACT_CANONICAL_2023_2026,,,,not_requested_historical,,,2026-09-19T23:38:33.900788+09:00,2026-09-19T23:38:33.900788+09:00
2023-07-10|7709|dual_top1_agreement,2023-07-10,7709,クボテック,,,dual_top1_agreement,2条件一致リバウンド,2023-07,mature,2023-07-11,430,2023-07-18,351,-0.183720930233,-7900,-0.0132052821128,,0.453571428571,1.83553864803,0.685714285714,1,1,1,0.999358605926,0.8142984,EXACT_CANONICAL_2023_2026,,,,not_requested_historical,,,2026-09-19T23:38:33.900788+09:00,2026-09-19T23:38:33.900788+09:00
2023-07-10|7709|dual_top1_agreement_g3_no_acute_selloff,2023-07-10,7709,クボテック,,,dual_top1_agreement_g3_no_acute_selloff,地合い安定・2条件一致,2023-07,mature,2023-07-11,430,2023-07-18,351,-0.183720930233,-7900,-0.0132052821128,,0.453571428571,1.83553864803,0.685714285714,1,1,1,0.999358605926,0.8142984,EXACT_CANONICAL_2023_2026,,,,not_requested_historical,,,2026-09-19T23:38:33.900788+09:00,2026-09-19T23:38:33.900788+09:00
2023-07-10|7709|mean_rank_volr20_body_pct,2023-07-10,7709,クボテック,,,mean_rank_volr20_body_pct,静かな売られ過ぎバランス,2023-07,mature,2023-07-11,430,2023-07-18,351,-0.183720930233,-7900,-0.0132052821128,,0.453571428571,1.83553864803,0.685714285714,1,1,1,0.999358605926,0.8142984,EXACT_CANONICAL_2023_2026,,,,not_requested_historical,,,2026-09-19T23:38:33.900788+09:00,2026-09-19T23:38:33.900788+09:00
2023-07-10|7709|volr20_low,2023-07-10,7709,クボテック,,,volr20_low,出来高沈静リバウンド,2023-07,mature,2023-07-11,430,2023-07-18,351,-0.183720930233,-7900,-0.0132052821128,,0.453571428571,1.83553864803,0.685714285714,1,1,1,0.999358605926,0.8142984,EXACT_CANONICAL_2023_2026,,,,not_requested_historical,,,2026-09-19T23:38:33.900788+09:00,2026-09-19T23:38:33.900788+09:00
2023-07-12|7578|body_pct_low,2023-07-12,7578,ニチリョク,,,body_pct_low,陰線沈み込みリバウンド,2023-07,mature,2023-07-13,338,2023-07-20,374,0.10650887574,3600,-0.0174987133299,,0.497797356828,0.461924674586,0.219512195122,1,1,1,0.999358605926,0.81435156,EXACT_CANONICAL_2023_2026,,,,not_requested_historical,,,2026-09-19T23:38:33.900788+09:00,2026-09-19T23:38:33.900788+09:00
2023-07-12|7578|dual_top1_agreement,2023-07-12,7578,ニチリョク,,,dual_top1_agreement,2条件一致リバウンド,2023-07,mature,2023-07-13,338,2023-07-20,374,0.10650887574,3600,-0.0174987133299,,0.497797356828,0.461924674586,0.219512195122,1,1,1,0.999358605926,0.81435156,EXACT_CANONICAL_2023_2026,,,,not_requested_historical,,,2026-09-19T23:38:33.900788+09:00,2026-09-19T23:38:33.900788+09:00
2023-07-12|7578|dual_top1_agreement_g3_no_acute_selloff,2023-07-12,7578,ニチリョク,,,dual_top1_agreement_g3_no_acute_selloff,地合い安定・2条件一致,2023-07,mature,2023-07-13,338,2023-07-20,374,0.10650887574,3600,-0.0174987133299,,0.497797356828,0.461924674586,0.219512195122,1,1,1,0.999358605926,0.81435156,EXACT_CANONICAL_2023_2026,,,,not_requested_historical,,,2026-09-19T23:38:33.900788+09:00,2026-09-19T23:38:33.900788+09:00
2023-07-12|7578|mean_rank_volr20_body_pct,2023-07-12,7578,ニチリョク,,,mean_rank_volr20_body_pct,静かな売られ過ぎバランス,2023-07,mature,2023-07-13,338,2023-07-20,374,0.10650887574,3600,-0.0174987133299,,0.497797356828,0.461924674586,0.219512195122,1,1,1,0.999358605926,0.81435156,EXACT_CANONICAL_2023_2026,,,,not_requested_historical,,,2026-09-19T23:38:33.900788+09:00,2026-09-19T23:38:33.900788+09:00
2023-07-12|7578|volr20_low,2023-07-12,7578,ニチリョク,,,volr20_low,出来高沈静リバウンド,2023-07,mature,2023-07-13,338,2023-07-20,374,0.10650887574,3600,-0.0174987133299,,0.497797356828,0.461924674586,0.219512195122,1,1,1,0.999358605926,0.81435156,EXACT_CANONICAL_2023_2026,,,,not_requested_historical,,,2026-09-19T23:38:33.900788+09:00,2026-09-19T23:38:33.900788+09:00
2023-08-03|2134|body_pct_low,2023-08-03,2134,北浜キャピタルパートナーズ,,,body_pct_low,陰線沈み込みリバウンド,2023-08,mature,2023-08-04,21,2023-08-10,21,0,0,-0.0122375994249,,-0.0833333333333,0.534791425892,0.5,1,1,1,0.999177461935,0.7923529,EXACT_CANONICAL_2023_2026,,,,not_requested_historical,,,2026-09-19T23:38:33.900788+09:00,2026-09-19T23:38:33.900788+09:00
2023-08-03|2134|dual_top1_agreement,2023-08-03,2134,北浜キャピタルパートナーズ,,,dual_top1_agreement,2条件一致リバウンド,2023-08,mature,2023-08-04,21,2023-08-10,21,0,0,-0.0122375994249,,-0.0833333333333,0.534791425892,0.5,1,1,1,0.999177461935,0.7923529,EXACT_CANONICAL_2023_2026,,,,not_requested_historical,,,2026-09-19T23:38:33.900788+09:00,2026-09-19T23:38:33.900788+09:00
2023-08-03|2134|mean_rank_volr20_body_pct,2023-08-03,2134,北浜キャピタルパートナーズ,,,mean_rank_volr20_body_pct,静かな売られ過ぎバランス,2023-08,mature,2023-08-04,21,2023-08-10,21,0,0,-0.0122375994249,,-0.0833333333333,0.534791425892,0.5,1,1,1,0.999177461935,0.7923529,EXACT_CANONICAL_2023_2026,,,,not_requested_historical,,,2026-09-19T23:38:33.900788+09:00,2026-09-19T23:38:33.900788+09:00
2023-08-03|2134|volr20_low,2023-08-03,2134,北浜キャピタルパートナーズ,,,volr20_low,出来高沈静リバウンド,2023-08,mature,2023-08-04,21,2023-08-10,21,0,0,-0.0122375994249,,-0.0833333333333,0.534791425892,0.5,1,1,1,0.999177461935,0.7923529,EXACT_CANONICAL_2023_2026,,,,not_requested_historical,,,2026-09-19T23:38:33.900788+09:00,2026-09-19T23:38:33.900788+09:00
2023-08-08|3779|body_pct_low,2023-08-08,3779,ジェイ・エスコムホールディングス,,,body_pct_low,陰線沈み込みリバウンド,2023-08,mature,2023-08-09,188,2023-08-16,140,-0.255319148936,-4800,-0.0117647058824,,0.419117647059,3.0793681333,0.972222222222,1,1,1,0.999477753609,0.8078744,EXACT_CANONICAL_2023_2026,,,,not_requested_historical,,,2026-09-19T23:38:33.900788+09:00,2026-09-19T23:38:33.900788+09:00
2023-08-08|3779|dual_top1_agreement,2023-08-08,3779,ジェイ・エスコムホールディングス,,,dual_top1_agreement,2条件一致リバウンド,2023-08,mature,2023-08-09,188,2023-08-16,140,-0.255319148936,-4800,-0.0117647058824,,0.419117647059,3.0793681333,0.972222222222,1,1,1,0.999477753609,0.8078744,EXACT_CANONICAL_2023_2026,,,,not_requested_historical,,,2026-09-19T23:38:33.900788+09:00,2026-09-19T23:38:33.900788+09:00
2023-08-08|3779|dual_top1_agreement_g3_no_acute_selloff,2023-08-08,3779,ジェイ・エスコムホールディングス,,,dual_top1_agreement_g3_no_acute_selloff,地合い安定・2条件一致,2023-08,mature,2023-08-09,188,2023-08-16,140,-0.255319148936,-4800,-0.0117647058824,,0.419117647059,3.0793681333,0.972222222222,1,1,1,0.999477753609,0.8078744,EXACT_CANONICAL_2023_2026,,,,not_requested_historical,,,2026-09-19T23:38:33.900788+09:00,2026-09-19T23:38:33.900788+09:00
2023-08-08|3779|mean_rank_volr20_body_pct,2023-08-08,3779,ジェイ・エスコムホールディングス,,,mean_rank_volr20_body_pct,静かな売られ過ぎバランス,2023-08,mature,2023-08-09,188,2023-08-16,140,-0.255319148936,-4800,-0.0117647058824,,0.419117647059,3.0793681333,0.972222222222,1,1,1,0.999477753609,0.8078744,EXACT_CANONICAL_2023_2026,,,,not_requested_historical,,,2026-09-19T23:38:33.900788+09:00,2026-09-19T23:38:33.900788+09:00
2023-08-08|3779|volr20_low,2023-08-08,3779,ジェイ・エスコムホールディングス,,,volr20_low,出来高沈静リバウンド,2023-08,mature,2023-08-09,188,2023-08-16,140,-0.255319148936,-4800,-0.0117647058824,,0.419117647059,3.0793681333,0.972222222222,1,1,1,0.999477753609,0.8078744,EXACT_CANONICAL_2023_2026,,,,not_requested_historical,,,2026-09-19T23:38:33.900788+09:00,2026-09-19T23:38:33.900788+09:00
2023-08-09|3779|body_pct_low,2023-08-09,3779,ジェイ・エスコムホールディングス,,,body_pct_low,陰線沈み込みリバウンド,2023-08,mature,2023-08-10,171,2023-08-17,161,-0.0584795321637,-1000,-0.00630914826498,,0.396825396825,4.66882690869,-0.210526315789,1,1,1,0.999180073167,0.79241836,EXACT_CANONICAL_2023_2026,,,,not_requested_historical,,,2026-09-19T23:38:33.900788+09:00,2026-09-19T23:38:33.900788+09:00
2023-08-09|3779|dual_top1_agreement,2023-08-09,3779,ジェイ・エスコムホールディングス,,,dual_top1_agreement,2条件一致リバウンド,2023-08,mature,2023-08-10,171,2023-08-17,161,-0.0584795321637,-1000,-0.00630914826498,,0.396825396825,4.66882690869,-0.210526315789,1,1,1,0.999180073167,0.79241836,EXACT_CANONICAL_2023_2026,,,,not_requested_historical,,,2026-09-19T23:38:33.900788+09:00,2026-09-19T23:38:33.900788+09:00
2023-08-09|3779|dual_top1_agreement_g3_no_acute_selloff,2023-08-09,3779,ジェイ・エスコムホールディングス,,,dual_top1_agreement_g3_no_acute_selloff,地合い安定・2条件一致,2023-08,mature,2023-08-10,171,2023-08-17,161,-0.0584795321637,-1000,-0.00630914826498,,0.396825396825,4.66882690869,-0.210526315789,1,1,1,0.999180073167,0.79241836,EXACT_CANONICAL_2023_2026,,,,not_requested_historical,,,2026-09-19T23:38:33.900788+09:00,2026-09-19T23:38:33.900788+09:00
2023-08-09|3779|mean_rank_volr20_body_pct,2023-08-09,3779,ジェイ・エスコムホールディングス,,,mean_rank_volr20_body_pct,静かな売られ過ぎバランス,2023-08,mature,2023-08-10,171,2023-08-17,161,-0.0584795321637,-1000,-0.00630914826498,,0.396825396825,4.66882690869,-0.210526315789,1,1,1,0.999180073167,0.79241836,EXACT_CANONICAL_2023_2026,,,,not_requested_historical,,,2026-09-19T23:38:33.900788+09:00,2026-09-19T23:38:33.900788+09:00
2023-08-09|3779|volr20_low,2023-08-09,3779,ジェイ・エスコムホールディングス,,,volr20_low,出来高沈静リバウンド,2023-08,mature,2023-08-10,171,2023-08-17,161,-0.0584795321637,-1000,-0.00630914826498,,0.396825396825,4.66882690869,-0.210526315789,1,1,1,0.999180073167,0.79241836,EXACT_CANONICAL_2023_2026,,,,not_requested_historical,,,2026-09-19T23:38:33.900788+09:00,2026-09-19T23:38:33.900788+09:00
2023-08-22|7578|body_pct_low,2023-08-22,7578,ニチリョク,,,body_pct_low,陰線沈み込みリバウンド,2023-08,mature,2023-08-23,589,2023-08-29,606,0.0288624787776,1700,-0.00909308499064,,0.399470899471,5.49899165469,-0.00990099009901,1,1,1,0.999334135852,0.80062455,EXACT_CANONICAL_2023_2026,,,,not_requested_historical,,,2026-09-19T23:38:33.900788+09:00,2026-09-19T23:38:33.900788+09:00
2023-08-22|7578|dual_top1_agreement,2023-08-22,7578,ニチリョク,,,dual_top1_agreement,2条件一致リバウンド,2023-08,mature,2023-08-23,589,2023-08-29,606,0.0288624787776,1700,-0.00909308499064,,0.399470899471,5.49899165469,-0.00990099009901,1,1,1,0.999334135852,0.80062455,EXACT_CANONICAL_2023_2026,,,,not_requested_historical,,,2026-09-19T23:38:33.900788+09:00,2026-09-19T23:38:33.900788+09:00
2023-08-22|7578|dual_top1_agreement_g3_no_acute_selloff,2023-08-22,7578,ニチリョク,,,dual_top1_agreement_g3_no_acute_selloff,地合い安定・2条件一致,2023-08,mature,2023-08-23,589,2023-08-29,606,0.0288624787776,1700,-0.00909308499064,,0.399470899471,5.49899165469,-0.00990099009901,1,1,1,0.999334135852,0.80062455,EXACT_CANONICAL_2023_2026,,,,not_requested_historical,,,2026-09-19T23:38:33.900788+09:00,2026-09-19T23:38:33.900788+09:00
2023-08-22|7578|mean_rank_volr20_body_pct,2023-08-22,7578,ニチリョク,,,mean_rank_volr20_body_pct,静かな売られ過ぎバランス,2023-08,mature,2023-08-23,589,2023-08-29,606,0.0288624787776,1700,-0.00909308499064,,0.399470899471,5.49899165469,-0.00990099009901,1,1,1,0.999334135852,0.80062455,EXACT_CANONICAL_2023_2026,,,,not_requested_historical,,,2026-09-19T23:38:33.900788+09:00,2026-09-19T23:38:33.900788+09:00
2023-08-22|7578|volr20_low,2023-08-22,7578,ニチリョク,,,volr20_low,出来高沈静リバウンド,2023-08,mature,2023-08-23,589,2023-08-29,606,0.0288624787776,1700,-0.00909308499064,,0.399470899471,5.49899165469,-0.00990099009901,1,1,1,0.999334135852,0.80062455,EXACT_CANONICAL_2023_2026,,,,not_requested_historical,,,2026-09-19T23:38:33.900788+09:00,2026-09-19T23:38:33.900788+09:00
2023-09-12|9425|body_pct_low,2023-09-12,9425,ＲｅＹｕｕ　Ｊａｐａｎ,,,body_pct_low,陰線沈み込みリバウンド,2023-09,mature,2023-09-13,530,2023-09-20,527,-0.00566037735849,-300,-0.00431965442765,,0.466666666667,3.76934625358,-0.923076923077,1,1,1,0.999244751884,0.81718946,EXACT_CANONICAL_2023_2026,,,,not_requested_historical,,,2026-09-19T23:38:33.900788+09:00,2026-09-19T23:38:33.900788+09:00
2023-09-12|9425|dual_top1_agreement,2023-09-12,9425,ＲｅＹｕｕ　Ｊａｐａｎ,,,dual_top1_agreement,2条件一致リバウンド,2023-09,mature,2023-09-13,530,2023-09-20,527,-0.00566037735849,-300,-0.00431965442765,,0.466666666667,3.76934625358,-0.923076923077,1,1,1,0.999244751884,0.81718946,EXACT_CANONICAL_2023_2026,,,,not_requested_historical,,,2026-09-19T23:38:33.900788+09:00,2026-09-19T23:38:33.900788+09:00
2023-09-12|9425|dual_top1_agreement_g3_no_acute_selloff,2023-09-12,9425,ＲｅＹｕｕ　Ｊａｐａｎ,,,dual_top1_agreement_g3_no_acute_selloff,地合い安定・2条件一致,2023-09,mature,2023-09-13,530,2023-09-20,527,-0.00566037735849,-300,-0.00431965442765,,0.466666666667,3.76934625358,-0.923076923077,1,1,1,0.999244751884,0.81718946,EXACT_CANONICAL_2023_2026,,,,not_requested_historical,,,2026-09-19T23:38:33.900788+09:00,2026-09-19T23:38:33.900788+09:00
2023-09-12|9425|mean_rank_volr20_body_pct,2023-09-12,9425,ＲｅＹｕｕ　Ｊａｐａｎ,,,mean_rank_volr20_body_pct,静かな売られ過ぎバランス,2023-09,mature,2023-09-13,530,2023-09-20,527,-0.00566037735849,-300,-0.00431965442765,,0.466666666667,3.76934625358,-0.923076923077,1,1,1,0.999244751884,0.81718946,EXACT_CANONICAL_2023_2026,,,,not_requested_historical,,,2026-09-19T23:38:33.900788+09:00,2026-09-19T23:38:33.900788+09:00
2023-09-12|9425|volr20_low,2023-09-12,9425,ＲｅＹｕｕ　Ｊａｐａｎ,,,volr20_low,出来高沈静リバウンド,2023-09,mature,2023-09-13,530,2023-09-20,527,-0.00566037735849,-300,-0.00431965442765,,0.466666666667,3.76934625358,-0.923076923077,1,1,1,0.999244751884,0.81718946,EXACT_CANONICAL_2023_2026,,,,not_requested_historical,,,2026-09-19T23:38:33.900788+09:00,2026-09-19T23:38:33.900788+09:00
2023-09-14|9425|body_pct_low,2023-09-14,9425,ＲｅＹｕｕ　Ｊａｐａｎ,,,body_pct_low,陰線沈み込みリバウンド,2023-09,mature,2023-09-15,577,2023-09-22,491,-0.149046793761,-8600,-0.000746825989544,,0.462915601023,2.54415951284,0.526785714286,1,1,1,0.999151571921,0.814353,EXACT_CANONICAL_2023_2026,,,,not_requested_historical,,,2026-09-19T23:38:33.900788+09:00,2026-09-19T23:38:33.900788+09:00
2023-09-14|9425|dual_top1_agreement,2023-09-14,9425,ＲｅＹｕｕ　Ｊａｐａｎ,,,dual_top1_agreement,2条件一致リバウンド,2023-09,mature,2023-09-15,577,2023-09-22,491,-0.149046793761,-8600,-0.000746825989544,,0.462915601023,2.54415951284,0.526785714286,1,1,1,0.999151571921,0.814353,EXACT_CANONICAL_2023_2026,,,,not_requested_historical,,,2026-09-19T23:38:33.900788+09:00,2026-09-19T23:38:33.900788+09:00
2023-09-14|9425|dual_top1_agreement_g3_no_acute_selloff,2023-09-14,9425,ＲｅＹｕｕ　Ｊａｐａｎ,,,dual_top1_agreement_g3_no_acute_selloff,地合い安定・2条件一致,2023-09,mature,2023-09-15,577,2023-09-22,491,-0.149046793761,-8600,-0.000746825989544,,0.462915601023,2.54415951284,0.526785714286,1,1,1,0.999151571921,0.814353,EXACT_CANONICAL_2023_2026,,,,not_requested_historical,,,2026-09-19T23:38:33.900788+09:00,2026-09-19T23:38:33.900788+09:00
2023-09-14|9425|mean_rank_volr20_body_pct,2023-09-14,9425,ＲｅＹｕｕ　Ｊａｐａｎ,,,mean_rank_volr20_body_pct,静かな売られ過ぎバランス,2023-09,mature,2023-09-15,577,2023-09-22,491,-0.149046793761,-8600,-0.000746825989544,,0.462915601023,2.54415951284,0.526785714286,1,1,1,0.999151571921,0.814353,EXACT_CANONICAL_2023_2026,,,,not_requested_historical,,,2026-09-19T23:38:33.900788+09:00,2026-09-19T23:38:33.900788+09:00
2023-09-14|9425|volr20_low,2023-09-14,9425,ＲｅＹｕｕ　Ｊａｐａｎ,,,volr20_low,出来高沈静リバウンド,2023-09,mature,2023-09-15,577,2023-09-22,491,-0.149046793761,-8600,-0.000746825989544,,0.462915601023,2.54415951284,0.526785714286,1,1,1,0.999151571921,0.814353,EXACT_CANONICAL_2023_2026,,,,not_requested_historical,,,2026-09-19T23:38:33.900788+09:00,2026-09-19T23:38:33.900788+09:00
2023-10-02|2375|body_pct_low,2023-10-02,2375,ギグワークス,,,body_pct_low,陰線沈み込みリバウンド,2023-10,mature,2023-10-03,477,2023-10-10,859,0.800838574423,38200,-0.0204918032787,,0.202702702703,2.88828376121,0.710144927536,1,1,1,0.999393343514,0.81490403,EXACT_CANONICAL_2023_2026,,,,not_requested_historical,,,2026-09-19T23:38:33.900788+09:00,2026-09-19T23:38:33.900788+09:00
2023-10-02|2375|dual_top1_agreement,2023-10-02,2375,ギグワークス,,,dual_top1_agreement,2条件一致リバウンド,2023-10,mature,2023-10-03,477,2023-10-10,859,0.800838574423,38200,-0.0204918032787,,0.202702702703,2.88828376121,0.710144927536,1,1,1,0.999393343514,0.81490403,EXACT_CANONICAL_2023_2026,,,,not_requested_historical,,,2026-09-19T23:38:33.900788+09:00,2026-09-19T23:38:33.900788+09:00
2023-10-02|2375|dual_top1_agreement_g3_no_acute_selloff,2023-10-02,2375,ギグワークス,,,dual_top1_agreement_g3_no_acute_selloff,地合い安定・2条件一致,2023-10,mature,2023-10-03,477,2023-10-10,859,0.800838574423,38200,-0.0204918032787,,0.202702702703,2.88828376121,0.710144927536,1,1,1,0.999393343514,0.81490403,EXACT_CANONICAL_2023_2026,,,,not_requested_historical,,,2026-09-19T23:38:33.900788+09:00,2026-09-19T23:38:33.900788+09:00
2023-10-02|2375|mean_rank_volr20_body_pct,2023-10-02,2375,ギグワークス,,,mean_rank_volr20_body_pct,静かな売られ過ぎバランス,2023-10,mature,2023-10-03,477,2023-10-10,859,0.800838574423,38200,-0.0204918032787,,0.202702702703,2.88828376121,0.710144927536,1,1,1,0.999393343514,0.81490403,EXACT_CANONICAL_2023_2026,,,,not_requested_historical,,,2026-09-19T23:38:33.900788+09:00,2026-09-19T23:38:33.900788+09:00
2023-10-02|2375|volr20_low,2023-10-02,2375,ギグワークス,,,volr20_low,出来高沈静リバウンド,2023-10,mature,2023-10-03,477,2023-10-10,859,0.800838574423,38200,-0.0204918032787,,0.202702702703,2.88828376121,0.710144927536,1,1,1,0.999393343514,0.81490403,EXACT_CANONICAL_2023_2026,,,,not_requested_historical,,,2026-09-19T23:38:33.900788+09:00,2026-09-19T23:38:33.900788+09:00
2023-10-03|4882|body_pct_low,2023-10-03,4882,ペルセウスプロテオミクス,,,body_pct_low,陰線沈み込みリバウンド,2023-10,mature,2023-10-04,497,2023-10-11,507,0.0201207243461,1000,-0.0358306188925,,0.213615023474,1.59957536161,0.486842105263,0.5,0.5,0.5,0.999442154955,0.817008,EXACT_CANONICAL_2023_2026,,,,not_requested_historical,,,2026-09-19T23:38:33.900788+09:00,2026-09-19T23:38:33.900788+09:00
2023-10-03|4882|dual_top1_agreement,2023-10-03,4882,ペルセウスプロテオミクス,,,dual_top1_agreement,2条件一致リバウンド,2023-10,mature,2023-10-04,497,2023-10-11,507,0.0201207243461,1000,-0.0358306188925,,0.213615023474,1.59957536161,0.486842105263,0.5,0.5,0.5,0.999442154955,0.817008,EXACT_CANONICAL_2023_2026,,,,not_requested_historical,,,2026-09-19T23:38:33.900788+09:00,2026-09-19T23:38:33.900788+09:00
2023-10-03|4882|mean_rank_volr20_body_pct,2023-10-03,4882,ペルセウスプロテオミクス,,,mean_rank_volr20_body_pct,静かな売られ過ぎバランス,2023-10,mature,2023-10-04,497,2023-10-11,507,0.0201207243461,1000,-0.0358306188925,,0.213615023474,1.59957536161,0.486842105263,0.5,0.5,0.5,0.999442154955,0.817008,EXACT_CANONICAL_2023_2026,,,,not_requested_historical,,,2026-09-19T23:38:33.900788+09:00,2026-09-19T23:38:33.900788+09:00
2023-10-03|4882|volr20_low,2023-10-03,4882,ペルセウスプロテオミクス,,,volr20_low,出来高沈静リバウンド,2023-10,mature,2023-10-04,497,2023-10-11,507,0.0201207243461,1000,-0.0358306188925,,0.213615023474,1.59957536161,0.486842105263,0.5,0.5,0.5,0.999442154955,0.817008,EXACT_CANONICAL_2023_2026,,,,not_requested_historical,,,2026-09-19T23:38:33.900788+09:00,2026-09-19T23:38:33.900788+09:00
2023-10-04|4882|body_pct_low,2023-10-04,4882,ペルセウスプロテオミクス,,,body_pct_low,陰線沈み込みリバウンド,2023-10,mature,2023-10-05,518,2023-10-12,523,0.00965250965251,500,-0.0641711229947,,0.0882352941176,0.802997276736,0.403846153846,0.5,0.5,0.5,0.999549075256,0.8223534,EXACT_CANONICAL_2023_2026,,,,not_requested_historical,,,2026-09-19T23:38:33.900788+09:00,2026-09-19T23:38:33.900788+09:00
2023-10-04|4882|dual_top1_agreement,2023-10-04,4882,ペルセウスプロテオミクス,,,dual_top1_agreement,2条件一致リバウンド,2023-10,mature,2023-10-05,518,2023-10-12,523,0.00965250965251,500,-0.0641711229947,,0.0882352941176,0.802997276736,0.403846153846,0.5,0.5,0.5,0.999549075256,0.8223534,EXACT_CANONICAL_2023_2026,,,,not_requested_historical,,,2026-09-19T23:38:33.900788+09:00,2026-09-19T23:38:33.900788+09:00
2023-10-04|4882|mean_rank_volr20_body_pct,2023-10-04,4882,ペルセウスプロテオミクス,,,mean_rank_volr20_body_pct,静かな売られ過ぎバランス,2023-10,mature,2023-10-05,518,2023-10-12,523,0.00965250965251,500,-0.0641711229947,,0.0882352941176,0.802997276736,0.403846153846,0.5,0.5,0.5,0.999549075256,0.8223534,EXACT_CANONICAL_2023_2026,,,,not_requested_historical,,,2026-09-19T23:38:33.900788+09:00,2026-09-19T23:38:33.900788+09:00
2023-10-04|4882|volr20_low,2023-10-04,4882,ペルセウスプロテオミクス,,,volr20_low,出来高沈静リバウンド,2023-10,mature,2023-10-05,518,2023-10-12,523,0.00965250965251,500,-0.0641711229947,,0.0882352941176,0.802997276736,0.403846153846,0.5,0.5,0.5,0.999549075256,0.8223534,EXACT_CANONICAL_2023_2026,,,,not_requested_historical,,,2026-09-19T23:38:33.900788+09:00,2026-09-19T23:38:33.900788+09:00
2023-10-06|4882|body_pct_low,2023-10-06,4882,ペルセウスプロテオミクス,,,body_pct_low,陰線沈み込みリバウンド,2023-10,mature,2023-10-10,570,2023-10-16,451,-0.208771929825,-11900,-0.025459688826,,0.352657004831,0.790790490011,0.59,1,1,1,0.999451452373,0.8177992,EXACT_CANONICAL_2023_2026,,,,not_requested_historical,,,2026-09-19T23:38:33.900788+09:00,2026-09-19T23:38:33.900788+09:00
2023-10-06|4882|dual_top1_agreement,2023-10-06,4882,ペルセウスプロテオミクス,,,dual_top1_agreement,2条件一致リバウンド,2023-10,mature,2023-10-10,570,2023-10-16,451,-0.208771929825,-11900,-0.025459688826,,0.352657004831,0.790790490011,0.59,1,1,1,0.999451452373,0.8177992,EXACT_CANONICAL_2023_2026,,,,not_requested_historical,,,2026-09-19T23:38:33.900788+09:00,2026-09-19T23:38:33.900788+09:00
2023-10-06|4882|dual_top1_agreement_g3_no_acute_selloff,2023-10-06,4882,ペルセウスプロテオミクス,,,dual_top1_agreement_g3_no_acute_selloff,地合い安定・2条件一致,2023-10,mature,2023-10-10,570,2023-10-16,451,-0.208771929825,-11900,-0.025459688826,,0.352657004831,0.790790490011,0.59,1,1,1,0.999451452373,0.8177992,EXACT_CANONICAL_2023_2026,,,,not_requested_historical,,,2026-09-19T23:38:33.900788+09:00,2026-09-19T23:38:33.900788+09:00
2023-10-06|4882|mean_rank_volr20_body_pct,2023-10-06,4882,ペルセウスプロテオミクス,,,mean_rank_volr20_body_pct,静かな売られ過ぎバランス,2023-10,mature,2023-10-10,570,2023-10-16,451,-0.208771929825,-11900,-0.025459688826,,0.352657004831,0.790790490011,0.59,1,1,1,0.999451452373,0.8177992,EXACT_CANONICAL_2023_2026,,,,not_requested_historical,,,2026-09-19T23:38:33.900788+09:00,2026-09-19T23:38:33.900788+09:00
2023-10-06|4882|volr20_low,2023-10-06,4882,ペルセウスプロテオミクス,,,volr20_low,出来高沈静リバウンド,2023-10,mature,2023-10-10,570,2023-10-16,451,-0.208771929825,-11900,-0.025459688826,,0.352657004831,0.790790490011,0.59,1,1,1,0.999451452373,0.8177992,EXACT_CANONICAL_2023_2026,,,,not_requested_historical,,,2026-09-19T23:38:33.900788+09:00,2026-09-19T23:38:33.900788+09:00
2023-10-16|3779|body_pct_low,2023-10-16,3779,ジェイ・エスコムホールディングス,,,body_pct_low,陰線沈み込みリバウンド,2023-10,mature,2023-10-17,263,2023-10-23,248,-0.0570342205323,-1500,-0.0140672782875,,0.149779735683,1.51165567138,0.0666666666667,1,1,1,0.999537453484,0.8213314,EXACT_CANONICAL_2023_2026,,,,not_requested_historical,,,2026-09-19T23:38:33.900788+09:00,2026-09-19T23:38:33.900788+09:00
2023-10-16|3779|dual_top1_agreement,2023-10-16,3779,ジェイ・エスコムホールディングス,,,dual_top1_agreement,2条件一致リバウンド,2023-10,mature,2023-10-17,263,2023-10-23,248,-0.0570342205323,-1500,-0.0140672782875,,0.149779735683,1.51165567138,0.0666666666667,1,1,1,0.999537453484,0.8213314,EXACT_CANONICAL_2023_2026,,,,not_requested_historical,,,2026-09-19T23:38:33.900788+09:00,2026-09-19T23:38:33.900788+09:00
2023-10-16|3779|mean_rank_volr20_body_pct,2023-10-16,3779,ジェイ・エスコムホールディングス,,,mean_rank_volr20_body_pct,静かな売られ過ぎバランス,2023-10,mature,2023-10-17,263,2023-10-23,248,-0.0570342205323,-1500,-0.0140672782875,,0.149779735683,1.51165567138,0.0666666666667,1,1,1,0.999537453484,0.8213314,EXACT_CANONICAL_2023_2026,,,,not_requested_historical,,,2026-09-19T23:38:33.900788+09:00,2026-09-19T23:38:33.900788+09:00
2023-10-16|3779|volr20_low,2023-10-16,3779,ジェイ・エスコムホールディングス,,,volr20_low,出来高沈静リバウンド,2023-10,mature,2023-10-17,263,2023-10-23,248,-0.0570342205323,-1500,-0.0140672782875,,0.149779735683,1.51165567138,0.0666666666667,1,1,1,0.999537453484,0.8213314,EXACT_CANONICAL_2023_2026,,,,not_requested_historical,,,2026-09-19T23:38:33.900788+09:00,2026-09-19T23:38:33.900788+09:00
2023-10-17|2375|body_pct_low,2023-10-17,2375,ギグワークス,,,body_pct_low,陰線沈み込みリバウンド,2023-10,mature,2023-10-18,748,2023-10-24,1042,0.393048128342,29400,-0.0219010074463,,0.557303370787,1.51274928816,-0.0728476821192,0.5,0.5,0.5,0.999539777838,0.82153034,EXACT_CANONICAL_2023_2026,,,,not_requested_historical,,,2026-09-19T23:38:33.900788+09:00,2026-09-19T23:38:33.900788+09:00
2023-10-17|2375|dual_top1_agreement,2023-10-17,2375,ギグワークス,,,dual_top1_agreement,2条件一致リバウンド,2023-10,mature,2023-10-18,748,2023-10-24,1042,0.393048128342,29400,-0.0219010074463,,0.557303370787,1.51274928816,-0.0728476821192,0.5,0.5,0.5,0.999539777838,0.82153034,EXACT_CANONICAL_2023_2026,,,,not_requested_historical,,,2026-09-19T23:38:33.900788+09:00,2026-09-19T23:38:33.900788+09:00
2023-10-17|2375|dual_top1_agreement_g3_no_acute_selloff,2023-10-17,2375,ギグワークス,,,dual_top1_agreement_g3_no_acute_selloff,地合い安定・2条件一致,2023-10,mature,2023-10-18,748,2023-10-24,1042,0.393048128342,29400,-0.0219010074463,,0.557303370787,1.51274928816,-0.0728476821192,0.5,0.5,0.5,0.999539777838,0.82153034,EXACT_CANONICAL_2023_2026,,,,not_requested_historical,,,2026-09-19T23:38:33.900788+09:00,2026-09-19T23:38:33.900788+09:00
2023-10-17|2375|mean_rank_volr20_body_pct,2023-10-17,2375,ギグワークス,,,mean_rank_volr20_body_pct,静かな売られ過ぎバランス,2023-10,mature,2023-10-18,748,2023-10-24,1042,0.393048128342,29400,-0.0219010074463,,0.557303370787,1.51274928816,-0.0728476821192,0.5,0.5,0.5,0.999539777838,0.82153034,EXACT_CANONICAL_2023_2026,,,,not_requested_historical,,,2026-09-19T23:38:33.900788+09:00,2026-09-19T23:38:33.900788+09:00
2023-10-17|2375|volr20_low,2023-10-17,2375,ギグワークス,,,volr20_low,出来高沈静リバウンド,2023-10,mature,2023-10-18,748,2023-10-24,1042,0.393048128342,29400,-0.0219010074463,,0.557303370787,1.51274928816,-0.0728476821192,0.5,0.5,0.5,0.999539777838,0.82153034,EXACT_CANONICAL_2023_2026,,,,not_requested_historical,,,2026-09-19T23:38:33.900788+09:00,2026-09-19T23:38:33.900788+09:00
2023-10-18|6573|body_pct_low,2023-10-18,6573,ＣＲＡＶＩＡ,,,body_pct_low,陰線沈み込みリバウンド,2023-10,mature,2023-10-19,908,2023-10-25,797,-0.122246696035,-11100,-0.0106976744186,,0.116336633663,4.88091483731,0.018018018018,1,1,1,0.999611832823,0.82542574,EXACT_CANONICAL_2023_2026,,,,not_requested_historical,,,2026-09-19T23:38:33.900788+09:00,2026-09-19T23:38:33.900788+09:00
2023-10-18|6573|dual_top1_agreement,2023-10-18,6573,ＣＲＡＶＩＡ,,,dual_top1_agreement,2条件一致リバウンド,2023-10,mature,2023-10-19,908,2023-10-25,797,-0.122246696035,-11100,-0.0106976744186,,0.116336633663,4.88091483731,0.018018018018,1,1,1,0.999611832823,0.82542574,EXACT_CANONICAL_2023_2026,,,,not_requested_historical,,,2026-09-19T23:38:33.900788+09:00,2026-09-19T23:38:33.900788+09:00
2023-10-18|6573|dual_top1_agreement_g3_no_acute_selloff,2023-10-18,6573,ＣＲＡＶＩＡ,,,dual_top1_agreement_g3_no_acute_selloff,地合い安定・2条件一致,2023-10,mature,2023-10-19,908,2023-10-25,797,-0.122246696035,-11100,-0.0106976744186,,0.116336633663,4.88091483731,0.018018018018,1,1,1,0.999611832823,0.82542574,EXACT_CANONICAL_2023_2026,,,,not_requested_historical,,,2026-09-19T23:38:33.900788+09:00,2026-09-19T23:38:33.900788+09:00
2023-10-18|6573|mean_rank_volr20_body_pct,2023-10-18,6573,ＣＲＡＶＩＡ,,,mean_rank_volr20_body_pct,静かな売られ過ぎバランス,2023-10,mature,2023-10-19,908,2023-10-25,797,-0.122246696035,-11100,-0.0106976744186,,0.116336633663,4.88091483731,0.018018018018,1,1,1,0.999611832823,0.82542574,EXACT_CANONICAL_2023_2026,,,,not_requested_historical,,,2026-09-19T23:38:33.900788+09:00,2026-09-19T23:38:33.900788+09:00
2023-10-18|6573|volr20_low,2023-10-18,6573,ＣＲＡＶＩＡ,,,volr20_low,出来高沈静リバウンド,2023-10,mature,2023-10-19,908,2023-10-25,797,-0.122246696035,-11100,-0.0106976744186,,0.116336633663,4.88091483731,0.018018018018,1,1,1,0.999611832823,0.82542574,EXACT_CANONICAL_2023_2026,,,,not_requested_historical,,,2026-09-19T23:38:33.900788+09:00,2026-09-19T23:38:33.900788+09:00
2023-10-19|6573|body_pct_low,2023-10-19,6573,ＣＲＡＶＩＡ,,,body_pct_low,陰線沈み込みリバウンド,2023-10,mature,2023-10-20,900,2023-10-26,669,-0.256666666667,-23100,-0.0227349847302,,0.14465408805,2.72335636579,0.02,1,1,1,0.999242260481,0.8096493,EXACT_CANONICAL_2023_2026,,,,not_requested_historical,,,2026-09-19T23:38:33.900788+09:00,2026-09-19T23:38:33.900788+09:00
2023-10-19|6573|dual_top1_agreement,2023-10-19,6573,ＣＲＡＶＩＡ,,,dual_top1_agreement,2条件一致リバウンド,2023-10,mature,2023-10-20,900,2023-10-26,669,-0.256666666667,-23100,-0.0227349847302,,0.14465408805,2.72335636579,0.02,1,1,1,0.999242260481,0.8096493,EXACT_CANONICAL_2023_2026,,,,not_requested_historical,,,2026-09-19T23:38:33.900788+09:00,2026-09-19T23:38:33.900788+09:00
2023-10-19|6573|dual_top1_agreement_g3_no_acute_selloff,2023-10-19,6573,ＣＲＡＶＩＡ,,,dual_top1_agreement_g3_no_acute_selloff,地合い安定・2条件一致,2023-10,mature,2023-10-20,900,2023-10-26,669,-0.256666666667,-23100,-0.0227349847302,,0.14465408805,2.72335636579,0.02,1,1,1,0.999242260481,0.8096493,EXACT_CANONICAL_2023_2026,,,,not_requested_historical,,,2026-09-19T23:38:33.900788+09:00,2026-09-19T23:38:33.900788+09:00
2023-10-19|6573|mean_rank_volr20_body_pct,2023-10-19,6573,ＣＲＡＶＩＡ,,,mean_rank_volr20_body_pct,静かな売られ過ぎバランス,2023-10,mature,2023-10-20,900,2023-10-26,669,-0.256666666667,-23100,-0.0227349847302,,0.14465408805,2.72335636579,0.02,1,1,1,0.999242260481,0.8096493,EXACT_CANONICAL_2023_2026,,,,not_requested_historical,,,2026-09-19T23:38:33.900788+09:00,2026-09-19T23:38:33.900788+09:00
2023-10-19|6573|volr20_low,2023-10-19,6573,ＣＲＡＶＩＡ,,,volr20_low,出来高沈静リバウンド,2023-10,mature,2023-10-20,900,2023-10-26,669,-0.256666666667,-23100,-0.0227349847302,,0.14465408805,2.72335636579,0.02,1,1,1,0.999242260481,0.8096493,EXACT_CANONICAL_2023_2026,,,,not_requested_historical,,,2026-09-19T23:38:33.900788+09:00,2026-09-19T23:38:33.900788+09:00
2023-10-23|3189|body_pct_low,2023-10-23,3189,ＡＮＡＰホールディングス,,,body_pct_low,陰線沈み込みリバウンド,2023-10,mature,2023-10-24,310,2023-10-30,346,0.116129032258,3600,-0.00873362445415,,0.347457627119,8.64568527919,-0.886956521739,1,1,1,0.999493290751,0.8193077,EXACT_CANONICAL_2023_2026,,,,not_requested_historical,,,2026-09-19T23:38:33.900788+09:00,2026-09-19T23:38:33.900788+09:00
2023-10-23|3189|dual_top1_agreement,2023-10-23,3189,ＡＮＡＰホールディングス,,,dual_top1_agreement,2条件一致リバウンド,2023-10,mature,2023-10-24,310,2023-10-30,346,0.116129032258,3600,-0.00873362445415,,0.347457627119,8.64568527919,-0.886956521739,1,1,1,0.999493290751,0.8193077,EXACT_CANONICAL_2023_2026,,,,not_requested_historical,,,2026-09-19T23:38:33.900788+09:00,2026-09-19T23:38:33.900788+09:00
2023-10-23|3189|dual_top1_agreement_g3_no_acute_selloff,2023-10-23,3189,ＡＮＡＰホールディングス,,,dual_top1_agreement_g3_no_acute_selloff,地合い安定・2条件一致,2023-10,mature,2023-10-24,310,2023-10-30,346,0.116129032258,3600,-0.00873362445415,,0.347457627119,8.64568527919,-0.886956521739,1,1,1,0.999493290751,0.8193077,EXACT_CANONICAL_2023_2026,,,,not_requested_historical,,,2026-09-19T23:38:33.900788+09:00,2026-09-19T23:38:33.900788+09:00
2023-10-23|3189|mean_rank_volr20_body_pct,2023-10-23,3189,ＡＮＡＰホールディングス,,,mean_rank_volr20_body_pct,静かな売られ過ぎバランス,2023-10,mature,2023-10-24,310,2023-10-30,346,0.116129032258,3600,-0.00873362445415,,0.347457627119,8.64568527919,-0.886956521739,1,1,1,0.999493290751,0.8193077,EXACT_CANONICAL_2023_2026,,,,not_requested_historical,,,2026-09-19T23:38:33.900788+09:00,2026-09-19T23:38:33.900788+09:00
2023-10-23|3189|volr20_low,2023-10-23,3189,ＡＮＡＰホールディングス,,,volr20_low,出来高沈静リバウンド,2023-10,mature,2023-10-24,310,2023-10-30,346,0.116129032258,3600,-0.00873362445415,,0.347457627119,8.64568527919,-0.886956521739,1,1,1,0.999493290751,0.8193077,EXACT_CANONICAL_2023_2026,,,,not_requested_historical,,,2026-09-19T23:38:33.900788+09:00,2026-09-19T23:38:33.900788+09:00
2023-10-24|2375|body_pct_low,2023-10-24,2375,ギグワークス,,,body_pct_low,陰線沈み込みリバウンド,2023-10,mature,2023-10-25,1015,2023-10-31,916,-0.0975369458128,-9900,-0.00984085215611,,0.213038416764,1.03094247844,0.221198156682,0.5,0.5,0.5,0.999632752012,0.82709473,EXACT_CANONICAL_2023_2026,,,,not_requested_historical,,,2026-09-19T23:38:33.900788+09:00,2026-09-19T23:38:33.900788+09:00
2023-10-24|2375|dual_top1_agreement,2023-10-24,2375,ギグワークス,,,dual_top1_agreement,2条件一致リバウンド,2023-10,mature,2023-10-25,1015,2023-10-31,916,-0.0975369458128,-9900,-0.00984085215611,,0.213038416764,1.03094247844,0.221198156682,0.5,0.5,0.5,0.999632752012,0.82709473,EXACT_CANONICAL_2023_2026,,,,not_requested_historical,,,2026-09-19T23:38:33.900788+09:00,2026-09-19T23:38:33.900788+09:00
2023-10-24|2375|dual_top1_agreement_g3_no_acute_selloff,2023-10-24,2375,ギグワークス,,,dual_top1_agreement_g3_no_acute_selloff,地合い安定・2条件一致,2023-10,mature,2023-10-25,1015,2023-10-31,916,-0.0975369458128,-9900,-0.00984085215611,,0.213038416764,1.03094247844,0.221198156682,0.5,0.5,0.5,0.999632752012,0.82709473,EXACT_CANONICAL_2023_2026,,,,not_requested_historical,,,2026-09-19T23:38:33.900788+09:00,2026-09-19T23:38:33.900788+09:00
2023-10-24|2375|mean_rank_volr20_body_pct,2023-10-24,2375,ギグワークス,,,mean_rank_volr20_body_pct,静かな売られ過ぎバランス,2023-10,mature,2023-10-25,1015,2023-10-31,916,-0.0975369458128,-9900,-0.00984085215611,,0.213038416764,1.03094247844,0.221198156682,0.5,0.5,0.5,0.999632752012,0.82709473,EXACT_CANONICAL_2023_2026,,,,not_requested_historical,,,2026-09-19T23:38:33.900788+09:00,2026-09-19T23:38:33.900788+09:00
2023-10-24|2375|volr20_low,2023-10-24,2375,ギグワークス,,,volr20_low,出来高沈静リバウンド,2023-10,mature,2023-10-25,1015,2023-10-31,916,-0.0975369458128,-9900,-0.00984085215611,,0.213038416764,1.03094247844,0.221198156682,0.5,0.5,0.5,0.999632752012,0.82709473,EXACT_CANONICAL_2023_2026,,,,not_requested_historical,,,2026-09-19T23:38:33.900788+09:00,2026-09-19T23:38:33.900788+09:00
2023-12-08|7273|body_pct_low,2023-12-08,7273,イクヨ,,,body_pct_low,陰線沈み込みリバウンド,2023-12,mature,2023-12-11,289.700012207,2023-12-15,274.5,-0.0524681103436,-1520.0012207,-0.0179185350758,,0.504400414791,4.71069549971,-0.357487922705,1,1,1,0.999633216731,0.82858485,EXACT_CANONICAL_2023_2026,,,,not_requested_historical,,,2026-09-19T23:38:33.900788+09:00,2026-09-19T23:38:33.900788+09:00
2023-12-08|7273|dual_top1_agreement,2023-12-08,7273,イクヨ,,,dual_top1_agreement,2条件一致リバウンド,2023-12,mature,2023-12-11,289.700012207,2023-12-15,274.5,-0.0524681103436,-1520.0012207,-0.0179185350758,,0.504400414791,4.71069549971,-0.357487922705,1,1,1,0.999633216731,0.82858485,EXACT_CANONICAL_2023_2026,,,,not_requested_historical,,,2026-09-19T23:38:33.900788+09:00,2026-09-19T23:38:33.900788+09:00
2023-12-08|7273|mean_rank_volr20_body_pct,2023-12-08,7273,イクヨ,,,mean_rank_volr20_body_pct,静かな売られ過ぎバランス,2023-12,mature,2023-12-11,289.700012207,2023-12-15,274.5,-0.0524681103436,-1520.0012207,-0.0179185350758,,0.504400414791,4.71069549971,-0.357487922705,1,1,1,0.999633216731,0.82858485,EXACT_CANONICAL_2023_2026,,,,not_requested_historical,,,2026-09-19T23:38:33.900788+09:00,2026-09-19T23:38:33.900788+09:00
2023-12-08|7273|volr20_low,2023-12-08,7273,イクヨ,,,volr20_low,出来高沈静リバウンド,2023-12,mature,2023-12-11,289.700012207,2023-12-15,274.5,-0.0524681103436,-1520.0012207,-0.0179185350758,,0.504400414791,4.71069549971,-0.357487922705,1,1,1,0.999633216731,0.82858485,EXACT_CANONICAL_2023_2026,,,,not_requested_historical,,,2026-09-19T23:38:33.900788+09:00,2026-09-19T23:38:33.900788+09:00
2023-12-11|6731|body_pct_low,2023-12-11,6731,ピクセラ,,,body_pct_low,陰線沈み込みリバウンド,2023-12,mature,2023-12-12,1000,2023-12-18,1000,0,0,-0.00979906313787,,0,0.992756174858,1,1,1,1,0.999995808191,0.873449,EXACT_CANONICAL_2023_2026,,,,not_requested_historical,,,2026-09-19T23:38:33.900788+09:00,2026-09-19T23:38:33.900788+09:00
2023-12-11|6731|dual_top1_agreement,2023-12-11,6731,ピクセラ,,,dual_top1_agreement,2条件一致リバウンド,2023-12,mature,2023-12-12,1000,2023-12-18,1000,0,0,-0.00979906313787,,0,0.992756174858,1,1,1,1,0.999995808191,0.873449,EXACT_CANONICAL_2023_2026,,,,not_requested_historical,,,2026-09-19T23:38:33.900788+09:00,2026-09-19T23:38:33.900788+09:00
2023-12-11|6731|dual_top1_agreement_g3_no_acute_selloff,2023-12-11,6731,ピクセラ,,,dual_top1_agreement_g3_no_acute_selloff,地合い安定・2条件一致,2023-12,mature,2023-12-12,1000,2023-12-18,1000,0,0,-0.00979906313787,,0,0.992756174858,1,1,1,1,0.999995808191,0.873449,EXACT_CANONICAL_2023_2026,,,,not_requested_historical,,,2026-09-19T23:38:33.900788+09:00,2026-09-19T23:38:33.900788+09:00
2023-12-11|6731|mean_rank_volr20_body_pct,2023-12-11,6731,ピクセラ,,,mean_rank_volr20_body_pct,静かな売られ過ぎバランス,2023-12,mature,2023-12-12,1000,2023-12-18,1000,0,0,-0.00979906313787,,0,0.992756174858,1,1,1,1,0.999995808191,0.873449,EXACT_CANONICAL_2023_2026,,,,not_requested_historical,,,2026-09-19T23:38:33.900788+09:00,2026-09-19T23:38:33.900788+09:00
2023-12-11|6731|volr20_low,2023-12-11,6731,ピクセラ,,,volr20_low,出来高沈静リバウンド,2023-12,mature,2023-12-12,1000,2023-12-18,1000,0,0,-0.00979906313787,,0,0.992756174858,1,1,1,1,0.999995808191,0.873449,EXACT_CANONICAL_2023_2026,,,,not_requested_historical,,,2026-09-19T23:38:33.900788+09:00,2026-09-19T23:38:33.900788+09:00
2023-12-14|6085|body_pct_low,2023-12-14,6085,アーキテクツ・スタジオ・ジャパン,,,body_pct_low,陰線沈み込みリバウンド,2023-12,mature,2023-12-15,24.1333332062,2023-12-21,19.3666667938,-0.197513802658,-476.666641235,-0.0151515151515,,0.0681114803376,1.52629111649,0.593023495651,1,1,1,0.999733820142,0.83416694,EXACT_CANONICAL_2023_2026,,,,not_requested_historical,,,2026-09-19T23:38:33.900788+09:00,2026-09-19T23:38:33.900788+09:00
2023-12-14|6085|dual_top1_agreement,2023-12-14,6085,アーキテクツ・スタジオ・ジャパン,,,dual_top1_agreement,2条件一致リバウンド,2023-12,mature,2023-12-15,24.1333332062,2023-12-21,19.3666667938,-0.197513802658,-476.666641235,-0.0151515151515,,0.0681114803376,1.52629111649,0.593023495651,1,1,1,0.999733820142,0.83416694,EXACT_CANONICAL_2023_2026,,,,not_requested_historical,,,2026-09-19T23:38:33.900788+09:00,2026-09-19T23:38:33.900788+09:00
2023-12-14|6085|dual_top1_agreement_g3_no_acute_selloff,2023-12-14,6085,アーキテクツ・スタジオ・ジャパン,,,dual_top1_agreement_g3_no_acute_selloff,地合い安定・2条件一致,2023-12,mature,2023-12-15,24.1333332062,2023-12-21,19.3666667938,-0.197513802658,-476.666641235,-0.0151515151515,,0.0681114803376,1.52629111649,0.593023495651,1,1,1,0.999733820142,0.83416694,EXACT_CANONICAL_2023_2026,,,,not_requested_historical,,,2026-09-19T23:38:33.900788+09:00,2026-09-19T23:38:33.900788+09:00
2023-12-14|6085|mean_rank_volr20_body_pct,2023-12-14,6085,アーキテクツ・スタジオ・ジャパン,,,mean_rank_volr20_body_pct,静かな売られ過ぎバランス,2023-12,mature,2023-12-15,24.1333332062,2023-12-21,19.3666667938,-0.197513802658,-476.666641235,-0.0151515151515,,0.0681114803376,1.52629111649,0.593023495651,1,1,1,0.999733820142,0.83416694,EXACT_CANONICAL_2023_2026,,,,not_requested_historical,,,2026-09-19T23:38:33.900788+09:00,2026-09-19T23:38:33.900788+09:00
2023-12-14|6085|volr20_low,2023-12-14,6085,アーキテクツ・スタジオ・ジャパン,,,volr20_low,出来高沈静リバウンド,2023-12,mature,2023-12-15,24.1333332062,2023-12-21,19.3666667938,-0.197513802658,-476.666641235,-0.0151515151515,,0.0681114803376,1.52629111649,0.593023495651,1,1,1,0.999733820142,0.83416694,EXACT_CANONICAL_2023_2026,,,,not_requested_historical,,,2026-09-19T23:38:33.900788+09:00,2026-09-19T23:38:33.900788+09:00
2023-12-18|3077|body_pct_low,2023-12-18,3077,ホリイフードサービス,,,body_pct_low,陰線沈み込みリバウンド,2023-12,mature,2023-12-19,436,2023-12-25,530,0.215596330275,9400,-0.0122324159021,,0.573529411765,5.27078311708,0.616666666667,1,1,1,0.999962273721,0.8592921,EXACT_CANONICAL_2023_2026,,,,not_requested_historical,,,2026-09-19T23:38:33.900788+09:00,2026-09-19T23:38:33.900788+09:00
2023-12-18|3077|dual_top1_agreement,2023-12-18,3077,ホリイフードサービス,,,dual_top1_agreement,2条件一致リバウンド,2023-12,mature,2023-12-19,436,2023-12-25,530,0.215596330275,9400,-0.0122324159021,,0.573529411765,5.27078311708,0.616666666667,1,1,1,0.999962273721,0.8592921,EXACT_CANONICAL_2023_2026,,,,not_requested_historical,,,2026-09-19T23:38:33.900788+09:00,2026-09-19T23:38:33.900788+09:00
2023-12-18|3077|dual_top1_agreement_g3_no_acute_selloff,2023-12-18,3077,ホリイフードサービス,,,dual_top1_agreement_g3_no_acute_selloff,地合い安定・2条件一致,2023-12,mature,2023-12-19,436,2023-12-25,530,0.215596330275,9400,-0.0122324159021,,0.573529411765,5.27078311708,0.616666666667,1,1,1,0.999962273721,0.8592921,EXACT_CANONICAL_2023_2026,,,,not_requested_historical,,,2026-09-19T23:38:33.900788+09:00,2026-09-19T23:38:33.900788+09:00
2023-12-18|3077|mean_rank_volr20_body_pct,2023-12-18,3077,ホリイフードサービス,,,mean_rank_volr20_body_pct,静かな売られ過ぎバランス,2023-12,mature,2023-12-19,436,2023-12-25,530,0.215596330275,9400,-0.0122324159021,,0.573529411765,5.27078311708,0.616666666667,1,1,1,0.999962273721,0.8592921,EXACT_CANONICAL_2023_2026,,,,not_requested_historical,,,2026-09-19T23:38:33.900788+09:00,2026-09-19T23:38:33.900788+09:00
2023-12-18|3077|volr20_low,2023-12-18,3077,ホリイフードサービス,,,volr20_low,出来高沈静リバウンド,2023-12,mature,2023-12-19,436,2023-12-25,530,0.215596330275,9400,-0.0122324159021,,0.573529411765,5.27078311708,0.616666666667,1,1,1,0.999962273721,0.8592921,EXACT_CANONICAL_2023_2026,,,,not_requested_historical,,,2026-09-19T23:38:33.900788+09:00,2026-09-19T23:38:33.900788+09:00
2024-01-17|4073|body_pct_low,2024-01-17,4073,ジィ・シィ企画,,,body_pct_low,陰線沈み込みリバウンド,2024-01,mature,2024-01-18,830,2024-01-24,748,-0.0987951807229,-8200,-0.00569125002362,,0.27245508982,4.21145303934,-0.342342342342,1,1,1,0.999451379233,0.8201557,EXACT_CANONICAL_2023_2026,,,,not_requested_historical,,,2026-09-19T23:38:33.900788+09:00,2026-09-19T23:38:33.900788+09:00
2024-01-17|4073|dual_top1_agreement,2024-01-17,4073,ジィ・シィ企画,,,dual_top1_agreement,2条件一致リバウンド,2024-01,mature,2024-01-18,830,2024-01-24,748,-0.0987951807229,-8200,-0.00569125002362,,0.27245508982,4.21145303934,-0.342342342342,1,1,1,0.999451379233,0.8201557,EXACT_CANONICAL_2023_2026,,,,not_requested_historical,,,2026-09-19T23:38:33.900788+09:00,2026-09-19T23:38:33.900788+09:00
2024-01-17|4073|dual_top1_agreement_g3_no_acute_selloff,2024-01-17,4073,ジィ・シィ企画,,,dual_top1_agreement_g3_no_acute_selloff,地合い安定・2条件一致,2024-01,mature,2024-01-18,830,2024-01-24,748,-0.0987951807229,-8200,-0.00569125002362,,0.27245508982,4.21145303934,-0.342342342342,1,1,1,0.999451379233,0.8201557,EXACT_CANONICAL_2023_2026,,,,not_requested_historical,,,2026-09-19T23:38:33.900788+09:00,2026-09-19T23:38:33.900788+09:00
2024-01-17|4073|mean_rank_volr20_body_pct,2024-01-17,4073,ジィ・シィ企画,,,mean_rank_volr20_body_pct,静かな売られ過ぎバランス,2024-01,mature,2024-01-18,830,2024-01-24,748,-0.0987951807229,-8200,-0.00569125002362,,0.27245508982,4.21145303934,-0.342342342342,1,1,1,0.999451379233,0.8201557,EXACT_CANONICAL_2023_2026,,,,not_requested_historical,,,2026-09-19T23:38:33.900788+09:00,2026-09-19T23:38:33.900788+09:00
2024-01-17|4073|volr20_low,2024-01-17,4073,ジィ・シィ企画,,,volr20_low,出来高沈静リバウンド,2024-01,mature,2024-01-18,830,2024-01-24,748,-0.0987951807229,-8200,-0.00569125002362,,0.27245508982,4.21145303934,-0.342342342342,1,1,1,0.999451379233,0.8201557,EXACT_CANONICAL_2023_2026,,,,not_requested_historical,,,2026-09-19T23:38:33.900788+09:00,2026-09-19T23:38:33.900788+09:00
2024-01-18|3358|body_pct_low,2024-01-18,3358,Ｔｒａｉｌｈｅａｄ　Ｇｌｏｂａｌ　Ｈｏｌｄｉｎｇｓ,,,body_pct_low,陰線沈み込みリバウンド,2024-01,mature,2024-01-19,127.800003052,2024-01-25,130.399993896,0.0203442158266,259.999084473,-0.00719794534743,,0.567901234568,1.98837587091,0.0533335367839,1,1,1,0.999291780464,0.8132218,EXACT_CANONICAL_2023_2026,,,,not_requested_historical,,,2026-09-19T23:38:33.900788+09:00,2026-09-19T23:38:33.900788+09:00
2024-01-18|3358|dual_top1_agreement,2024-01-18,3358,Ｔｒａｉｌｈｅａｄ　Ｇｌｏｂａｌ　Ｈｏｌｄｉｎｇｓ,,,dual_top1_agreement,2条件一致リバウンド,2024-01,mature,2024-01-19,127.800003052,2024-01-25,130.399993896,0.0203442158266,259.999084473,-0.00719794534743,,0.567901234568,1.98837587091,0.0533335367839,1,1,1,0.999291780464,0.8132218,EXACT_CANONICAL_2023_2026,,,,not_requested_historical,,,2026-09-19T23:38:33.900788+09:00,2026-09-19T23:38:33.900788+09:00
2024-01-18|3358|dual_top1_agreement_g3_no_acute_selloff,2024-01-18,3358,Ｔｒａｉｌｈｅａｄ　Ｇｌｏｂａｌ　Ｈｏｌｄｉｎｇｓ,,,dual_top1_agreement_g3_no_acute_selloff,地合い安定・2条件一致,2024-01,mature,2024-01-19,127.800003052,2024-01-25,130.399993896,0.0203442158266,259.999084473,-0.00719794534743,,0.567901234568,1.98837587091,0.0533335367839,1,1,1,0.999291780464,0.8132218,EXACT_CANONICAL_2023_2026,,,,not_requested_historical,,,2026-09-19T23:38:33.900788+09:00,2026-09-19T23:38:33.900788+09:00
2024-01-18|3358|mean_rank_volr20_body_pct,2024-01-18,3358,Ｔｒａｉｌｈｅａｄ　Ｇｌｏｂａｌ　Ｈｏｌｄｉｎｇｓ,,,mean_rank_volr20_body_pct,静かな売られ過ぎバランス,2024-01,mature,2024-01-19,127.800003052,2024-01-25,130.399993896,0.0203442158266,259.999084473,-0.00719794534743,,0.567901234568,1.98837587091,0.0533335367839,1,1,1,0.999291780464,0.8132218,EXACT_CANONICAL_2023_2026,,,,not_requested_historical,,,2026-09-19T23:38:33.900788+09:00,2026-09-19T23:38:33.900788+09:00
2024-01-18|3358|volr20_low,2024-01-18,3358,Ｔｒａｉｌｈｅａｄ　Ｇｌｏｂａｌ　Ｈｏｌｄｉｎｇｓ,,,volr20_low,出来高沈静リバウンド,2024-01,mature,2024-01-19,127.800003052,2024-01-25,130.399993896,0.0203442158266,259.999084473,-0.00719794534743,,0.567901234568,1.98837587091,0.0533335367839,1,1,1,0.999291780464,0.8132218,EXACT_CANONICAL_2023_2026,,,,not_requested_historical,,,2026-09-19T23:38:33.900788+09:00,2026-09-19T23:38:33.900788+09:00
2024-02-08|7601|body_pct_low,2024-02-08,7601,ポプラ,,,body_pct_low,陰線沈み込みリバウンド,2024-02,mature,2024-02-09,404,2024-02-16,282,-0.30198019802,-12200,-0.00120578856052,,0.528301886792,7.89129005819,0.894736842105,1,1,1,0.999378613601,0.8130594,EXACT_CANONICAL_2023_2026,,,,not_requested_historical,,,2026-09-19T23:38:33.900788+09:00,2026-09-19T23:38:33.900788+09:00
2024-02-08|7601|dual_top1_agreement,2024-02-08,7601,ポプラ,,,dual_top1_agreement,2条件一致リバウンド,2024-02,mature,2024-02-09,404,2024-02-16,282,-0.30198019802,-12200,-0.00120578856052,,0.528301886792,7.89129005819,0.894736842105,1,1,1,0.999378613601,0.8130594,EXACT_CANONICAL_2023_2026,,,,not_requested_historical,,,2026-09-19T23:38:33.900788+09:00,2026-09-19T23:38:33.900788+09:00
2024-02-08|7601|dual_top1_agreement_g3_no_acute_selloff,2024-02-08,7601,ポプラ,,,dual_top1_agreement_g3_no_acute_selloff,地合い安定・2条件一致,2024-02,mature,2024-02-09,404,2024-02-16,282,-0.30198019802,-12200,-0.00120578856052,,0.528301886792,7.89129005819,0.894736842105,1,1,1,0.999378613601,0.8130594,EXACT_CANONICAL_2023_2026,,,,not_requested_historical,,,2026-09-19T23:38:33.900788+09:00,2026-09-19T23:38:33.900788+09:00
2024-02-08|7601|mean_rank_volr20_body_pct,2024-02-08,7601,ポプラ,,,mean_rank_volr20_body_pct,静かな売られ過ぎバランス,2024-02,mature,2024-02-09,404,2024-02-16,282,-0.30198019802,-12200,-0.00120578856052,,0.528301886792,7.89129005819,0.894736842105,1,1,1,0.999378613601,0.8130594,EXACT_CANONICAL_2023_2026,,,,not_requested_historical,,,2026-09-19T23:38:33.900788+09:00,2026-09-19T23:38:33.900788+09:00
2024-02-08|7601|volr20_low,2024-02-08,7601,ポプラ,,,volr20_low,出来高沈静リバウンド,2024-02,mature,2024-02-09,404,2024-02-16,282,-0.30198019802,-12200,-0.00120578856052,,0.528301886792,7.89129005819,0.894736842105,1,1,1,0.999378613601,0.8130594,EXACT_CANONICAL_2023_2026,,,,not_requested_historical,,,2026-09-19T23:38:33.900788+09:00,2026-09-19T23:38:33.900788+09:00
2024-02-14|7689|body_pct_low,2024-02-14,7689,コパ・コーポレーション,,,body_pct_low,陰線沈み込みリバウンド,2024-02,mature,2024-02-15,911,2024-02-21,955,0.0482985729967,4400,-0.011262029948,,0.56529209622,3.06441014558,0.4375,1,1,1,0.999799244394,0.83391154,EXACT_CANONICAL_2023_2026,,,,not_requested_historical,,,2026-09-19T23:38:33.900788+09:00,2026-09-19T23:38:33.900788+09:00
2024-02-14|7689|dual_top1_agreement,2024-02-14,7689,コパ・コーポレーション,,,dual_top1_agreement,2条件一致リバウンド,2024-02,mature,2024-02-15,911,2024-02-21,955,0.0482985729967,4400,-0.011262029948,,0.56529209622,3.06441014558,0.4375,1,1,1,0.999799244394,0.83391154,EXACT_CANONICAL_2023_2026,,,,not_requested_historical,,,2026-09-19T23:38:33.900788+09:00,2026-09-19T23:38:33.900788+09:00
2024-02-14|7689|dual_top1_agreement_g3_no_acute_selloff,2024-02-14,7689,コパ・コーポレーション,,,dual_top1_agreement_g3_no_acute_selloff,地合い安定・2条件一致,2024-02,mature,2024-02-15,911,2024-02-21,955,0.0482985729967,4400,-0.011262029948,,0.56529209622,3.06441014558,0.4375,1,1,1,0.999799244394,0.83391154,EXACT_CANONICAL_2023_2026,,,,not_requested_historical,,,2026-09-19T23:38:33.900788+09:00,2026-09-19T23:38:33.900788+09:00
2024-02-14|7689|mean_rank_volr20_body_pct,2024-02-14,7689,コパ・コーポレーション,,,mean_rank_volr20_body_pct,静かな売られ過ぎバランス,2024-02,mature,2024-02-15,911,2024-02-21,955,0.0482985729967,4400,-0.011262029948,,0.56529209622,3.06441014558,0.4375,1,1,1,0.999799244394,0.83391154,EXACT_CANONICAL_2023_2026,,,,not_requested_historical,,,2026-09-19T23:38:33.900788+09:00,2026-09-19T23:38:33.900788+09:00
2024-02-14|7689|volr20_low,2024-02-14,7689,コパ・コーポレーション,,,volr20_low,出来高沈静リバウンド,2024-02,mature,2024-02-15,911,2024-02-21,955,0.0482985729967,4400,-0.011262029948,,0.56529209622,3.06441014558,0.4375,1,1,1,0.999799244394,0.83391154,EXACT_CANONICAL_2023_2026,,,,not_requested_historical,,,2026-09-19T23:38:33.900788+09:00,2026-09-19T23:38:33.900788+09:00
2024-02-15|2970|body_pct_low,2024-02-15,2970,ＧＬＣ　ＧＲＯＵＰ,,,body_pct_low,陰線沈み込みリバウンド,2024-02,mature,2024-02-16,646,2024-02-22,725,0.122291021672,7900,-0.0188679245283,,0.396689802456,4.6966362779,-0.380753138075,1,1,1,0.999325078773,0.8112998,EXACT_CANONICAL_2023_2026,,,,not_requested_historical,,,2026-09-19T23:38:33.900788+09:00,2026-09-19T23:38:33.900788+09:00
2024-02-15|2970|dual_top1_agreement,2024-02-15,2970,ＧＬＣ　ＧＲＯＵＰ,,,dual_top1_agreement,2条件一致リバウンド,2024-02,mature,2024-02-16,646,2024-02-22,725,0.122291021672,7900,-0.0188679245283,,0.396689802456,4.6966362779,-0.380753138075,1,1,1,0.999325078773,0.8112998,EXACT_CANONICAL_2023_2026,,,,not_requested_historical,,,2026-09-19T23:38:33.900788+09:00,2026-09-19T23:38:33.900788+09:00
2024-02-15|2970|dual_top1_agreement_g3_no_acute_selloff,2024-02-15,2970,ＧＬＣ　ＧＲＯＵＰ,,,dual_top1_agreement_g3_no_acute_selloff,地合い安定・2条件一致,2024-02,mature,2024-02-16,646,2024-02-22,725,0.122291021672,7900,-0.0188679245283,,0.396689802456,4.6966362779,-0.380753138075,1,1,1,0.999325078773,0.8112998,EXACT_CANONICAL_2023_2026,,,,not_requested_historical,,,2026-09-19T23:38:33.900788+09:00,2026-09-19T23:38:33.900788+09:00
2024-02-15|2970|mean_rank_volr20_body_pct,2024-02-15,2970,ＧＬＣ　ＧＲＯＵＰ,,,mean_rank_volr20_body_pct,静かな売られ過ぎバランス,2024-02,mature,2024-02-16,646,2024-02-22,725,0.122291021672,7900,-0.0188679245283,,0.396689802456,4.6966362779,-0.380753138075,1,1,1,0.999325078773,0.8112998,EXACT_CANONICAL_2023_2026,,,,not_requested_historical,,,2026-09-19T23:38:33.900788+09:00,2026-09-19T23:38:33.900788+09:00
2024-02-15|2970|volr20_low,2024-02-15,2970,ＧＬＣ　ＧＲＯＵＰ,,,volr20_low,出来高沈静リバウンド,2024-02,mature,2024-02-16,646,2024-02-22,725,0.122291021672,7900,-0.0188679245283,,0.396689802456,4.6966362779,-0.380753138075,1,1,1,0.999325078773,0.8112998,EXACT_CANONICAL_2023_2026,,,,not_requested_historical,,,2026-09-19T23:38:33.900788+09:00,2026-09-19T23:38:33.900788+09:00
2024-03-05|7692|body_pct_low,2024-03-05,7692,アースインフィニティ,,,body_pct_low,陰線沈み込みリバウンド,2024-03,mature,2024-03-06,150,2024-03-12,140,-0.0666666666667,-1000,-0.00321640395111,,0.316666666667,0.730040790022,-0.709677419355,0.5,0.5,0.5,0.999136982855,0.8160237,EXACT_CANONICAL_2023_2026,,,,not_requested_historical,,,2026-09-19T23:38:33.900788+09:00,2026-09-19T23:38:33.900788+09:00
2024-03-05|7692|dual_top1_agreement,2024-03-05,7692,アースインフィニティ,,,dual_top1_agreement,2条件一致リバウンド,2024-03,mature,2024-03-06,150,2024-03-12,140,-0.0666666666667,-1000,-0.00321640395111,,0.316666666667,0.730040790022,-0.709677419355,0.5,0.5,0.5,0.999136982855,0.8160237,EXACT_CANONICAL_2023_2026,,,,not_requested_historical,,,2026-09-19T23:38:33.900788+09:00,2026-09-19T23:38:33.900788+09:00
2024-03-05|7692|dual_top1_agreement_g3_no_acute_selloff,2024-03-05,7692,アースインフィニティ,,,dual_top1_agreement_g3_no_acute_selloff,地合い安定・2条件一致,2024-03,mature,2024-03-06,150,2024-03-12,140,-0.0666666666667,-1000,-0.00321640395111,,0.316666666667,0.730040790022,-0.709677419355,0.5,0.5,0.5,0.999136982855,0.8160237,EXACT_CANONICAL_2023_2026,,,,not_requested_historical,,,2026-09-19T23:38:33.900788+09:00,2026-09-19T23:38:33.900788+09:00
2024-03-05|7692|mean_rank_volr20_body_pct,2024-03-05,7692,アースインフィニティ,,,mean_rank_volr20_body_pct,静かな売られ過ぎバランス,2024-03,mature,2024-03-06,150,2024-03-12,140,-0.0666666666667,-1000,-0.00321640395111,,0.316666666667,0.730040790022,-0.709677419355,0.5,0.5,0.5,0.999136982855,0.8160237,EXACT_CANONICAL_2023_2026,,,,not_requested_historical,,,2026-09-19T23:38:33.900788+09:00,2026-09-19T23:38:33.900788+09:00
2024-03-05|7692|volr20_low,2024-03-05,7692,アースインフィニティ,,,volr20_low,出来高沈静リバウンド,2024-03,mature,2024-03-06,150,2024-03-12,140,-0.0666666666667,-1000,-0.00321640395111,,0.316666666667,0.730040790022,-0.709677419355,0.5,0.5,0.5,0.999136982855,0.8160237,EXACT_CANONICAL_2023_2026,,,,not_requested_historical,,,2026-09-19T23:38:33.900788+09:00,2026-09-19T23:38:33.900788+09:00
2024-03-06|2330|body_pct_low,2024-03-06,2330,フォーサイド,,,body_pct_low,陰線沈み込みリバウンド,2024-03,mature,2024-03-07,355,2024-03-13,424,0.194366197183,6900,0,,0.272030651341,0.748334533173,-0.48,0.666666666667,0.333333333333,0.5,0.999864120705,0.8473493,EXACT_CANONICAL_2023_2026,,,,not_requested_historical,,,2026-09-19T23:38:33.900788+09:00,2026-09-19T23:38:33.900788+09:00
2024-03-06|2330|mean_rank_volr20_body_pct,2024-03-06,2330,フォーサイド,,,mean_rank_volr20_body_pct,静かな売られ過ぎバランス,2024-03,mature,2024-03-07,355,2024-03-13,424,0.194366197183,6900,0,,0.272030651341,0.748334533173,-0.48,0.666666666667,0.333333333333,0.5,0.999864120705,0.8473493,EXACT_CANONICAL_2023_2026,,,,not_requested_historical,,,2026-09-19T23:38:33.900788+09:00,2026-09-19T23:38:33.900788+09:00
2024-03-06|7692|volr20_low,2024-03-06,7692,アースインフィニティ,,,volr20_low,出来高沈静リバウンド,2024-03,mature,2024-03-07,144,2024-03-13,135,-0.0625,-900,0,,0.252100840336,0.325278216274,-0.05,0.333333333333,0.666666666667,0.5,0.999417922479,0.82445216,EXACT_CANONICAL_2023_2026,,,,not_requested_historical,,,2026-09-19T23:38:33.900788+09:00,2026-09-19T23:38:33.900788+09:00
2024-03-07|6276|body_pct_low,2024-03-07,6276,シリウスビジョン,,,body_pct_low,陰線沈み込みリバウンド,2024-03,mature,2024-03-08,634,2024-03-14,581,-0.083596214511,-5300,-0.000593294258775,,0.228682170543,1.04647601014,-0.72380952381,0.75,0.25,0.5,0.999015793214,0.81242704,EXACT_CANONICAL_2023_2026,,,,not_requested_historical,,,2026-09-19T23:38:33.900788+09:00,2026-09-19T23:38:33.900788+09:00
2024-03-07|7692|mean_rank_volr20_body_pct,2024-03-07,7692,アースインフィニティ,,,mean_rank_volr20_body_pct,静かな売られ過ぎバランス,2024-03,mature,2024-03-08,150,2024-03-14,132,-0.12,-1800,-0.000593294258775,,0.271929824561,0.291108737676,0.0555555555556,0.25,0.75,0.5,0.999719060376,0.8376135,EXACT_CANONICAL_2023_2026,,,,not_requested_historical,,,2026-09-19T23:38:33.900788+09:00,2026-09-19T23:38:33.900788+09:00
2024-03-07|7692|volr20_low,2024-03-07,7692,アースインフィニティ,,,volr20_low,出来高沈静リバウンド,2024-03,mature,2024-03-08,150,2024-03-14,132,-0.12,-1800,-0.000593294258775,,0.271929824561,0.291108737676,0.0555555555556,0.25,0.75,0.5,0.999719060376,0.8376135,EXACT_CANONICAL_2023_2026,,,,not_requested_historical,,,2026-09-19T23:38:33.900788+09:00,2026-09-19T23:38:33.900788+09:00
2024-03-11|2330|body_pct_low,2024-03-11,2330,フォーサイド,,,body_pct_low,陰線沈み込みリバウンド,2024-03,mature,2024-03-12,347,2024-03-18,364,0.0489913544669,1700,-0.00567386160606,,-0.0586666666667,0.356917619676,0.346153846154,0.25,0.25,0.25,0.999485862127,0.82768154,EXACT_CANONICAL_2023_2026,,,,not_requested_historical,,,2026-09-19T23:38:33.900788+09:00,2026-09-19T23:38:33.900788+09:00
2024-03-11|2330|dual_top1_agreement,2024-03-11,2330,フォーサイド,,,dual_top1_agreement,2条件一致リバウンド,2024-03,mature,2024-03-12,347,2024-03-18,364,0.0489913544669,1700,-0.00567386160606,,-0.0586666666667,0.356917619676,0.346153846154,0.25,0.25,0.25,0.999485862127,0.82768154,EXACT_CANONICAL_2023_2026,,,,not_requested_historical,,,2026-09-19T23:38:33.900788+09:00,2026-09-19T23:38:33.900788+09:00
2024-03-11|2330|mean_rank_volr20_body_pct,2024-03-11,2330,フォーサイド,,,mean_rank_volr20_body_pct,静かな売られ過ぎバランス,2024-03,mature,2024-03-12,347,2024-03-18,364,0.0489913544669,1700,-0.00567386160606,,-0.0586666666667,0.356917619676,0.346153846154,0.25,0.25,0.25,0.999485862127,0.82768154,EXACT_CANONICAL_2023_2026,,,,not_requested_historical,,,2026-09-19T23:38:33.900788+09:00,2026-09-19T23:38:33.900788+09:00
2024-03-11|2330|volr20_low,2024-03-11,2330,フォーサイド,,,volr20_low,出来高沈静リバウンド,2024-03,mature,2024-03-12,347,2024-03-18,364,0.0489913544669,1700,-0.00567386160606,,-0.0586666666667,0.356917619676,0.346153846154,0.25,0.25,0.25,0.999485862127,0.82768154,EXACT_CANONICAL_2023_2026,,,,not_requested_historical,,,2026-09-19T23:38:33.900788+09:00,2026-09-19T23:38:33.900788+09:00
2024-03-12|9704|body_pct_low,2024-03-12,9704,アゴーラ　ホスピタリティー　グループ,,,body_pct_low,陰線沈み込みリバウンド,2024-03,mature,2024-03-13,62,2024-03-19,53,-0.145161290323,-900,-0.00235572567588,,0.540540540541,1.38373840537,-0.222222222222,0.8,0.2,0.5,0.999105767342,0.81510055,EXACT_CANONICAL_2023_2026,,,,not_requested_historical,,,2026-09-19T23:38:33.900788+09:00,2026-09-19T23:38:33.900788+09:00
2024-03-12|2330|mean_rank_volr20_body_pct,2024-03-12,2330,フォーサイド,,,mean_rank_volr20_body_pct,静かな売られ過ぎバランス,2024-03,mature,2024-03-13,385,2024-03-19,370,-0.038961038961,-1500,-0.00235572567588,,-0.186813186813,0.450984297152,0.657142857143,0.2,0.4,0.3,0.99923981043,0.8191597,EXACT_CANONICAL_2023_2026,,,,not_requested_historical,,,2026-09-19T23:38:33.900788+09:00,2026-09-19T23:38:33.900788+09:00
2024-03-12|2330|volr20_low,2024-03-12,2330,フォーサイド,,,volr20_low,出来高沈静リバウンド,2024-03,mature,2024-03-13,385,2024-03-19,370,-0.038961038961,-1500,-0.00235572567588,,-0.186813186813,0.450984297152,0.657142857143,0.2,0.4,0.3,0.99923981043,0.8191597,EXACT_CANONICAL_2023_2026,,,,not_requested_historical,,,2026-09-19T23:38:33.900788+09:00,2026-09-19T23:38:33.900788+09:00
2024-03-13|3744|body_pct_low,2024-03-13,3744,サイオス,,,body_pct_low,陰線沈み込みリバウンド,2024-03,mature,2024-03-14,705,2024-03-21,791,0.121985815603,8600,-0.0121733352151,,0.351351351351,1.86014874835,-0.744360902256,1,0.333333333333,0.666666666667,0.99947300868,0.8272186,EXACT_CANONICAL_2023_2026,,,,not_requested_historical,,,2026-09-19T23:38:33.900788+09:00,2026-09-19T23:38:33.900788+09:00
2024-03-13|5216|mean_rank_volr20_body_pct,2024-03-13,5216,倉元製作所,,,mean_rank_volr20_body_pct,静かな売られ過ぎバランス,2024-03,mature,2024-03-14,160,2024-03-21,175,0.09375,1500,-0.0121733352151,,0.470085470085,0.925752428631,-0.606060606061,0.333333333333,0.666666666667,0.5,0.99952258626,0.82940125,EXACT_CANONICAL_2023_2026,,,,not_requested_historical,,,2026-09-19T23:38:33.900788+09:00,2026-09-19T23:38:33.900788+09:00
2024-03-13|5216|volr20_low,2024-03-13,5216,倉元製作所,,,volr20_low,出来高沈静リバウンド,2024-03,mature,2024-03-14,160,2024-03-21,175,0.09375,1500,-0.0121733352151,,0.470085470085,0.925752428631,-0.606060606061,0.333333333333,0.666666666667,0.5,0.99952258626,0.82940125,EXACT_CANONICAL_2023_2026,,,,not_requested_historical,,,2026-09-19T23:38:33.900788+09:00,2026-09-19T23:38:33.900788+09:00
2024-03-14|2330|body_pct_low,2024-03-14,2330,フォーサイド,,,body_pct_low,陰線沈み込みリバウンド,2024-03,mature,2024-03-15,385,2024-03-22,435,0.12987012987,5000,-0.0036652426628,,-0.381102362205,0.825280111549,-0.35,0.4,0.2,0.3,0.999434448339,0.825173,EXACT_CANONICAL_2023_2026,,,,not_requested_historical,,,2026-09-19T23:38:33.900788+09:00,2026-09-19T23:38:33.900788+09:00
2024-03-14|2330|mean_rank_volr20_body_pct,2024-03-14,2330,フォーサイド,,,mean_rank_volr20_body_pct,静かな売られ過ぎバランス,2024-03,mature,2024-03-15,385,2024-03-22,435,0.12987012987,5000,-0.0036652426628,,-0.381102362205,0.825280111549,-0.35,0.4,0.2,0.3,0.999434448339,0.825173,EXACT_CANONICAL_2023_2026,,,,not_requested_historical,,,2026-09-19T23:38:33.900788+09:00,2026-09-19T23:38:33.900788+09:00
2024-03-14|9704|volr20_low,2024-03-14,9704,アゴーラ　ホスピタリティー　グループ,,,volr20_low,出来高沈静リバウンド,2024-03,mature,2024-03-15,52,2024-03-22,56,0.0769230769231,400,-0.0036652426628,,0.35,0.270625610584,0.2,0.2,0.6,0.4,0.99924531905,0.81937397,EXACT_CANONICAL_2023_2026,,,,not_requested_historical,,,2026-09-19T23:38:33.900788+09:00,2026-09-19T23:38:33.900788+09:00
2024-03-15|6659|body_pct_low,2024-03-15,6659,メディアリンクス,,,body_pct_low,陰線沈み込みリバウンド,2024-03,mature,2024-03-18,82,2024-03-25,87,0.0609756097561,500,-0.00626335141458,,-0.234693877551,0.347861312631,-0.692307692308,1,1,1,0.999291224217,0.8206819,EXACT_CANONICAL_2023_2026,,,,not_requested_historical,,,2026-09-19T23:38:33.900788+09:00,2026-09-19T23:38:33.900788+09:00
2024-03-15|6659|dual_top1_agreement,2024-03-15,6659,メディアリンクス,,,dual_top1_agreement,2条件一致リバウンド,2024-03,mature,2024-03-18,82,2024-03-25,87,0.0609756097561,500,-0.00626335141458,,-0.234693877551,0.347861312631,-0.692307692308,1,1,1,0.999291224217,0.8206819,EXACT_CANONICAL_2023_2026,,,,not_requested_historical,,,2026-09-19T23:38:33.900788+09:00,2026-09-19T23:38:33.900788+09:00
2024-03-15|6659|dual_top1_agreement_g3_no_acute_selloff,2024-03-15,6659,メディアリンクス,,,dual_top1_agreement_g3_no_acute_selloff,地合い安定・2条件一致,2024-03,mature,2024-03-18,82,2024-03-25,87,0.0609756097561,500,-0.00626335141458,,-0.234693877551,0.347861312631,-0.692307692308,1,1,1,0.999291224217,0.8206819,EXACT_CANONICAL_2023_2026,,,,not_requested_historical,,,2026-09-19T23:38:33.900788+09:00,2026-09-19T23:38:33.900788+09:00
2024-03-15|6659|mean_rank_volr20_body_pct,2024-03-15,6659,メディアリンクス,,,mean_rank_volr20_body_pct,静かな売られ過ぎバランス,2024-03,mature,2024-03-18,82,2024-03-25,87,0.0609756097561,500,-0.00626335141458,,-0.234693877551,0.347861312631,-0.692307692308,1,1,1,0.999291224217,0.8206819,EXACT_CANONICAL_2023_2026,,,,not_requested_historical,,,2026-09-19T23:38:33.900788+09:00,2026-09-19T23:38:33.900788+09:00
2024-03-15|6659|volr20_low,2024-03-15,6659,メディアリンクス,,,volr20_low,出来高沈静リバウンド,2024-03,mature,2024-03-18,82,2024-03-25,87,0.0609756097561,500,-0.00626335141458,,-0.234693877551,0.347861312631,-0.692307692308,1,1,1,0.999291224217,0.8206819,EXACT_CANONICAL_2023_2026,,,,not_requested_historical,,,2026-09-19T23:38:33.900788+09:00,2026-09-19T23:38:33.900788+09:00
2024-03-28|6276|body_pct_low,2024-03-28,6276,シリウスビジョン,,,body_pct_low,陰線沈み込みリバウンド,2024-03,mature,2024-03-29,776,2024-04-04,698,-0.100515463918,-7800,-0.0127743258227,,0.391525423729,2.94692876322,0.816901408451,1,1,1,0.999320603524,0.8217702,EXACT_CANONICAL_2023_2026,,,,not_requested_historical,,,2026-09-19T23:38:33.900788+09:00,2026-09-19T23:38:33.900788+09:00
2024-03-28|6276|dual_top1_agreement,2024-03-28,6276,シリウスビジョン,,,dual_top1_agreement,2条件一致リバウンド,2024-03,mature,2024-03-29,776,2024-04-04,698,-0.100515463918,-7800,-0.0127743258227,,0.391525423729,2.94692876322,0.816901408451,1,1,1,0.999320603524,0.8217702,EXACT_CANONICAL_2023_2026,,,,not_requested_historical,,,2026-09-19T23:38:33.900788+09:00,2026-09-19T23:38:33.900788+09:00
2024-03-28|6276|mean_rank_volr20_body_pct,2024-03-28,6276,シリウスビジョン,,,mean_rank_volr20_body_pct,静かな売られ過ぎバランス,2024-03,mature,2024-03-29,776,2024-04-04,698,-0.100515463918,-7800,-0.0127743258227,,0.391525423729,2.94692876322,0.816901408451,1,1,1,0.999320603524,0.8217702,EXACT_CANONICAL_2023_2026,,,,not_requested_historical,,,2026-09-19T23:38:33.900788+09:00,2026-09-19T23:38:33.900788+09:00
2024-03-28|6276|volr20_low,2024-03-28,6276,シリウスビジョン,,,volr20_low,出来高沈静リバウンド,2024-03,mature,2024-03-29,776,2024-04-04,698,-0.100515463918,-7800,-0.0127743258227,,0.391525423729,2.94692876322,0.816901408451,1,1,1,0.999320603524,0.8217702,EXACT_CANONICAL_2023_2026,,,,not_requested_historical,,,2026-09-19T23:38:33.900788+09:00,2026-09-19T23:38:33.900788+09:00
2024-04-01|2330|body_pct_low,2024-04-01,2330,フォーサイド,,,body_pct_low,陰線沈み込みリバウンド,2024-04,mature,2024-04-02,520,2024-04-08,302,-0.419230769231,-21800,-0.0125944584383,,0.335978835979,1.78339465685,0.209302325581,1,1,1,0.99984472762,0.8457926,EXACT_CANONICAL_2023_2026,,,,not_requested_historical,,,2026-09-19T23:38:33.900788+09:00,2026-09-19T23:38:33.900788+09:00
2024-04-01|2330|dual_top1_agreement,2024-04-01,2330,フォーサイド,,,dual_top1_agreement,2条件一致リバウンド,2024-04,mature,2024-04-02,520,2024-04-08,302,-0.419230769231,-21800,-0.0125944584383,,0.335978835979,1.78339465685,0.209302325581,1,1,1,0.99984472762,0.8457926,EXACT_CANONICAL_2023_2026,,,,not_requested_historical,,,2026-09-19T23:38:33.900788+09:00,2026-09-19T23:38:33.900788+09:00
2024-04-01|2330|dual_top1_agreement_g3_no_acute_selloff,2024-04-01,2330,フォーサイド,,,dual_top1_agreement_g3_no_acute_selloff,地合い安定・2条件一致,2024-04,mature,2024-04-02,520,2024-04-08,302,-0.419230769231,-21800,-0.0125944584383,,0.335978835979,1.78339465685,0.209302325581,1,1,1,0.99984472762,0.8457926,EXACT_CANONICAL_2023_2026,,,,not_requested_historical,,,2026-09-19T23:38:33.900788+09:00,2026-09-19T23:38:33.900788+09:00
2024-04-01|2330|mean_rank_volr20_body_pct,2024-04-01,2330,フォーサイド,,,mean_rank_volr20_body_pct,静かな売られ過ぎバランス,2024-04,mature,2024-04-02,520,2024-04-08,302,-0.419230769231,-21800,-0.0125944584383,,0.335978835979,1.78339465685,0.209302325581,1,1,1,0.99984472762,0.8457926,EXACT_CANONICAL_2023_2026,,,,not_requested_historical,,,2026-09-19T23:38:33.900788+09:00,2026-09-19T23:38:33.900788+09:00
2024-04-01|2330|volr20_low,2024-04-01,2330,フォーサイド,,,volr20_low,出来高沈静リバウンド,2024-04,mature,2024-04-02,520,2024-04-08,302,-0.419230769231,-21800,-0.0125944584383,,0.335978835979,1.78339465685,0.209302325581,1,1,1,0.99984472762,0.8457926,EXACT_CANONICAL_2023_2026,,,,not_requested_historical,,,2026-09-19T23:38:33.900788+09:00,2026-09-19T23:38:33.900788+09:00
2024-04-02|5255|body_pct_low,2024-04-02,5255,モンスターラボ,,,body_pct_low,陰線沈み込みリバウンド,2024-04,mature,2024-04-03,361,2024-04-09,320,-0.113573407202,-4100,-0.0241770955749,,0.40243902439,5.79960906393,0.931818181818,1,1,1,0.999142472995,0.8119064,EXACT_CANONICAL_2023_2026,,,,not_requested_historical,,,2026-09-19T23:38:33.900788+09:00,2026-09-19T23:38:33.900788+09:00
2024-04-02|5255|dual_top1_agreement,2024-04-02,5255,モンスターラボ,,,dual_top1_agreement,2条件一致リバウンド,2024-04,mature,2024-04-03,361,2024-04-09,320,-0.113573407202,-4100,-0.0241770955749,,0.40243902439,5.79960906393,0.931818181818,1,1,1,0.999142472995,0.8119064,EXACT_CANONICAL_2023_2026,,,,not_requested_historical,,,2026-09-19T23:38:33.900788+09:00,2026-09-19T23:38:33.900788+09:00
2024-04-02|5255|mean_rank_volr20_body_pct,2024-04-02,5255,モンスターラボ,,,mean_rank_volr20_body_pct,静かな売られ過ぎバランス,2024-04,mature,2024-04-03,361,2024-04-09,320,-0.113573407202,-4100,-0.0241770955749,,0.40243902439,5.79960906393,0.931818181818,1,1,1,0.999142472995,0.8119064,EXACT_CANONICAL_2023_2026,,,,not_requested_historical,,,2026-09-19T23:38:33.900788+09:00,2026-09-19T23:38:33.900788+09:00
2024-04-02|5255|volr20_low,2024-04-02,5255,モンスターラボ,,,volr20_low,出来高沈静リバウンド,2024-04,mature,2024-04-03,361,2024-04-09,320,-0.113573407202,-4100,-0.0241770955749,,0.40243902439,5.79960906393,0.931818181818,1,1,1,0.999142472995,0.8119064,EXACT_CANONICAL_2023_2026,,,,not_requested_historical,,,2026-09-19T23:38:33.900788+09:00,2026-09-19T23:38:33.900788+09:00
2024-04-03|2330|body_pct_low,2024-04-03,2330,フォーサイド,,,body_pct_low,陰線沈み込みリバウンド,2024-04,mature,2024-04-04,402,2024-04-10,361,-0.101990049751,-4100,-0.0301060070671,,0.137837837838,1.02848278525,-0.6,1,0.5,0.75,0.999093068147,0.80999625,EXACT_CANONICAL_2023_2026,,,,not_requested_historical,,,2026-09-19T23:38:33.900788+09:00,2026-09-19T23:38:33.900788+09:00
2024-04-03|6659|mean_rank_volr20_body_pct,2024-04-03,6659,メディアリンクス,,,mean_rank_volr20_body_pct,静かな売られ過ぎバランス,2024-04,mature,2024-04-04,81,2024-04-10,124,0.530864197531,4300,-0.0301060070671,,-0.126315789474,0.753797124463,0.666666666667,0.5,1,0.75,0.999324212257,0.81965876,EXACT_CANONICAL_2023_2026,,,,not_requested_historical,,,2026-09-19T23:38:33.900788+09:00,2026-09-19T23:38:33.900788+09:00
2024-04-03|6659|volr20_low,2024-04-03,6659,メディアリンクス,,,volr20_low,出来高沈静リバウンド,2024-04,mature,2024-04-04,81,2024-04-10,124,0.530864197531,4300,-0.0301060070671,,-0.126315789474,0.753797124463,0.666666666667,0.5,1,0.75,0.999324212257,0.81965876,EXACT_CANONICAL_2023_2026,,,,not_requested_historical,,,2026-09-19T23:38:33.900788+09:00,2026-09-19T23:38:33.900788+09:00
2024-04-04|2330|body_pct_low,2024-04-04,2330,フォーサイド,,,body_pct_low,陰線沈み込みリバウンド,2024-04,mature,2024-04-05,324,2024-04-11,341,0.0524691358025,1700,-0.0121765601218,,-0.174334140436,0.883853690104,-0.782051282051,0.5,0.5,0.5,0.99942831533,0.8240864,EXACT_CANONICAL_2023_2026,,,,not_requested_historical,,,2026-09-19T23:38:33.900788+09:00,2026-09-19T23:38:33.900788+09:00
2024-04-04|2330|dual_top1_agreement,2024-04-04,2330,フォーサイド,,,dual_top1_agreement,2条件一致リバウンド,2024-04,mature,2024-04-05,324,2024-04-11,341,0.0524691358025,1700,-0.0121765601218,,-0.174334140436,0.883853690104,-0.782051282051,0.5,0.5,0.5,0.99942831533,0.8240864,EXACT_CANONICAL_2023_2026,,,,not_requested_historical,,,2026-09-19T23:38:33.900788+09:00,2026-09-19T23:38:33.900788+09:00
2024-04-04|2330|dual_top1_agreement_g3_no_acute_selloff,2024-04-04,2330,フォーサイド,,,dual_top1_agreement_g3_no_acute_selloff,地合い安定・2条件一致,2024-04,mature,2024-04-05,324,2024-04-11,341,0.0524691358025,1700,-0.0121765601218,,-0.174334140436,0.883853690104,-0.782051282051,0.5,0.5,0.5,0.99942831533,0.8240864,EXACT_CANONICAL_2023_2026,,,,not_requested_historical,,,2026-09-19T23:38:33.900788+09:00,2026-09-19T23:38:33.900788+09:00
2024-04-04|2330|mean_rank_volr20_body_pct,2024-04-04,2330,フォーサイド,,,mean_rank_volr20_body_pct,静かな売られ過ぎバランス,2024-04,mature,2024-04-05,324,2024-04-11,341,0.0524691358025,1700,-0.0121765601218,,-0.174334140436,0.883853690104,-0.782051282051,0.5,0.5,0.5,0.99942831533,0.8240864,EXACT_CANONICAL_2023_2026,,,,not_requested_historical,,,2026-09-19T23:38:33.900788+09:00,2026-09-19T23:38:33.900788+09:00
2024-04-04|2330|volr20_low,2024-04-04,2330,フォーサイド,,,volr20_low,出来高沈静リバウンド,2024-04,mature,2024-04-05,324,2024-04-11,341,0.0524691358025,1700,-0.0121765601218,,-0.174334140436,0.883853690104,-0.782051282051,0.5,0.5,0.5,0.99942831533,0.8240864,EXACT_CANONICAL_2023_2026,,,,not_requested_historical,,,2026-09-19T23:38:33.900788+09:00,2026-09-19T23:38:33.900788+09:00
2024-04-05|2330|body_pct_low,2024-04-05,2330,フォーサイド,,,body_pct_low,陰線沈み込みリバウンド,2024-04,mature,2024-04-08,326,2024-04-12,351,0.0766871165644,2500,-0.0245901639344,,-0.241379310345,1.27801933821,0.130434782609,1,1,1,0.99936655927,0.82131064,EXACT_CANONICAL_2023_2026,,,,not_requested_historical,,,2026-09-19T23:38:33.900788+09:00,2026-09-19T23:38:33.900788+09:00
2024-04-05|2330|dual_top1_agreement,2024-04-05,2330,フォーサイド,,,dual_top1_agreement,2条件一致リバウンド,2024-04,mature,2024-04-08,326,2024-04-12,351,0.0766871165644,2500,-0.0245901639344,,-0.241379310345,1.27801933821,0.130434782609,1,1,1,0.99936655927,0.82131064,EXACT_CANONICAL_2023_2026,,,,not_requested_historical,,,2026-09-19T23:38:33.900788+09:00,2026-09-19T23:38:33.900788+09:00
2024-04-05|2330|dual_top1_agreement_g3_no_acute_selloff,2024-04-05,2330,フォーサイド,,,dual_top1_agreement_g3_no_acute_selloff,地合い安定・2条件一致,2024-04,mature,2024-04-08,326,2024-04-12,351,0.0766871165644,2500,-0.0245901639344,,-0.241379310345,1.27801933821,0.130434782609,1,1,1,0.99936655927,0.82131064,EXACT_CANONICAL_2023_2026,,,,not_requested_historical,,,2026-09-19T23:38:33.900788+09:00,2026-09-19T23:38:33.900788+09:00
2024-04-05|2330|mean_rank_volr20_body_pct,2024-04-05,2330,フォーサイド,,,mean_rank_volr20_body_pct,静かな売られ過ぎバランス,2024-04,mature,2024-04-08,326,2024-04-12,351,0.0766871165644,2500,-0.0245901639344,,-0.241379310345,1.27801933821,0.130434782609,1,1,1,0.99936655927,0.82131064,EXACT_CANONICAL_2023_2026,,,,not_requested_historical,,,2026-09-19T23:38:33.900788+09:00,2026-09-19T23:38:33.900788+09:00
2024-04-05|2330|volr20_low,2024-04-05,2330,フォーサイド,,,volr20_low,出来高沈静リバウンド,2024-04,mature,2024-04-08,326,2024-04-12,351,0.0766871165644,2500,-0.0245901639344,,-0.241379310345,1.27801933821,0.130434782609,1,1,1,0.99936655927,0.82131064,EXACT_CANONICAL_2023_2026,,,,not_requested_historical,,,2026-09-19T23:38:33.900788+09:00,2026-09-19T23:38:33.900788+09:00
2024-04-08|6659|body_pct_low,2024-04-08,6659,メディアリンクス,,,body_pct_low,陰線沈み込みリバウンド,2024-04,mature,2024-04-09,100,2024-04-15,107,0.07,700,-0.010989010989,,0.149425287356,1.21309767154,0.428571428571,1,1,1,0.999687690782,0.83511746,EXACT_CANONICAL_2023_2026,,,,not_requested_historical,,,2026-09-19T23:38:33.900788+09:00,2026-09-19T23:38:33.900788+09:00
2024-04-08|6659|dual_top1_agreement,2024-04-08,6659,メディアリンクス,,,dual_top1_agreement,2条件一致リバウンド,2024-04,mature,2024-04-09,100,2024-04-15,107,0.07,700,-0.010989010989,,0.149425287356,1.21309767154,0.428571428571,1,1,1,0.999687690782,0.83511746,EXACT_CANONICAL_2023_2026,,,,not_requested_historical,,,2026-09-19T23:38:33.900788+09:00,2026-09-19T23:38:33.900788+09:00
2024-04-08|6659|dual_top1_agreement_g3_no_acute_selloff,2024-04-08,6659,メディアリンクス,,,dual_top1_agreement_g3_no_acute_selloff,地合い安定・2条件一致,2024-04,mature,2024-04-09,100,2024-04-15,107,0.07,700,-0.010989010989,,0.149425287356,1.21309767154,0.428571428571,1,1,1,0.999687690782,0.83511746,EXACT_CANONICAL_2023_2026,,,,not_requested_historical,,,2026-09-19T23:38:33.900788+09:00,2026-09-19T23:38:33.900788+09:00
2024-04-08|6659|mean_rank_volr20_body_pct,2024-04-08,6659,メディアリンクス,,,mean_rank_volr20_body_pct,静かな売られ過ぎバランス,2024-04,mature,2024-04-09,100,2024-04-15,107,0.07,700,-0.010989010989,,0.149425287356,1.21309767154,0.428571428571,1,1,1,0.999687690782,0.83511746,EXACT_CANONICAL_2023_2026,,,,not_requested_historical,,,2026-09-19T23:38:33.900788+09:00,2026-09-19T23:38:33.900788+09:00
2024-04-08|6659|volr20_low,2024-04-08,6659,メディアリンクス,,,volr20_low,出来高沈静リバウンド,2024-04,mature,2024-04-09,100,2024-04-15,107,0.07,700,-0.010989010989,,0.149425287356,1.21309767154,0.428571428571,1,1,1,0.999687690782,0.83511746,EXACT_CANONICAL_2023_2026,,,,not_requested_historical,,,2026-09-19T23:38:33.900788+09:00,2026-09-19T23:38:33.900788+09:00
2024-04-16|5216|body_pct_low,2024-04-16,5216,倉元製作所,,,body_pct_low,陰線沈み込みリバウンド,2024-04,mature,2024-04-17,250,2024-04-23,276,0.104,2600,-0.0168827268887,,0.420731707317,3.6767405804,-0.391304347826,1,1,1,0.999477720178,0.8262459,EXACT_CANONICAL_2023_2026,,,,not_requested_historical,,,2026-09-19T23:38:33.900788+09:00,2026-09-19T23:38:33.900788+09:00
2024-04-16|5216|dual_top1_agreement,2024-04-16,5216,倉元製作所,,,dual_top1_agreement,2条件一致リバウンド,2024-04,mature,2024-04-17,250,2024-04-23,276,0.104,2600,-0.0168827268887,,0.420731707317,3.6767405804,-0.391304347826,1,1,1,0.999477720178,0.8262459,EXACT_CANONICAL_2023_2026,,,,not_requested_historical,,,2026-09-19T23:38:33.900788+09:00,2026-09-19T23:38:33.900788+09:00
2024-04-16|5216|mean_rank_volr20_body_pct,2024-04-16,5216,倉元製作所,,,mean_rank_volr20_body_pct,静かな売られ過ぎバランス,2024-04,mature,2024-04-17,250,2024-04-23,276,0.104,2600,-0.0168827268887,,0.420731707317,3.6767405804,-0.391304347826,1,1,1,0.999477720178,0.8262459,EXACT_CANONICAL_2023_2026,,,,not_requested_historical,,,2026-09-19T23:38:33.900788+09:00,2026-09-19T23:38:33.900788+09:00
2024-04-16|5216|volr20_low,2024-04-16,5216,倉元製作所,,,volr20_low,出来高沈静リバウンド,2024-04,mature,2024-04-17,250,2024-04-23,276,0.104,2600,-0.0168827268887,,0.420731707317,3.6767405804,-0.391304347826,1,1,1,0.999477720178,0.8262459,EXACT_CANONICAL_2023_2026,,,,not_requested_historical,,,2026-09-19T23:38:33.900788+09:00,2026-09-19T23:38:33.900788+09:00
2024-04-19|2330|body_pct_low,2024-04-19,2330,フォーサイド,,,body_pct_low,陰線沈み込みリバウンド,2024-04,mature,2024-04-22,280,2024-04-26,252,-0.1,-2800,-0.0354849606476,,-0.148484848485,0.707110617351,-0.475,1,1,1,0.99928892308,0.81843144,EXACT_CANONICAL_2023_2026,,,,not_requested_historical,,,2026-09-19T23:38:33.900788+09:00,2026-09-19T23:38:33.900788+09:00
2024-04-19|2330|dual_top1_agreement,2024-04-19,2330,フォーサイド,,,dual_top1_agreement,2条件一致リバウンド,2024-04,mature,2024-04-22,280,2024-04-26,252,-0.1,-2800,-0.0354849606476,,-0.148484848485,0.707110617351,-0.475,1,1,1,0.99928892308,0.81843144,EXACT_CANONICAL_2023_2026,,,,not_requested_historical,,,2026-09-19T23:38:33.900788+09:00,2026-09-19T23:38:33.900788+09:00
2024-04-19|2330|mean_rank_volr20_body_pct,2024-04-19,2330,フォーサイド,,,mean_rank_volr20_body_pct,静かな売られ過ぎバランス,2024-04,mature,2024-04-22,280,2024-04-26,252,-0.1,-2800,-0.0354849606476,,-0.148484848485,0.707110617351,-0.475,1,1,1,0.99928892308,0.81843144,EXACT_CANONICAL_2023_2026,,,,not_requested_historical,,,2026-09-19T23:38:33.900788+09:00,2026-09-19T23:38:33.900788+09:00
2024-04-19|2330|volr20_low,2024-04-19,2330,フォーサイド,,,volr20_low,出来高沈静リバウンド,2024-04,mature,2024-04-22,280,2024-04-26,252,-0.1,-2800,-0.0354849606476,,-0.148484848485,0.707110617351,-0.475,1,1,1,0.99928892308,0.81843144,EXACT_CANONICAL_2023_2026,,,,not_requested_historical,,,2026-09-19T23:38:33.900788+09:00,2026-09-19T23:38:33.900788+09:00
2024-05-14|6659|body_pct_low,2024-05-14,6659,メディアリンクス,,,body_pct_low,陰線沈み込みリバウンド,2024-05,mature,2024-05-15,128,2024-05-21,144,0.125,1600,0,,0.272727272727,3.32529307537,0.58064516129,1,1,1,0.999634902629,0.82757,EXACT_CANONICAL_2023_2026,,,,not_requested_historical,,,2026-09-19T23:38:33.900788+09:00,2026-09-19T23:38:33.900788+09:00
2024-05-14|6659|dual_top1_agreement,2024-05-14,6659,メディアリンクス,,,dual_top1_agreement,2条件一致リバウンド,2024-05,mature,2024-05-15,128,2024-05-21,144,0.125,1600,0,,0.272727272727,3.32529307537,0.58064516129,1,1,1,0.999634902629,0.82757,EXACT_CANONICAL_2023_2026,,,,not_requested_historical,,,2026-09-19T23:38:33.900788+09:00,2026-09-19T23:38:33.900788+09:00
2024-05-14|6659|dual_top1_agreement_g3_no_acute_selloff,2024-05-14,6659,メディアリンクス,,,dual_top1_agreement_g3_no_acute_selloff,地合い安定・2条件一致,2024-05,mature,2024-05-15,128,2024-05-21,144,0.125,1600,0,,0.272727272727,3.32529307537,0.58064516129,1,1,1,0.999634902629,0.82757,EXACT_CANONICAL_2023_2026,,,,not_requested_historical,,,2026-09-19T23:38:33.900788+09:00,2026-09-19T23:38:33.900788+09:00
2024-05-14|6659|mean_rank_volr20_body_pct,2024-05-14,6659,メディアリンクス,,,mean_rank_volr20_body_pct,静かな売られ過ぎバランス,2024-05,mature,2024-05-15,128,2024-05-21,144,0.125,1600,0,,0.272727272727,3.32529307537,0.58064516129,1,1,1,0.999634902629,0.82757,EXACT_CANONICAL_2023_2026,,,,not_requested_historical,,,2026-09-19T23:38:33.900788+09:00,2026-09-19T23:38:33.900788+09:00
2024-05-14|6659|volr20_low,2024-05-14,6659,メディアリンクス,,,volr20_low,出来高沈静リバウンド,2024-05,mature,2024-05-15,128,2024-05-21,144,0.125,1600,0,,0.272727272727,3.32529307537,0.58064516129,1,1,1,0.999634902629,0.82757,EXACT_CANONICAL_2023_2026,,,,not_requested_historical,,,2026-09-19T23:38:33.900788+09:00,2026-09-19T23:38:33.900788+09:00
2024-05-15|5216|body_pct_low,2024-05-15,5216,倉元製作所,,,body_pct_low,陰線沈み込みリバウンド,2024-05,mature,2024-05-16,320,2024-05-22,309,-0.034375,-1100,-0.00466850558583,,0.366666666667,2.77182813007,0.904761904762,1,1,1,0.999509241209,0.8216806,EXACT_CANONICAL_2023_2026,,,,not_requested_historical,,,2026-09-19T23:38:33.900788+09:00,2026-09-19T23:38:33.900788+09:00
2024-05-15|5216|dual_top1_agreement,2024-05-15,5216,倉元製作所,,,dual_top1_agreement,2条件一致リバウンド,2024-05,mature,2024-05-16,320,2024-05-22,309,-0.034375,-1100,-0.00466850558583,,0.366666666667,2.77182813007,0.904761904762,1,1,1,0.999509241209,0.8216806,EXACT_CANONICAL_2023_2026,,,,not_requested_historical,,,2026-09-19T23:38:33.900788+09:00,2026-09-19T23:38:33.900788+09:00
2024-05-15|5216|dual_top1_agreement_g3_no_acute_selloff,2024-05-15,5216,倉元製作所,,,dual_top1_agreement_g3_no_acute_selloff,地合い安定・2条件一致,2024-05,mature,2024-05-16,320,2024-05-22,309,-0.034375,-1100,-0.00466850558583,,0.366666666667,2.77182813007,0.904761904762,1,1,1,0.999509241209,0.8216806,EXACT_CANONICAL_2023_2026,,,,not_requested_historical,,,2026-09-19T23:38:33.900788+09:00,2026-09-19T23:38:33.900788+09:00
2024-05-15|5216|mean_rank_volr20_body_pct,2024-05-15,5216,倉元製作所,,,mean_rank_volr20_body_pct,静かな売られ過ぎバランス,2024-05,mature,2024-05-16,320,2024-05-22,309,-0.034375,-1100,-0.00466850558583,,0.366666666667,2.77182813007,0.904761904762,1,1,1,0.999509241209,0.8216806,EXACT_CANONICAL_2023_2026,,,,not_requested_historical,,,2026-09-19T23:38:33.900788+09:00,2026-09-19T23:38:33.900788+09:00
2024-05-15|5216|volr20_low,2024-05-15,5216,倉元製作所,,,volr20_low,出来高沈静リバウンド,2024-05,mature,2024-05-16,320,2024-05-22,309,-0.034375,-1100,-0.00466850558583,,0.366666666667,2.77182813007,0.904761904762,1,1,1,0.999509241209,0.8216806,EXACT_CANONICAL_2023_2026,,,,not_requested_historical,,,2026-09-19T23:38:33.900788+09:00,2026-09-19T23:38:33.900788+09:00
2024-05-16|3350|body_pct_low,2024-05-16,3350,メタプラネット,,,body_pct_low,陰線沈み込みリバウンド,2024-05,mature,2024-05-17,36,2024-05-23,76,1.11111111111,4000,-0.0124481327801,,0.206896551724,2.59666276969,0.25,0.5,0.5,0.5,0.999052444964,0.80552787,EXACT_CANONICAL_2023_2026,,,,not_requested_historical,,,2026-09-19T23:38:33.900788+09:00,2026-09-19T23:38:33.900788+09:00
2024-05-16|3350|dual_top1_agreement,2024-05-16,3350,メタプラネット,,,dual_top1_agreement,2条件一致リバウンド,2024-05,mature,2024-05-17,36,2024-05-23,76,1.11111111111,4000,-0.0124481327801,,0.206896551724,2.59666276969,0.25,0.5,0.5,0.5,0.999052444964,0.80552787,EXACT_CANONICAL_2023_2026,,,,not_requested_historical,,,2026-09-19T23:38:33.900788+09:00,2026-09-19T23:38:33.900788+09:00
2024-05-16|3350|dual_top1_agreement_g3_no_acute_selloff,2024-05-16,3350,メタプラネット,,,dual_top1_agreement_g3_no_acute_selloff,地合い安定・2条件一致,2024-05,mature,2024-05-17,36,2024-05-23,76,1.11111111111,4000,-0.0124481327801,,0.206896551724,2.59666276969,0.25,0.5,0.5,0.5,0.999052444964,0.80552787,EXACT_CANONICAL_2023_2026,,,,not_requested_historical,,,2026-09-19T23:38:33.900788+09:00,2026-09-19T23:38:33.900788+09:00
2024-05-16|3350|mean_rank_volr20_body_pct,2024-05-16,3350,メタプラネット,,,mean_rank_volr20_body_pct,静かな売られ過ぎバランス,2024-05,mature,2024-05-17,36,2024-05-23,76,1.11111111111,4000,-0.0124481327801,,0.206896551724,2.59666276969,0.25,0.5,0.5,0.5,0.999052444964,0.80552787,EXACT_CANONICAL_2023_2026,,,,not_requested_historical,,,2026-09-19T23:38:33.900788+09:00,2026-09-19T23:38:33.900788+09:00
2024-05-16|3350|volr20_low,2024-05-16,3350,メタプラネット,,,volr20_low,出来高沈静リバウンド,2024-05,mature,2024-05-17,36,2024-05-23,76,1.11111111111,4000,-0.0124481327801,,0.206896551724,2.59666276969,0.25,0.5,0.5,0.5,0.999052444964,0.80552787,EXACT_CANONICAL_2023_2026,,,,not_requested_historical,,,2026-09-19T23:38:33.900788+09:00,2026-09-19T23:38:33.900788+09:00
2024-05-17|6659|body_pct_low,2024-05-17,6659,メディアリンクス,,,body_pct_low,陰線沈み込みリバウンド,2024-05,mature,2024-05-20,148,2024-05-24,129,-0.128378378378,-1900,-0.00847457627119,,0.455445544554,1.75394915754,-0.724137931034,0.666666666667,0.333333333333,0.5,0.999154332602,0.80901355,EXACT_CANONICAL_2023_2026,,,,not_requested_historical,,,2026-09-19T23:38:33.900788+09:00,2026-09-19T23:38:33.900788+09:00
2024-05-17|3350|mean_rank_volr20_body_pct,2024-05-17,3350,メタプラネット,,,mean_rank_volr20_body_pct,静かな売られ過ぎバランス,2024-05,mature,2024-05-20,37,2024-05-24,57,0.540540540541,2000,-0.00847457627119,,0.206896551724,1.33900152369,-0.25,0.333333333333,0.666666666667,0.5,0.999395466679,0.8175426,EXACT_CANONICAL_2023_2026,,,,not_requested_historical,,,2026-09-19T23:38:33.900788+09:00,2026-09-19T23:38:33.900788+09:00
2024-05-17|3350|volr20_low,2024-05-17,3350,メタプラネット,,,volr20_low,出来高沈静リバウンド,2024-05,mature,2024-05-20,37,2024-05-24,57,0.540540540541,2000,-0.00847457627119,,0.206896551724,1.33900152369,-0.25,0.333333333333,0.666666666667,0.5,0.999395466679,0.8175426,EXACT_CANONICAL_2023_2026,,,,not_requested_historical,,,2026-09-19T23:38:33.900788+09:00,2026-09-19T23:38:33.900788+09:00
2024-05-20|3350|body_pct_low,2024-05-20,3350,メタプラネット,,,body_pct_low,陰線沈み込みリバウンド,2024-05,mature,2024-05-21,66,2024-05-27,67,0.0151515151515,100,-0.00368421052632,,0.464285714286,6.58824450286,0.4,1,1,1,0.999959244945,0.85292274,EXACT_CANONICAL_2023_2026,,,,not_requested_historical,,,2026-09-19T23:38:33.900788+09:00,2026-09-19T23:38:33.900788+09:00
2024-05-20|3350|dual_top1_agreement,2024-05-20,3350,メタプラネット,,,dual_top1_agreement,2条件一致リバウンド,2024-05,mature,2024-05-21,66,2024-05-27,67,0.0151515151515,100,-0.00368421052632,,0.464285714286,6.58824450286,0.4,1,1,1,0.999959244945,0.85292274,EXACT_CANONICAL_2023_2026,,,,not_requested_historical,,,2026-09-19T23:38:33.900788+09:00,2026-09-19T23:38:33.900788+09:00
2024-05-20|3350|dual_top1_agreement_g3_no_acute_selloff,2024-05-20,3350,メタプラネット,,,dual_top1_agreement_g3_no_acute_selloff,地合い安定・2条件一致,2024-05,mature,2024-05-21,66,2024-05-27,67,0.0151515151515,100,-0.00368421052632,,0.464285714286,6.58824450286,0.4,1,1,1,0.999959244945,0.85292274,EXACT_CANONICAL_2023_2026,,,,not_requested_historical,,,2026-09-19T23:38:33.900788+09:00,2026-09-19T23:38:33.900788+09:00
2024-05-20|3350|mean_rank_volr20_body_pct,2024-05-20,3350,メタプラネット,,,mean_rank_volr20_body_pct,静かな売られ過ぎバランス,2024-05,mature,2024-05-21,66,2024-05-27,67,0.0151515151515,100,-0.00368421052632,,0.464285714286,6.58824450286,0.4,1,1,1,0.999959244945,0.85292274,EXACT_CANONICAL_2023_2026,,,,not_requested_historical,,,2026-09-19T23:38:33.900788+09:00,2026-09-19T23:38:33.900788+09:00
2024-05-20|3350|volr20_low,2024-05-20,3350,メタプラネット,,,volr20_low,出来高沈静リバウンド,2024-05,mature,2024-05-21,66,2024-05-27,67,0.0151515151515,100,-0.00368421052632,,0.464285714286,6.58824450286,0.4,1,1,1,0.999959244945,0.85292274,EXACT_CANONICAL_2023_2026,,,,not_requested_historical,,,2026-09-19T23:38:33.900788+09:00,2026-09-19T23:38:33.900788+09:00
2024-05-24|6696|body_pct_low,2024-05-24,6696,トラース・オン・プロダクト,,,body_pct_low,陰線沈み込みリバウンド,2024-05,mature,2024-05-27,597,2024-05-31,688,0.15242881072,9100,-0.00401284109149,,0.446753246753,5.89953524813,0.166666666667,1,1,1,0.999954150563,0.8508832,EXACT_CANONICAL_2023_2026,,,,not_requested_historical,,,2026-09-19T23:38:33.900788+09:00,2026-09-19T23:38:33.900788+09:00
2024-05-24|6696|dual_top1_agreement,2024-05-24,6696,トラース・オン・プロダクト,,,dual_top1_agreement,2条件一致リバウンド,2024-05,mature,2024-05-27,597,2024-05-31,688,0.15242881072,9100,-0.00401284109149,,0.446753246753,5.89953524813,0.166666666667,1,1,1,0.999954150563,0.8508832,EXACT_CANONICAL_2023_2026,,,,not_requested_historical,,,2026-09-19T23:38:33.900788+09:00,2026-09-19T23:38:33.900788+09:00
2024-05-24|6696|dual_top1_agreement_g3_no_acute_selloff,2024-05-24,6696,トラース・オン・プロダクト,,,dual_top1_agreement_g3_no_acute_selloff,地合い安定・2条件一致,2024-05,mature,2024-05-27,597,2024-05-31,688,0.15242881072,9100,-0.00401284109149,,0.446753246753,5.89953524813,0.166666666667,1,1,1,0.999954150563,0.8508832,EXACT_CANONICAL_2023_2026,,,,not_requested_historical,,,2026-09-19T23:38:33.900788+09:00,2026-09-19T23:38:33.900788+09:00
2024-05-24|6696|mean_rank_volr20_body_pct,2024-05-24,6696,トラース・オン・プロダクト,,,mean_rank_volr20_body_pct,静かな売られ過ぎバランス,2024-05,mature,2024-05-27,597,2024-05-31,688,0.15242881072,9100,-0.00401284109149,,0.446753246753,5.89953524813,0.166666666667,1,1,1,0.999954150563,0.8508832,EXACT_CANONICAL_2023_2026,,,,not_requested_historical,,,2026-09-19T23:38:33.900788+09:00,2026-09-19T23:38:33.900788+09:00
2024-05-24|6696|volr20_low,2024-05-24,6696,トラース・オン・プロダクト,,,volr20_low,出来高沈静リバウンド,2024-05,mature,2024-05-27,597,2024-05-31,688,0.15242881072,9100,-0.00401284109149,,0.446753246753,5.89953524813,0.166666666667,1,1,1,0.999954150563,0.8508832,EXACT_CANONICAL_2023_2026,,,,not_requested_historical,,,2026-09-19T23:38:33.900788+09:00,2026-09-19T23:38:33.900788+09:00
2024-05-30|3350|body_pct_low,2024-05-30,3350,メタプラネット,,,body_pct_low,陰線沈み込みリバウンド,2024-05,mature,2024-05-31,58,2024-06-06,78,0.344827586207,2000,-0.0105167724388,,0.571428571429,0.609611174061,0,1,1,1,0.999663770794,0.82891005,EXACT_CANONICAL_2023_2026,,,,not_requested_historical,,,2026-09-19T23:38:33.900788+09:00,2026-09-19T23:38:33.900788+09:00
2024-05-30|3350|dual_top1_agreement,2024-05-30,3350,メタプラネット,,,dual_top1_agreement,2条件一致リバウンド,2024-05,mature,2024-05-31,58,2024-06-06,78,0.344827586207,2000,-0.0105167724388,,0.571428571429,0.609611174061,0,1,1,1,0.999663770794,0.82891005,EXACT_CANONICAL_2023_2026,,,,not_requested_historical,,,2026-09-19T23:38:33.900788+09:00,2026-09-19T23:38:33.900788+09:00
2024-05-30|3350|dual_top1_agreement_g3_no_acute_selloff,2024-05-30,3350,メタプラネット,,,dual_top1_agreement_g3_no_acute_selloff,地合い安定・2条件一致,2024-05,mature,2024-05-31,58,2024-06-06,78,0.344827586207,2000,-0.0105167724388,,0.571428571429,0.609611174061,0,1,1,1,0.999663770794,0.82891005,EXACT_CANONICAL_2023_2026,,,,not_requested_historical,,,2026-09-19T23:38:33.900788+09:00,2026-09-19T23:38:33.900788+09:00
2024-05-30|3350|mean_rank_volr20_body_pct,2024-05-30,3350,メタプラネット,,,mean_rank_volr20_body_pct,静かな売られ過ぎバランス,2024-05,mature,2024-05-31,58,2024-06-06,78,0.344827586207,2000,-0.0105167724388,,0.571428571429,0.609611174061,0,1,1,1,0.999663770794,0.82891005,EXACT_CANONICAL_2023_2026,,,,not_requested_historical,,,2026-09-19T23:38:33.900788+09:00,2026-09-19T23:38:33.900788+09:00
2024-05-30|3350|volr20_low,2024-05-30,3350,メタプラネット,,,volr20_low,出来高沈静リバウンド,2024-05,mature,2024-05-31,58,2024-06-06,78,0.344827586207,2000,-0.0105167724388,,0.571428571429,0.609611174061,0,1,1,1,0.999663770794,0.82891005,EXACT_CANONICAL_2023_2026,,,,not_requested_historical,,,2026-09-19T23:38:33.900788+09:00,2026-09-19T23:38:33.900788+09:00
2024-06-07|3350|body_pct_low,2024-06-07,3350,メタプラネット,,,body_pct_low,陰線沈み込みリバウンド,2024-06,mature,2024-06-10,82,2024-06-14,90,0.0975609756098,800,-0.00151529502259,,0.491228070175,1.01879829882,0.666666666667,0.5,0.5,0.5,0.999710017661,0.836145,EXACT_CANONICAL_2023_2026,,,,not_requested_historical,,,2026-09-19T23:38:33.900788+09:00,2026-09-19T23:38:33.900788+09:00
2024-06-07|3350|dual_top1_agreement,2024-06-07,3350,メタプラネット,,,dual_top1_agreement,2条件一致リバウンド,2024-06,mature,2024-06-10,82,2024-06-14,90,0.0975609756098,800,-0.00151529502259,,0.491228070175,1.01879829882,0.666666666667,0.5,0.5,0.5,0.999710017661,0.836145,EXACT_CANONICAL_2023_2026,,,,not_requested_historical,,,2026-09-19T23:38:33.900788+09:00,2026-09-19T23:38:33.900788+09:00
2024-06-07|3350|dual_top1_agreement_g3_no_acute_selloff,2024-06-07,3350,メタプラネット,,,dual_top1_agreement_g3_no_acute_selloff,地合い安定・2条件一致,2024-06,mature,2024-06-10,82,2024-06-14,90,0.0975609756098,800,-0.00151529502259,,0.491228070175,1.01879829882,0.666666666667,0.5,0.5,0.5,0.999710017661,0.836145,EXACT_CANONICAL_2023_2026,,,,not_requested_historical,,,2026-09-19T23:38:33.900788+09:00,2026-09-19T23:38:33.900788+09:00
2024-06-07|3350|mean_rank_volr20_body_pct,2024-06-07,3350,メタプラネット,,,mean_rank_volr20_body_pct,静かな売られ過ぎバランス,2024-06,mature,2024-06-10,82,2024-06-14,90,0.0975609756098,800,-0.00151529502259,,0.491228070175,1.01879829882,0.666666666667,0.5,0.5,0.5,0.999710017661,0.836145,EXACT_CANONICAL_2023_2026,,,,not_requested_historical,,,2026-09-19T23:38:33.900788+09:00,2026-09-19T23:38:33.900788+09:00
2024-06-07|3350|volr20_low,2024-06-07,3350,メタプラネット,,,volr20_low,出来高沈静リバウンド,2024-06,mature,2024-06-10,82,2024-06-14,90,0.0975609756098,800,-0.00151529502259,,0.491228070175,1.01879829882,0.666666666667,0.5,0.5,0.5,0.999710017661,0.836145,EXACT_CANONICAL_2023_2026,,,,not_requested_historical,,,2026-09-19T23:38:33.900788+09:00,2026-09-19T23:38:33.900788+09:00
2024-06-11|5535|body_pct_low,2024-06-11,5535,ミガロホールディングス,,,body_pct_low,陰線沈み込みリバウンド,2024-06,mature,2024-06-12,538.75,2024-06-18,532.5,-0.0116009280742,-625,-0.00147928994083,,0.275071633238,3.52969805882,-0.827160493827,0.75,0.25,0.5,0.999110393164,0.8127018,EXACT_CANONICAL_2023_2026,,,,not_requested_historical,,,2026-09-19T23:38:33.900788+09:00,2026-09-19T23:38:33.900788+09:00
2024-06-11|5216|mean_rank_volr20_body_pct,2024-06-11,5216,倉元製作所,,,mean_rank_volr20_body_pct,静かな売られ過ぎバランス,2024-06,mature,2024-06-12,528,2024-06-18,556,0.0530303030303,2800,-0.00147928994083,,0.149892933619,0.972682463974,-0.101449275362,0.25,0.5,0.375,0.999642846611,0.8329507,EXACT_CANONICAL_2023_2026,,,,not_requested_historical,,,2026-09-19T23:38:33.900788+09:00,2026-09-19T23:38:33.900788+09:00
2024-06-11|5216|volr20_low,2024-06-11,5216,倉元製作所,,,volr20_low,出来高沈静リバウンド,2024-06,mature,2024-06-12,528,2024-06-18,556,0.0530303030303,2800,-0.00147928994083,,0.149892933619,0.972682463974,-0.101449275362,0.25,0.5,0.375,0.999642846611,0.8329507,EXACT_CANONICAL_2023_2026,,,,not_requested_historical,,,2026-09-19T23:38:33.900788+09:00,2026-09-19T23:38:33.900788+09:00
2024-06-13|4564|body_pct_low,2024-06-13,4564,オンコセラピー・サイエンス,,,body_pct_low,陰線沈み込みリバウンド,2024-06,mature,2024-06-14,32,2024-06-20,32,0,0,0,,0.230769230769,2.83846497765,0.777777777778,1,1,1,0.999941020541,0.8517806,EXACT_CANONICAL_2023_2026,,,,not_requested_historical,,,2026-09-19T23:38:33.900788+09:00,2026-09-19T23:38:33.900788+09:00
2024-06-13|4564|dual_top1_agreement,2024-06-13,4564,オンコセラピー・サイエンス,,,dual_top1_agreement,2条件一致リバウンド,2024-06,mature,2024-06-14,32,2024-06-20,32,0,0,0,,0.230769230769,2.83846497765,0.777777777778,1,1,1,0.999941020541,0.8517806,EXACT_CANONICAL_2023_2026,,,,not_requested_historical,,,2026-09-19T23:38:33.900788+09:00,2026-09-19T23:38:33.900788+09:00
2024-06-13|4564|dual_top1_agreement_g3_no_acute_selloff,2024-06-13,4564,オンコセラピー・サイエンス,,,dual_top1_agreement_g3_no_acute_selloff,地合い安定・2条件一致,2024-06,mature,2024-06-14,32,2024-06-20,32,0,0,0,,0.230769230769,2.83846497765,0.777777777778,1,1,1,0.999941020541,0.8517806,EXACT_CANONICAL_2023_2026,,,,not_requested_historical,,,2026-09-19T23:38:33.900788+09:00,2026-09-19T23:38:33.900788+09:00
2024-06-13|4564|mean_rank_volr20_body_pct,2024-06-13,4564,オンコセラピー・サイエンス,,,mean_rank_volr20_body_pct,静かな売られ過ぎバランス,2024-06,mature,2024-06-14,32,2024-06-20,32,0,0,0,,0.230769230769,2.83846497765,0.777777777778,1,1,1,0.999941020541,0.8517806,EXACT_CANONICAL_2023_2026,,,,not_requested_historical,,,2026-09-19T23:38:33.900788+09:00,2026-09-19T23:38:33.900788+09:00
2024-06-13|4564|volr20_low,2024-06-13,4564,オンコセラピー・サイエンス,,,volr20_low,出来高沈静リバウンド,2024-06,mature,2024-06-14,32,2024-06-20,32,0,0,0,,0.230769230769,2.83846497765,0.777777777778,1,1,1,0.999941020541,0.8517806,EXACT_CANONICAL_2023_2026,,,,not_requested_historical,,,2026-09-19T23:38:33.900788+09:00,2026-09-19T23:38:33.900788+09:00
2024-06-18|6696|body_pct_low,2024-06-18,6696,トラース・オン・プロダクト,,,body_pct_low,陰線沈み込みリバウンド,2024-06,mature,2024-06-19,687,2024-06-25,704,0.0247452692868,1700,-0.00214899713467,,-0.140526976161,1.82038722469,0.719424460432,1,1,1,0.999567483969,0.8290102,EXACT_CANONICAL_2023_2026,,,,not_requested_historical,,,2026-09-19T23:38:33.900788+09:00,2026-09-19T23:38:33.900788+09:00
2024-06-18|6696|dual_top1_agreement,2024-06-18,6696,トラース・オン・プロダクト,,,dual_top1_agreement,2条件一致リバウンド,2024-06,mature,2024-06-19,687,2024-06-25,704,0.0247452692868,1700,-0.00214899713467,,-0.140526976161,1.82038722469,0.719424460432,1,1,1,0.999567483969,0.8290102,EXACT_CANONICAL_2023_2026,,,,not_requested_historical,,,2026-09-19T23:38:33.900788+09:00,2026-09-19T23:38:33.900788+09:00
2024-06-18|6696|dual_top1_agreement_g3_no_acute_selloff,2024-06-18,6696,トラース・オン・プロダクト,,,dual_top1_agreement_g3_no_acute_selloff,地合い安定・2条件一致,2024-06,mature,2024-06-19,687,2024-06-25,704,0.0247452692868,1700,-0.00214899713467,,-0.140526976161,1.82038722469,0.719424460432,1,1,1,0.999567483969,0.8290102,EXACT_CANONICAL_2023_2026,,,,not_requested_historical,,,2026-09-19T23:38:33.900788+09:00,2026-09-19T23:38:33.900788+09:00
2024-06-18|6696|mean_rank_volr20_body_pct,2024-06-18,6696,トラース・オン・プロダクト,,,mean_rank_volr20_body_pct,静かな売られ過ぎバランス,2024-06,mature,2024-06-19,687,2024-06-25,704,0.0247452692868,1700,-0.00214899713467,,-0.140526976161,1.82038722469,0.719424460432,1,1,1,0.999567483969,0.8290102,EXACT_CANONICAL_2023_2026,,,,not_requested_historical,,,2026-09-19T23:38:33.900788+09:00,2026-09-19T23:38:33.900788+09:00
2024-06-18|6696|volr20_low,2024-06-18,6696,トラース・オン・プロダクト,,,volr20_low,出来高沈静リバウンド,2024-06,mature,2024-06-19,687,2024-06-25,704,0.0247452692868,1700,-0.00214899713467,,-0.140526976161,1.82038722469,0.719424460432,1,1,1,0.999567483969,0.8290102,EXACT_CANONICAL_2023_2026,,,,not_requested_historical,,,2026-09-19T23:38:33.900788+09:00,2026-09-19T23:38:33.900788+09:00
2024-06-21|4592|body_pct_low,2024-06-21,4592,サンバイオ,,,body_pct_low,陰線沈み込みリバウンド,2024-06,mature,2024-06-24,688,2024-06-28,1318,0.915697674419,63000,0,,0.427402862986,3.39003123803,-0.487804878049,0.5,0.5,0.5,0.999116946437,0.81283903,EXACT_CANONICAL_2023_2026,,,,not_requested_historical,,,2026-09-19T23:38:33.900788+09:00,2026-09-19T23:38:33.900788+09:00
2024-06-21|4592|dual_top1_agreement,2024-06-21,4592,サンバイオ,,,dual_top1_agreement,2条件一致リバウンド,2024-06,mature,2024-06-24,688,2024-06-28,1318,0.915697674419,63000,0,,0.427402862986,3.39003123803,-0.487804878049,0.5,0.5,0.5,0.999116946437,0.81283903,EXACT_CANONICAL_2023_2026,,,,not_requested_historical,,,2026-09-19T23:38:33.900788+09:00,2026-09-19T23:38:33.900788+09:00
2024-06-21|4592|dual_top1_agreement_g3_no_acute_selloff,2024-06-21,4592,サンバイオ,,,dual_top1_agreement_g3_no_acute_selloff,地合い安定・2条件一致,2024-06,mature,2024-06-24,688,2024-06-28,1318,0.915697674419,63000,0,,0.427402862986,3.39003123803,-0.487804878049,0.5,0.5,0.5,0.999116946437,0.81283903,EXACT_CANONICAL_2023_2026,,,,not_requested_historical,,,2026-09-19T23:38:33.900788+09:00,2026-09-19T23:38:33.900788+09:00
2024-06-21|4592|mean_rank_volr20_body_pct,2024-06-21,4592,サンバイオ,,,mean_rank_volr20_body_pct,静かな売られ過ぎバランス,2024-06,mature,2024-06-24,688,2024-06-28,1318,0.915697674419,63000,0,,0.427402862986,3.39003123803,-0.487804878049,0.5,0.5,0.5,0.999116946437,0.81283903,EXACT_CANONICAL_2023_2026,,,,not_requested_historical,,,2026-09-19T23:38:33.900788+09:00,2026-09-19T23:38:33.900788+09:00
2024-06-21|4592|volr20_low,2024-06-21,4592,サンバイオ,,,volr20_low,出来高沈静リバウンド,2024-06,mature,2024-06-24,688,2024-06-28,1318,0.915697674419,63000,0,,0.427402862986,3.39003123803,-0.487804878049,0.5,0.5,0.5,0.999116946437,0.81283903,EXACT_CANONICAL_2023_2026,,,,not_requested_historical,,,2026-09-19T23:38:33.900788+09:00,2026-09-19T23:38:33.900788+09:00
2024-07-11|4935|body_pct_low,2024-07-11,4935,リベルタ,,,body_pct_low,陰線沈み込みリバウンド,2024-07,mature,2024-07-12,140,2024-07-19,267.600006104,0.911428615025,12760.0006104,-0.00505051936458,,0.21908130495,9.13845282937,-0.42857121381,1,1,1,0.999251194202,0.823144,EXACT_CANONICAL_2023_2026,,,,not_requested_historical,,,2026-09-19T23:38:33.900788+09:00,2026-09-19T23:38:33.900788+09:00
2024-07-11|4935|dual_top1_agreement,2024-07-11,4935,リベルタ,,,dual_top1_agreement,2条件一致リバウンド,2024-07,mature,2024-07-12,140,2024-07-19,267.600006104,0.911428615025,12760.0006104,-0.00505051936458,,0.21908130495,9.13845282937,-0.42857121381,1,1,1,0.999251194202,0.823144,EXACT_CANONICAL_2023_2026,,,,not_requested_historical,,,2026-09-19T23:38:33.900788+09:00,2026-09-19T23:38:33.900788+09:00
2024-07-11|4935|dual_top1_agreement_g3_no_acute_selloff,2024-07-11,4935,リベルタ,,,dual_top1_agreement_g3_no_acute_selloff,地合い安定・2条件一致,2024-07,mature,2024-07-12,140,2024-07-19,267.600006104,0.911428615025,12760.0006104,-0.00505051936458,,0.21908130495,9.13845282937,-0.42857121381,1,1,1,0.999251194202,0.823144,EXACT_CANONICAL_2023_2026,,,,not_requested_historical,,,2026-09-19T23:38:33.900788+09:00,2026-09-19T23:38:33.900788+09:00
2024-07-11|4935|mean_rank_volr20_body_pct,2024-07-11,4935,リベルタ,,,mean_rank_volr20_body_pct,静かな売られ過ぎバランス,2024-07,mature,2024-07-12,140,2024-07-19,267.600006104,0.911428615025,12760.0006104,-0.00505051936458,,0.21908130495,9.13845282937,-0.42857121381,1,1,1,0.999251194202,0.823144,EXACT_CANONICAL_2023_2026,,,,not_requested_historical,,,2026-09-19T23:38:33.900788+09:00,2026-09-19T23:38:33.900788+09:00
2024-07-11|4935|volr20_low,2024-07-11,4935,リベルタ,,,volr20_low,出来高沈静リバウンド,2024-07,mature,2024-07-12,140,2024-07-19,267.600006104,0.911428615025,12760.0006104,-0.00505051936458,,0.21908130495,9.13845282937,-0.42857121381,1,1,1,0.999251194202,0.823144,EXACT_CANONICAL_2023_2026,,,,not_requested_historical,,,2026-09-19T23:38:33.900788+09:00,2026-09-19T23:38:33.900788+09:00
2024-07-22|4893|body_pct_low,2024-07-22,4893,ノイルイミューン・バイオテック,,,body_pct_low,陰線沈み込みリバウンド,2024-07,mature,2024-07-23,270,2024-07-29,234,-0.133333333333,-3600,-0.00952006918194,,0.376884422111,3.86266707965,0.166666666667,1,1,1,0.999636702272,0.8367146,EXACT_CANONICAL_2023_2026,,,,not_requested_historical,,,2026-09-19T23:38:33.900788+09:00,2026-09-19T23:38:33.900788+09:00
2024-07-22|4893|dual_top1_agreement,2024-07-22,4893,ノイルイミューン・バイオテック,,,dual_top1_agreement,2条件一致リバウンド,2024-07,mature,2024-07-23,270,2024-07-29,234,-0.133333333333,-3600,-0.00952006918194,,0.376884422111,3.86266707965,0.166666666667,1,1,1,0.999636702272,0.8367146,EXACT_CANONICAL_2023_2026,,,,not_requested_historical,,,2026-09-19T23:38:33.900788+09:00,2026-09-19T23:38:33.900788+09:00
2024-07-22|4893|dual_top1_agreement_g3_no_acute_selloff,2024-07-22,4893,ノイルイミューン・バイオテック,,,dual_top1_agreement_g3_no_acute_selloff,地合い安定・2条件一致,2024-07,mature,2024-07-23,270,2024-07-29,234,-0.133333333333,-3600,-0.00952006918194,,0.376884422111,3.86266707965,0.166666666667,1,1,1,0.999636702272,0.8367146,EXACT_CANONICAL_2023_2026,,,,not_requested_historical,,,2026-09-19T23:38:33.900788+09:00,2026-09-19T23:38:33.900788+09:00
2024-07-22|4893|mean_rank_volr20_body_pct,2024-07-22,4893,ノイルイミューン・バイオテック,,,mean_rank_volr20_body_pct,静かな売られ過ぎバランス,2024-07,mature,2024-07-23,270,2024-07-29,234,-0.133333333333,-3600,-0.00952006918194,,0.376884422111,3.86266707965,0.166666666667,1,1,1,0.999636702272,0.8367146,EXACT_CANONICAL_2023_2026,,,,not_requested_historical,,,2026-09-19T23:38:33.900788+09:00,2026-09-19T23:38:33.900788+09:00
2024-07-22|4893|volr20_low,2024-07-22,4893,ノイルイミューン・バイオテック,,,volr20_low,出来高沈静リバウンド,2024-07,mature,2024-07-23,270,2024-07-29,234,-0.133333333333,-3600,-0.00952006918194,,0.376884422111,3.86266707965,0.166666666667,1,1,1,0.999636702272,0.8367146,EXACT_CANONICAL_2023_2026,,,,not_requested_historical,,,2026-09-19T23:38:33.900788+09:00,2026-09-19T23:38:33.900788+09:00
2024-07-23|4564|body_pct_low,2024-07-23,4564,オンコセラピー・サイエンス,,,body_pct_low,陰線沈み込みリバウンド,2024-07,mature,2024-07-24,48,2024-07-30,43,-0.104166666667,-500,-0.00790493076264,,0.305555555556,2.13764271662,0.571428571429,1,1,1,0.99977472368,0.842895,EXACT_CANONICAL_2023_2026,,,,not_requested_historical,,,2026-09-19T23:38:33.900788+09:00,2026-09-19T23:38:33.900788+09:00
2024-07-23|4564|dual_top1_agreement,2024-07-23,4564,オンコセラピー・サイエンス,,,dual_top1_agreement,2条件一致リバウンド,2024-07,mature,2024-07-24,48,2024-07-30,43,-0.104166666667,-500,-0.00790493076264,,0.305555555556,2.13764271662,0.571428571429,1,1,1,0.99977472368,0.842895,EXACT_CANONICAL_2023_2026,,,,not_requested_historical,,,2026-09-19T23:38:33.900788+09:00,2026-09-19T23:38:33.900788+09:00
2024-07-23|4564|dual_top1_agreement_g3_no_acute_selloff,2024-07-23,4564,オンコセラピー・サイエンス,,,dual_top1_agreement_g3_no_acute_selloff,地合い安定・2条件一致,2024-07,mature,2024-07-24,48,2024-07-30,43,-0.104166666667,-500,-0.00790493076264,,0.305555555556,2.13764271662,0.571428571429,1,1,1,0.99977472368,0.842895,EXACT_CANONICAL_2023_2026,,,,not_requested_historical,,,2026-09-19T23:38:33.900788+09:00,2026-09-19T23:38:33.900788+09:00
2024-07-23|4564|mean_rank_volr20_body_pct,2024-07-23,4564,オンコセラピー・サイエンス,,,mean_rank_volr20_body_pct,静かな売られ過ぎバランス,2024-07,mature,2024-07-24,48,2024-07-30,43,-0.104166666667,-500,-0.00790493076264,,0.305555555556,2.13764271662,0.571428571429,1,1,1,0.99977472368,0.842895,EXACT_CANONICAL_2023_2026,,,,not_requested_historical,,,2026-09-19T23:38:33.900788+09:00,2026-09-19T23:38:33.900788+09:00
2024-07-23|4564|volr20_low,2024-07-23,4564,オンコセラピー・サイエンス,,,volr20_low,出来高沈静リバウンド,2024-07,mature,2024-07-24,48,2024-07-30,43,-0.104166666667,-500,-0.00790493076264,,0.305555555556,2.13764271662,0.571428571429,1,1,1,0.99977472368,0.842895,EXACT_CANONICAL_2023_2026,,,,not_requested_historical,,,2026-09-19T23:38:33.900788+09:00,2026-09-19T23:38:33.900788+09:00
2024-07-24|4169|body_pct_low,2024-07-24,4169,ＥＮＥＣＨＡＮＧＥ,,,body_pct_low,陰線沈み込みリバウンド,2024-07,mature,2024-07-25,310,2024-07-31,308,-0.00645161290323,-200,-0.0223374586797,,0.538461538462,0.226268053106,-0.521739130435,0.5,0.5,0.5,0.999355900098,0.82646036,EXACT_CANONICAL_2023_2026,,,,not_requested_historical,,,2026-09-19T23:38:33.900788+09:00,2026-09-19T23:38:33.900788+09:00
2024-07-24|4169|dual_top1_agreement,2024-07-24,4169,ＥＮＥＣＨＡＮＧＥ,,,dual_top1_agreement,2条件一致リバウンド,2024-07,mature,2024-07-25,310,2024-07-31,308,-0.00645161290323,-200,-0.0223374586797,,0.538461538462,0.226268053106,-0.521739130435,0.5,0.5,0.5,0.999355900098,0.82646036,EXACT_CANONICAL_2023_2026,,,,not_requested_historical,,,2026-09-19T23:38:33.900788+09:00,2026-09-19T23:38:33.900788+09:00
2024-07-24|4169|mean_rank_volr20_body_pct,2024-07-24,4169,ＥＮＥＣＨＡＮＧＥ,,,mean_rank_volr20_body_pct,静かな売られ過ぎバランス,2024-07,mature,2024-07-25,310,2024-07-31,308,-0.00645161290323,-200,-0.0223374586797,,0.538461538462,0.226268053106,-0.521739130435,0.5,0.5,0.5,0.999355900098,0.82646036,EXACT_CANONICAL_2023_2026,,,,not_requested_historical,,,2026-09-19T23:38:33.900788+09:00,2026-09-19T23:38:33.900788+09:00
2024-07-24|4169|volr20_low,2024-07-24,4169,ＥＮＥＣＨＡＮＧＥ,,,volr20_low,出来高沈静リバウンド,2024-07,mature,2024-07-25,310,2024-07-31,308,-0.00645161290323,-200,-0.0223374586797,,0.538461538462,0.226268053106,-0.521739130435,0.5,0.5,0.5,0.999355900098,0.82646036,EXACT_CANONICAL_2023_2026,,,,not_requested_historical,,,2026-09-19T23:38:33.900788+09:00,2026-09-19T23:38:33.900788+09:00
2024-07-25|7776|body_pct_low,2024-07-25,7776,セルシード,,,body_pct_low,陰線沈み込みリバウンド,2024-07,mature,2024-07-26,428,2024-08-01,542,0.266355140187,11400,-0.0299212598425,,-0.443408788282,1.29010799761,-0.725663716814,0.5,0.25,0.375,0.999860392139,0.8496183,EXACT_CANONICAL_2023_2026,,,,not_requested_historical,,,2026-09-19T23:38:33.900788+09:00,2026-09-19T23:38:33.900788+09:00
2024-07-25|7776|mean_rank_volr20_body_pct,2024-07-25,7776,セルシード,,,mean_rank_volr20_body_pct,静かな売られ過ぎバランス,2024-07,mature,2024-07-26,428,2024-08-01,542,0.266355140187,11400,-0.0299212598425,,-0.443408788282,1.29010799761,-0.725663716814,0.5,0.25,0.375,0.999860392139,0.8496183,EXACT_CANONICAL_2023_2026,,,,not_requested_historical,,,2026-09-19T23:38:33.900788+09:00,2026-09-19T23:38:33.900788+09:00
2024-07-25|4935|volr20_low,2024-07-25,4935,リベルタ,,,volr20_low,出来高沈静リバウンド,2024-07,mature,2024-07-26,201,2024-08-01,202.399993896,0.0069651437636,139.999389648,-0.0299212598425,,0.417808219178,0.470310248431,0.374999874517,0.25,1,0.625,0.999086203095,0.818797,EXACT_CANONICAL_2023_2026,,,,not_requested_historical,,,2026-09-19T23:38:33.900788+09:00,2026-09-19T23:38:33.900788+09:00
2024-07-26|7776|body_pct_low,2024-07-26,7776,セルシード,,,body_pct_low,陰線沈み込みリバウンド,2024-07,mature,2024-07-29,555,2024-08-02,566,0.0198198198198,1100,-0.0257575757576,,-0.447280799112,0.913851837707,0.958904109589,1,1,1,0.999838181798,0.847248,EXACT_CANONICAL_2023_2026,,,,not_requested_historical,,,2026-09-19T23:38:33.900788+09:00,2026-09-19T23:38:33.900788+09:00
2024-07-26|7776|dual_top1_agreement,2024-07-26,7776,セルシード,,,dual_top1_agreement,2条件一致リバウンド,2024-07,mature,2024-07-29,555,2024-08-02,566,0.0198198198198,1100,-0.0257575757576,,-0.447280799112,0.913851837707,0.958904109589,1,1,1,0.999838181798,0.847248,EXACT_CANONICAL_2023_2026,,,,not_requested_historical,,,2026-09-19T23:38:33.900788+09:00,2026-09-19T23:38:33.900788+09:00
2024-07-26|7776|dual_top1_agreement_g3_no_acute_selloff,2024-07-26,7776,セルシード,,,dual_top1_agreement_g3_no_acute_selloff,地合い安定・2条件一致,2024-07,mature,2024-07-29,555,2024-08-02,566,0.0198198198198,1100,-0.0257575757576,,-0.447280799112,0.913851837707,0.958904109589,1,1,1,0.999838181798,0.847248,EXACT_CANONICAL_2023_2026,,,,not_requested_historical,,,2026-09-19T23:38:33.900788+09:00,2026-09-19T23:38:33.900788+09:00
2024-07-26|7776|mean_rank_volr20_body_pct,2024-07-26,7776,セルシード,,,mean_rank_volr20_body_pct,静かな売られ過ぎバランス,2024-07,mature,2024-07-29,555,2024-08-02,566,0.0198198198198,1100,-0.0257575757576,,-0.447280799112,0.913851837707,0.958904109589,1,1,1,0.999838181798,0.847248,EXACT_CANONICAL_2023_2026,,,,not_requested_historical,,,2026-09-19T23:38:33.900788+09:00,2026-09-19T23:38:33.900788+09:00
2024-07-26|7776|volr20_low,2024-07-26,7776,セルシード,,,volr20_low,出来高沈静リバウンド,2024-07,mature,2024-07-29,555,2024-08-02,566,0.0198198198198,1100,-0.0257575757576,,-0.447280799112,0.913851837707,0.958904109589,1,1,1,0.999838181798,0.847248,EXACT_CANONICAL_2023_2026,,,,not_requested_historical,,,2026-09-19T23:38:33.900788+09:00,2026-09-19T23:38:33.900788+09:00
2024-07-29|7776|body_pct_low,2024-07-29,7776,セルシード,,,body_pct_low,陰線沈み込みリバウンド,2024-07,mature,2024-07-30,525,2024-08-05,466,-0.112380952381,-5900,-0.00427611484423,,-0.372716199756,1.38262403702,-0.425531914894,1,1,1,0.999952406411,0.8595647,EXACT_CANONICAL_2023_2026,,,,not_requested_historical,,,2026-09-19T23:38:33.900788+09:00,2026-09-19T23:38:33.900788+09:00
2024-07-29|7776|dual_top1_agreement,2024-07-29,7776,セルシード,,,dual_top1_agreement,2条件一致リバウンド,2024-07,mature,2024-07-30,525,2024-08-05,466,-0.112380952381,-5900,-0.00427611484423,,-0.372716199756,1.38262403702,-0.425531914894,1,1,1,0.999952406411,0.8595647,EXACT_CANONICAL_2023_2026,,,,not_requested_historical,,,2026-09-19T23:38:33.900788+09:00,2026-09-19T23:38:33.900788+09:00
2024-07-29|7776|dual_top1_agreement_g3_no_acute_selloff,2024-07-29,7776,セルシード,,,dual_top1_agreement_g3_no_acute_selloff,地合い安定・2条件一致,2024-07,mature,2024-07-30,525,2024-08-05,466,-0.112380952381,-5900,-0.00427611484423,,-0.372716199756,1.38262403702,-0.425531914894,1,1,1,0.999952406411,0.8595647,EXACT_CANONICAL_2023_2026,,,,not_requested_historical,,,2026-09-19T23:38:33.900788+09:00,2026-09-19T23:38:33.900788+09:00
2024-07-29|7776|mean_rank_volr20_body_pct,2024-07-29,7776,セルシード,,,mean_rank_volr20_body_pct,静かな売られ過ぎバランス,2024-07,mature,2024-07-30,525,2024-08-05,466,-0.112380952381,-5900,-0.00427611484423,,-0.372716199756,1.38262403702,-0.425531914894,1,1,1,0.999952406411,0.8595647,EXACT_CANONICAL_2023_2026,,,,not_requested_historical,,,2026-09-19T23:38:33.900788+09:00,2026-09-19T23:38:33.900788+09:00
2024-07-29|7776|volr20_low,2024-07-29,7776,セルシード,,,volr20_low,出来高沈静リバウンド,2024-07,mature,2024-07-30,525,2024-08-05,466,-0.112380952381,-5900,-0.00427611484423,,-0.372716199756,1.38262403702,-0.425531914894,1,1,1,0.999952406411,0.8595647,EXACT_CANONICAL_2023_2026,,,,not_requested_historical,,,2026-09-19T23:38:33.900788+09:00,2026-09-19T23:38:33.900788+09:00
2024-07-30|7776|body_pct_low,2024-07-30,7776,セルシード,,,body_pct_low,陰線沈み込みリバウンド,2024-07,mature,2024-07-31,488,2024-08-06,546,0.118852459016,5800,-0.0156081246472,,-0.497425334706,0.515050941699,-0.493333333333,0.5,0.25,0.375,0.999684295861,0.8387635,EXACT_CANONICAL_2023_2026,,,,not_requested_historical,,,2026-09-19T23:38:33.900788+09:00,2026-09-19T23:38:33.900788+09:00
2024-07-30|3350|mean_rank_volr20_body_pct,2024-07-30,3350,メタプラネット,,,mean_rank_volr20_body_pct,静かな売られ過ぎバランス,2024-07,mature,2024-07-31,135,2024-08-06,64.3000030518,-0.523703681098,-7069.99969482,-0.0156081246472,,0.480392156863,0.421820553612,-0.277777777778,0.25,0.5,0.375,0.999757272697,0.8418298,EXACT_CANONICAL_2023_2026,,,,not_requested_historical,,,2026-09-19T23:38:33.900788+09:00,2026-09-19T23:38:33.900788+09:00
2024-07-30|3350|volr20_low,2024-07-30,3350,メタプラネット,,,volr20_low,出来高沈静リバウンド,2024-07,mature,2024-07-31,135,2024-08-06,64.3000030518,-0.523703681098,-7069.99969482,-0.0156081246472,,0.480392156863,0.421820553612,-0.277777777778,0.25,0.5,0.375,0.999757272697,0.8418298,EXACT_CANONICAL_2023_2026,,,,not_requested_historical,,,2026-09-19T23:38:33.900788+09:00,2026-09-19T23:38:33.900788+09:00
2024-08-01|3350|body_pct_low,2024-08-01,3350,メタプラネット,,,body_pct_low,陰線沈み込みリバウンド,2024-08,mature,2024-08-02,85.9000015259,2024-08-08,89.3000030518,0.0395809250929,340.000152588,-0.00916730863506,,-0.290400024414,2.08833548658,-0.918182026256,1,0.5,0.75,0.999687309358,0.8429348,EXACT_CANONICAL_2023_2026,,,,not_requested_historical,,,2026-09-19T23:38:33.900788+09:00,2026-09-19T23:38:33.900788+09:00
2024-08-01|7776|mean_rank_volr20_body_pct,2024-08-01,7776,セルシード,,,mean_rank_volr20_body_pct,静かな売られ過ぎバランス,2024-08,mature,2024-08-02,512,2024-08-08,655,0.279296875,14300,-0.00916730863506,,-0.501379944802,0.992550890182,0.888888888889,0.5,1,0.75,0.999846720274,0.85181606,EXACT_CANONICAL_2023_2026,,,,not_requested_historical,,,2026-09-19T23:38:33.900788+09:00,2026-09-19T23:38:33.900788+09:00
2024-08-01|7776|volr20_low,2024-08-01,7776,セルシード,,,volr20_low,出来高沈静リバウンド,2024-08,mature,2024-08-02,512,2024-08-08,655,0.279296875,14300,-0.00916730863506,,-0.501379944802,0.992550890182,0.888888888889,0.5,1,0.75,0.999846720274,0.85181606,EXACT_CANONICAL_2023_2026,,,,not_requested_historical,,,2026-09-19T23:38:33.900788+09:00,2026-09-19T23:38:33.900788+09:00
2024-08-02|3350|body_pct_low,2024-08-02,3350,メタプラネット,,,body_pct_low,陰線沈み込みリバウンド,2024-08,mature,2024-08-05,67.5,2024-08-09,119,0.762962962963,5150,-0.0588914549654,,-0.434482758621,1.67196323676,-0.197969651271,1,0.25,0.625,0.999409873054,0.83261997,EXACT_CANONICAL_2023_2026,,,,not_requested_historical,,,2026-09-19T23:38:33.900788+09:00,2026-09-19T23:38:33.900788+09:00
2024-08-02|4935|mean_rank_volr20_body_pct,2024-08-02,4935,リベルタ,,,mean_rank_volr20_body_pct,静かな売られ過ぎバランス,2024-08,mature,2024-08-05,160.199996948,2024-08-09,184.800003052,0.153558093459,2460.00061035,-0.0588914549654,,-0.296711537161,0.148124007007,0.0109888359396,0.25,0.5,0.375,0.999222871788,0.8251109,EXACT_CANONICAL_2023_2026,,,,not_requested_historical,,,2026-09-19T23:38:33.900788+09:00,2026-09-19T23:38:33.900788+09:00
2024-08-02|4935|volr20_low,2024-08-02,4935,リベルタ,,,volr20_low,出来高沈静リバウンド,2024-08,mature,2024-08-05,160.199996948,2024-08-09,184.800003052,0.153558093459,2460.00061035,-0.0588914549654,,-0.296711537161,0.148124007007,0.0109888359396,0.25,0.5,0.375,0.999222871788,0.8251109,EXACT_CANONICAL_2023_2026,,,,not_requested_historical,,,2026-09-19T23:38:33.900788+09:00,2026-09-19T23:38:33.900788+09:00
2024-08-05|7776|body_pct_low,2024-08-05,7776,セルシード,,,body_pct_low,陰線沈み込みリバウンド,2024-08,mature,2024-08-06,543,2024-08-13,626,0.152854511971,8300,-0.19487250732,,-0.268445839874,1.03759365041,-0.78527607362,1,1,1,0.999753219641,0.8454695,EXACT_CANONICAL_2023_2026,,,,not_requested_historical,,,2026-09-19T23:38:33.900788+09:00,2026-09-19T23:38:33.900788+09:00
2024-08-05|7776|dual_top1_agreement,2024-08-05,7776,セルシード,,,dual_top1_agreement,2条件一致リバウンド,2024-08,mature,2024-08-06,543,2024-08-13,626,0.152854511971,8300,-0.19487250732,,-0.268445839874,1.03759365041,-0.78527607362,1,1,1,0.999753219641,0.8454695,EXACT_CANONICAL_2023_2026,,,,not_requested_historical,,,2026-09-19T23:38:33.900788+09:00,2026-09-19T23:38:33.900788+09:00
2024-08-05|7776|mean_rank_volr20_body_pct,2024-08-05,7776,セルシード,,,mean_rank_volr20_body_pct,静かな売られ過ぎバランス,2024-08,mature,2024-08-06,543,2024-08-13,626,0.152854511971,8300,-0.19487250732,,-0.268445839874,1.03759365041,-0.78527607362,1,1,1,0.999753219641,0.8454695,EXACT_CANONICAL_2023_2026,,,,not_requested_historical,,,2026-09-19T23:38:33.900788+09:00,2026-09-19T23:38:33.900788+09:00
2024-08-05|7776|volr20_low,2024-08-05,7776,セルシード,,,volr20_low,出来高沈静リバウンド,2024-08,mature,2024-08-06,543,2024-08-13,626,0.152854511971,8300,-0.19487250732,,-0.268445839874,1.03759365041,-0.78527607362,1,1,1,0.999753219641,0.8454695,EXACT_CANONICAL_2023_2026,,,,not_requested_historical,,,2026-09-19T23:38:33.900788+09:00,2026-09-19T23:38:33.900788+09:00
2024-08-06|3350|body_pct_low,2024-08-06,3350,メタプラネット,,,body_pct_low,陰線沈み込みリバウンド,2024-08,mature,2024-08-07,74.3000030518,2024-08-14,108,0.4535665621,3369.99969482,-0.122773230621,,-0.707727258856,1.66474789894,-0.120567172497,1,1,1,0.999133969546,0.822636,EXACT_CANONICAL_2023_2026,,,,not_requested_historical,,,2026-09-19T23:38:33.900788+09:00,2026-09-19T23:38:33.900788+09:00
2024-08-06|3350|dual_top1_agreement,2024-08-06,3350,メタプラネット,,,dual_top1_agreement,2条件一致リバウンド,2024-08,mature,2024-08-07,74.3000030518,2024-08-14,108,0.4535665621,3369.99969482,-0.122773230621,,-0.707727258856,1.66474789894,-0.120567172497,1,1,1,0.999133969546,0.822636,EXACT_CANONICAL_2023_2026,,,,not_requested_historical,,,2026-09-19T23:38:33.900788+09:00,2026-09-19T23:38:33.900788+09:00
2024-08-06|3350|dual_top1_agreement_g3_no_acute_selloff,2024-08-06,3350,メタプラネット,,,dual_top1_agreement_g3_no_acute_selloff,地合い安定・2条件一致,2024-08,mature,2024-08-07,74.3000030518,2024-08-14,108,0.4535665621,3369.99969482,-0.122773230621,,-0.707727258856,1.66474789894,-0.120567172497,1,1,1,0.999133969546,0.822636,EXACT_CANONICAL_2023_2026,,,,not_requested_historical,,,2026-09-19T23:38:33.900788+09:00,2026-09-19T23:38:33.900788+09:00
2024-08-06|3350|mean_rank_volr20_body_pct,2024-08-06,3350,メタプラネット,,,mean_rank_volr20_body_pct,静かな売られ過ぎバランス,2024-08,mature,2024-08-07,74.3000030518,2024-08-14,108,0.4535665621,3369.99969482,-0.122773230621,,-0.707727258856,1.66474789894,-0.120567172497,1,1,1,0.999133969546,0.822636,EXACT_CANONICAL_2023_2026,,,,not_requested_historical,,,2026-09-19T23:38:33.900788+09:00,2026-09-19T23:38:33.900788+09:00
2024-08-06|3350|volr20_low,2024-08-06,3350,メタプラネット,,,volr20_low,出来高沈静リバウンド,2024-08,mature,2024-08-07,74.3000030518,2024-08-14,108,0.4535665621,3369.99969482,-0.122773230621,,-0.707727258856,1.66474789894,-0.120567172497,1,1,1,0.999133969546,0.822636,EXACT_CANONICAL_2023_2026,,,,not_requested_historical,,,2026-09-19T23:38:33.900788+09:00,2026-09-19T23:38:33.900788+09:00
2024-08-07|7776|body_pct_low,2024-08-07,7776,セルシード,,,body_pct_low,陰線沈み込みリバウンド,2024-08,mature,2024-08-08,661,2024-08-15,578,-0.125567322239,-8300,-0.118299210226,,0.314893617021,0.892591084427,0.191011235955,1,0.5,0.75,0.999952483285,0.8647838,EXACT_CANONICAL_2023_2026,,,,not_requested_historical,,,2026-09-19T23:38:33.900788+09:00,2026-09-19T23:38:33.900788+09:00
2024-08-07|7776|mean_rank_volr20_body_pct,2024-08-07,7776,セルシード,,,mean_rank_volr20_body_pct,静かな売られ過ぎバランス,2024-08,mature,2024-08-08,661,2024-08-15,578,-0.125567322239,-8300,-0.118299210226,,0.314893617021,0.892591084427,0.191011235955,1,0.5,0.75,0.999952483285,0.8647838,EXACT_CANONICAL_2023_2026,,,,not_requested_historical,,,2026-09-19T23:38:33.900788+09:00,2026-09-19T23:38:33.900788+09:00
2024-08-07|4935|volr20_low,2024-08-07,4935,リベルタ,,,volr20_low,出来高沈静リバウンド,2024-08,mature,2024-08-08,186.199996948,2024-08-15,175.399993896,-0.058002165568,-1080.00030518,-0.118299210226,,-0.0807393269004,0.119159025981,0.722222169894,0.5,1,0.75,0.999308708434,0.82855165,EXACT_CANONICAL_2023_2026,,,,not_requested_historical,,,2026-09-19T23:38:33.900788+09:00,2026-09-19T23:38:33.900788+09:00
2024-08-08|4935|body_pct_low,2024-08-08,4935,リベルタ,,,body_pct_low,陰線沈み込みリバウンド,2024-08,mature,2024-08-09,178.600006104,2024-08-16,180.600006104,0.011198207904,200,-0.0915910004018,,-0.114009691321,0.0687434339743,-0.194444738788,0.333333333333,0.333333333333,0.333333333333,0.999316372421,0.82874364,EXACT_CANONICAL_2023_2026,,,,not_requested_historical,,,2026-09-19T23:38:33.900788+09:00,2026-09-19T23:38:33.900788+09:00
2024-08-08|4935|dual_top1_agreement,2024-08-08,4935,リベルタ,,,dual_top1_agreement,2条件一致リバウンド,2024-08,mature,2024-08-09,178.600006104,2024-08-16,180.600006104,0.011198207904,200,-0.0915910004018,,-0.114009691321,0.0687434339743,-0.194444738788,0.333333333333,0.333333333333,0.333333333333,0.999316372421,0.82874364,EXACT_CANONICAL_2023_2026,,,,not_requested_historical,,,2026-09-19T23:38:33.900788+09:00,2026-09-19T23:38:33.900788+09:00
2024-08-08|4935|dual_top1_agreement_g3_no_acute_selloff,2024-08-08,4935,リベルタ,,,dual_top1_agreement_g3_no_acute_selloff,地合い安定・2条件一致,2024-08,mature,2024-08-09,178.600006104,2024-08-16,180.600006104,0.011198207904,200,-0.0915910004018,,-0.114009691321,0.0687434339743,-0.194444738788,0.333333333333,0.333333333333,0.333333333333,0.999316372421,0.82874364,EXACT_CANONICAL_2023_2026,,,,not_requested_historical,,,2026-09-19T23:38:33.900788+09:00,2026-09-19T23:38:33.900788+09:00
2024-08-08|4935|mean_rank_volr20_body_pct,2024-08-08,4935,リベルタ,,,mean_rank_volr20_body_pct,静かな売られ過ぎバランス,2024-08,mature,2024-08-09,178.600006104,2024-08-16,180.600006104,0.011198207904,200,-0.0915910004018,,-0.114009691321,0.0687434339743,-0.194444738788,0.333333333333,0.333333333333,0.333333333333,0.999316372421,0.82874364,EXACT_CANONICAL_2023_2026,,,,not_requested_historical,,,2026-09-19T23:38:33.900788+09:00,2026-09-19T23:38:33.900788+09:00
2024-08-08|4935|volr20_low,2024-08-08,4935,リベルタ,,,volr20_low,出来高沈静リバウンド,2024-08,mature,2024-08-09,178.600006104,2024-08-16,180.600006104,0.011198207904,200,-0.0915910004018,,-0.114009691321,0.0687434339743,-0.194444738788,0.333333333333,0.333333333333,0.333333333333,0.999316372421,0.82874364,EXACT_CANONICAL_2023_2026,,,,not_requested_historical,,,2026-09-19T23:38:33.900788+09:00,2026-09-19T23:38:33.900788+09:00
2024-08-09|7776|body_pct_low,2024-08-09,7776,セルシード,,,body_pct_low,陰線沈み込みリバウンド,2024-08,mature,2024-08-13,633,2024-08-19,671,0.0600315955766,3800,-0.0289921353747,,0.200803212851,0.609911402739,-0.518518518519,0.666666666667,0.333333333333,0.5,0.999992336014,0.8719596,EXACT_CANONICAL_2023_2026,,,,not_requested_historical,,,2026-09-19T23:38:33.900788+09:00,2026-09-19T23:38:33.900788+09:00
2024-08-09|7776|mean_rank_volr20_body_pct,2024-08-09,7776,セルシード,,,mean_rank_volr20_body_pct,静かな売られ過ぎバランス,2024-08,mature,2024-08-13,633,2024-08-19,671,0.0600315955766,3800,-0.0289921353747,,0.200803212851,0.609911402739,-0.518518518519,0.666666666667,0.333333333333,0.5,0.999992336014,0.8719596,EXACT_CANONICAL_2023_2026,,,,not_requested_historical,,,2026-09-19T23:38:33.900788+09:00,2026-09-19T23:38:33.900788+09:00
2024-08-09|4935|volr20_low,2024-08-09,4935,リベルタ,,,volr20_low,出来高沈静リバウンド,2024-08,mature,2024-08-13,178.800003052,2024-08-19,169.600006104,-0.0514541207562,-919.999694824,-0.0289921353747,,-0.0523076766577,0.126275078559,0.348314375577,0.333333333333,1,0.666666666667,0.999751686843,0.8453952,EXACT_CANONICAL_2023_2026,,,,not_requested_historical,,,2026-09-19T23:38:33.900788+09:00,2026-09-19T23:38:33.900788+09:00
2024-09-04|2586|body_pct_low,2024-09-04,2586,フルッタフルッタ,,,body_pct_low,陰線沈み込みリバウンド,2024-09,mature,2024-09-05,90,2024-09-11,110,0.222222222222,2000,-0.0153846153846,,0.217391304348,0.897180410459,-0.214285714286,0.5,0.5,0.5,0.99920096062,0.8255811,EXACT_CANONICAL_2023_2026,,,,not_requested_historical,,,2026-09-19T23:38:33.900788+09:00,2026-09-19T23:38:33.900788+09:00
2024-09-04|2586|dual_top1_agreement,2024-09-04,2586,フルッタフルッタ,,,dual_top1_agreement,2条件一致リバウンド,2024-09,mature,2024-09-05,90,2024-09-11,110,0.222222222222,2000,-0.0153846153846,,0.217391304348,0.897180410459,-0.214285714286,0.5,0.5,0.5,0.99920096062,0.8255811,EXACT_CANONICAL_2023_2026,,,,not_requested_historical,,,2026-09-19T23:38:33.900788+09:00,2026-09-19T23:38:33.900788+09:00
2024-09-04|2586|mean_rank_volr20_body_pct,2024-09-04,2586,フルッタフルッタ,,,mean_rank_volr20_body_pct,静かな売られ過ぎバランス,2024-09,mature,2024-09-05,90,2024-09-11,110,0.222222222222,2000,-0.0153846153846,,0.217391304348,0.897180410459,-0.214285714286,0.5,0.5,0.5,0.99920096062,0.8255811,EXACT_CANONICAL_2023_2026,,,,not_requested_historical,,,2026-09-19T23:38:33.900788+09:00,2026-09-19T23:38:33.900788+09:00
2024-09-04|2586|volr20_low,2024-09-04,2586,フルッタフルッタ,,,volr20_low,出来高沈静リバウンド,2024-09,mature,2024-09-05,90,2024-09-11,110,0.222222222222,2000,-0.0153846153846,,0.217391304348,0.897180410459,-0.214285714286,0.5,0.5,0.5,0.99920096062,0.8255811,EXACT_CANONICAL_2023_2026,,,,not_requested_historical,,,2026-09-19T23:38:33.900788+09:00,2026-09-19T23:38:33.900788+09:00
2024-09-05|7776|body_pct_low,2024-09-05,7776,セルシード,,,body_pct_low,陰線沈み込みリバウンド,2024-09,mature,2024-09-06,938,2024-09-12,860,-0.0831556503198,-7800,-0.0145395799677,,0.0149572649573,1.2217946574,0.853211009174,1,1,1,0.999559863705,0.8379617,EXACT_CANONICAL_2023_2026,,,,not_requested_historical,,,2026-09-19T23:38:33.900788+09:00,2026-09-19T23:38:33.900788+09:00
2024-09-05|7776|dual_top1_agreement,2024-09-05,7776,セルシード,,,dual_top1_agreement,2条件一致リバウンド,2024-09,mature,2024-09-06,938,2024-09-12,860,-0.0831556503198,-7800,-0.0145395799677,,0.0149572649573,1.2217946574,0.853211009174,1,1,1,0.999559863705,0.8379617,EXACT_CANONICAL_2023_2026,,,,not_requested_historical,,,2026-09-19T23:38:33.900788+09:00,2026-09-19T23:38:33.900788+09:00
2024-09-05|7776|dual_top1_agreement_g3_no_acute_selloff,2024-09-05,7776,セルシード,,,dual_top1_agreement_g3_no_acute_selloff,地合い安定・2条件一致,2024-09,mature,2024-09-06,938,2024-09-12,860,-0.0831556503198,-7800,-0.0145395799677,,0.0149572649573,1.2217946574,0.853211009174,1,1,1,0.999559863705,0.8379617,EXACT_CANONICAL_2023_2026,,,,not_requested_historical,,,2026-09-19T23:38:33.900788+09:00,2026-09-19T23:38:33.900788+09:00
2024-09-05|7776|mean_rank_volr20_body_pct,2024-09-05,7776,セルシード,,,mean_rank_volr20_body_pct,静かな売られ過ぎバランス,2024-09,mature,2024-09-06,938,2024-09-12,860,-0.0831556503198,-7800,-0.0145395799677,,0.0149572649573,1.2217946574,0.853211009174,1,1,1,0.999559863705,0.8379617,EXACT_CANONICAL_2023_2026,,,,not_requested_historical,,,2026-09-19T23:38:33.900788+09:00,2026-09-19T23:38:33.900788+09:00
2024-09-05|7776|volr20_low,2024-09-05,7776,セルシード,,,volr20_low,出来高沈静リバウンド,2024-09,mature,2024-09-06,938,2024-09-12,860,-0.0831556503198,-7800,-0.0145395799677,,0.0149572649573,1.2217946574,0.853211009174,1,1,1,0.999559863705,0.8379617,EXACT_CANONICAL_2023_2026,,,,not_requested_historical,,,2026-09-19T23:38:33.900788+09:00,2026-09-19T23:38:33.900788+09:00
2024-09-06|3070|body_pct_low,2024-09-06,3070,ジェリービーンズグループ,,,body_pct_low,陰線沈み込みリバウンド,2024-09,mature,2024-09-09,131,2024-09-13,111,-0.152671755725,-2000,-0.0255952453613,,0.181818181818,12.5829301719,-0.269230769231,1,0.5,0.75,0.999486015334,0.83561826,EXACT_CANONICAL_2023_2026,,,,not_requested_historical,,,2026-09-19T23:38:33.900788+09:00,2026-09-19T23:38:33.900788+09:00
2024-09-06|3070|mean_rank_volr20_body_pct,2024-09-06,3070,ジェリービーンズグループ,,,mean_rank_volr20_body_pct,静かな売られ過ぎバランス,2024-09,mature,2024-09-09,131,2024-09-13,111,-0.152671755725,-2000,-0.0255952453613,,0.181818181818,12.5829301719,-0.269230769231,1,0.5,0.75,0.999486015334,0.83561826,EXACT_CANONICAL_2023_2026,,,,not_requested_historical,,,2026-09-19T23:38:33.900788+09:00,2026-09-19T23:38:33.900788+09:00
2024-09-06|4316|volr20_low,2024-09-06,4316,ビーマップ,,,volr20_low,出来高沈静リバウンド,2024-09,mature,2024-09-09,587,2024-09-13,535,-0.0885860306644,-5200,-0.0255952453613,,0.556786703601,3.01790105016,0.825242718447,0.5,1,0.75,0.999011908788,0.82037705,EXACT_CANONICAL_2023_2026,,,,not_requested_historical,,,2026-09-19T23:38:33.900788+09:00,2026-09-19T23:38:33.900788+09:00
2024-09-09|8894|body_pct_low,2024-09-09,8894,ＲＥＶＯＬＵＴＩＯＮ,,,body_pct_low,陰線沈み込みリバウンド,2024-09,mature,2024-09-10,350,2024-09-17,330,-0.0571428571429,-2000,-0.0269461077844,,0.32,1.67308361172,0.833333333333,1,0.5,0.75,0.999599741826,0.8395341,EXACT_CANONICAL_2023_2026,,,,not_requested_historical,,,2026-09-19T23:38:33.900788+09:00,2026-09-19T23:38:33.900788+09:00
2024-09-09|8894|mean_rank_volr20_body_pct,2024-09-09,8894,ＲＥＶＯＬＵＴＩＯＮ,,,mean_rank_volr20_body_pct,静かな売られ過ぎバランス,2024-09,mature,2024-09-10,350,2024-09-17,330,-0.0571428571429,-2000,-0.0269461077844,,0.32,1.67308361172,0.833333333333,1,0.5,0.75,0.999599741826,0.8395341,EXACT_CANONICAL_2023_2026,,,,not_requested_historical,,,2026-09-19T23:38:33.900788+09:00,2026-09-19T23:38:33.900788+09:00
2024-09-09|2586|volr20_low,2024-09-09,2586,フルッタフルッタ,,,volr20_low,出来高沈静リバウンド,2024-09,mature,2024-09-10,108,2024-09-17,131,0.212962962963,2300,-0.0269461077844,,0.126315789474,0.515092784008,1,0.5,1,0.75,0.999302871372,0.8285883,EXACT_CANONICAL_2023_2026,,,,not_requested_historical,,,2026-09-19T23:38:33.900788+09:00,2026-09-19T23:38:33.900788+09:00
2024-09-10|4316|body_pct_low,2024-09-10,4316,ビーマップ,,,body_pct_low,陰線沈み込みリバウンド,2024-09,mature,2024-09-11,611,2024-09-18,499,-0.183306055646,-11200,-0.031884057971,,0.424311926606,3.81991480164,-0.515384615385,0.75,0.25,0.5,0.999404782125,0.8329106,EXACT_CANONICAL_2023_2026,,,,not_requested_historical,,,2026-09-19T23:38:33.900788+09:00,2026-09-19T23:38:33.900788+09:00
2024-09-10|2586|mean_rank_volr20_body_pct,2024-09-10,2586,フルッタフルッタ,,,mean_rank_volr20_body_pct,静かな売られ過ぎバランス,2024-09,mature,2024-09-11,104,2024-09-18,122,0.173076923077,1800,-0.031884057971,,-0.00980392156863,0.550575266047,-0.4375,0.25,0.5,0.375,0.999037017235,0.8210649,EXACT_CANONICAL_2023_2026,,,,not_requested_historical,,,2026-09-19T23:38:33.900788+09:00,2026-09-19T23:38:33.900788+09:00
2024-09-10|2586|volr20_low,2024-09-10,2586,フルッタフルッタ,,,volr20_low,出来高沈静リバウンド,2024-09,mature,2024-09-11,104,2024-09-18,122,0.173076923077,1800,-0.031884057971,,-0.00980392156863,0.550575266047,-0.4375,0.25,0.5,0.375,0.999037017235,0.8210649,EXACT_CANONICAL_2023_2026,,,,not_requested_historical,,,2026-09-19T23:38:33.900788+09:00,2026-09-19T23:38:33.900788+09:00
2024-09-11|3350|body_pct_low,2024-09-11,3350,メタプラネット,,,body_pct_low,陰線沈み込みリバウンド,2024-09,mature,2024-09-12,112.199996948,2024-09-19,109.900001526,-0.0204990684931,-229.999542236,-0.0253968253968,,-0.327607371324,0.70395705072,-0.121621802743,1,1,1,0.999295486535,0.8283098,EXACT_CANONICAL_2023_2026,,,,not_requested_historical,,,2026-09-19T23:38:33.900788+09:00,2026-09-19T23:38:33.900788+09:00
2024-09-11|3350|dual_top1_agreement,2024-09-11,3350,メタプラネット,,,dual_top1_agreement,2条件一致リバウンド,2024-09,mature,2024-09-12,112.199996948,2024-09-19,109.900001526,-0.0204990684931,-229.999542236,-0.0253968253968,,-0.327607371324,0.70395705072,-0.121621802743,1,1,1,0.999295486535,0.8283098,EXACT_CANONICAL_2023_2026,,,,not_requested_historical,,,2026-09-19T23:38:33.900788+09:00,2026-09-19T23:38:33.900788+09:00
2024-09-11|3350|mean_rank_volr20_body_pct,2024-09-11,3350,メタプラネット,,,mean_rank_volr20_body_pct,静かな売られ過ぎバランス,2024-09,mature,2024-09-12,112.199996948,2024-09-19,109.900001526,-0.0204990684931,-229.999542236,-0.0253968253968,,-0.327607371324,0.70395705072,-0.121621802743,1,1,1,0.999295486535,0.8283098,EXACT_CANONICAL_2023_2026,,,,not_requested_historical,,,2026-09-19T23:38:33.900788+09:00,2026-09-19T23:38:33.900788+09:00
2024-09-11|3350|volr20_low,2024-09-11,3350,メタプラネット,,,volr20_low,出来高沈静リバウンド,2024-09,mature,2024-09-12,112.199996948,2024-09-19,109.900001526,-0.0204990684931,-229.999542236,-0.0253968253968,,-0.327607371324,0.70395705072,-0.121621802743,1,1,1,0.999295486535,0.8283098,EXACT_CANONICAL_2023_2026,,,,not_requested_historical,,,2026-09-19T23:38:33.900788+09:00,2026-09-19T23:38:33.900788+09:00
2024-09-13|2586|body_pct_low,2024-09-13,2586,フルッタフルッタ,,,body_pct_low,陰線沈み込みリバウンド,2024-09,mature,2024-09-17,125,2024-09-24,123,-0.016,-200,-0.00816326530612,,0.0545454545455,0.935166707083,0,0.333333333333,0.333333333333,0.333333333333,0.999135974053,0.8241036,EXACT_CANONICAL_2023_2026,,,,not_requested_historical,,,2026-09-19T23:38:33.900788+09:00,2026-09-19T23:38:33.900788+09:00
2024-09-13|2586|dual_top1_agreement,2024-09-13,2586,フルッタフルッタ,,,dual_top1_agreement,2条件一致リバウンド,2024-09,mature,2024-09-17,125,2024-09-24,123,-0.016,-200,-0.00816326530612,,0.0545454545455,0.935166707083,0,0.333333333333,0.333333333333,0.333333333333,0.999135974053,0.8241036,EXACT_CANONICAL_2023_2026,,,,not_requested_historical,,,2026-09-19T23:38:33.900788+09:00,2026-09-19T23:38:33.900788+09:00
2024-09-13|2586|dual_top1_agreement_g3_no_acute_selloff,2024-09-13,2586,フルッタフルッタ,,,dual_top1_agreement_g3_no_acute_selloff,地合い安定・2条件一致,2024-09,mature,2024-09-17,125,2024-09-24,123,-0.016,-200,-0.00816326530612,,0.0545454545455,0.935166707083,0,0.333333333333,0.333333333333,0.333333333333,0.999135974053,0.8241036,EXACT_CANONICAL_2023_2026,,,,not_requested_historical,,,2026-09-19T23:38:33.900788+09:00,2026-09-19T23:38:33.900788+09:00
2024-09-13|2586|mean_rank_volr20_body_pct,2024-09-13,2586,フルッタフルッタ,,,mean_rank_volr20_body_pct,静かな売られ過ぎバランス,2024-09,mature,2024-09-17,125,2024-09-24,123,-0.016,-200,-0.00816326530612,,0.0545454545455,0.935166707083,0,0.333333333333,0.333333333333,0.333333333333,0.999135974053,0.8241036,EXACT_CANONICAL_2023_2026,,,,not_requested_historical,,,2026-09-19T23:38:33.900788+09:00,2026-09-19T23:38:33.900788+09:00
2024-09-13|2586|volr20_low,2024-09-13,2586,フルッタフルッタ,,,volr20_low,出来高沈静リバウンド,2024-09,mature,2024-09-17,125,2024-09-24,123,-0.016,-200,-0.00816326530612,,0.0545454545455,0.935166707083,0,0.333333333333,0.333333333333,0.333333333333,0.999135974053,0.8241036,EXACT_CANONICAL_2023_2026,,,,not_requested_historical,,,2026-09-19T23:38:33.900788+09:00,2026-09-19T23:38:33.900788+09:00
2024-09-17|190A|body_pct_low,2024-09-17,190A,Ｃｈｏｒｄｉａ　Ｔｈｅｒａｐｅｕｔｉｃｓ,,,body_pct_low,陰線沈み込みリバウンド,2024-09,mature,2024-09-18,469,2024-09-25,359,-0.234541577825,-11000,-0.00483870967742,,-0.370320855615,0.971140206042,-0.568181818182,0.5,0.5,0.5,0.999227546033,0.8261335,EXACT_CANONICAL_2023_2026,,,,not_requested_historical,,,2026-09-19T23:38:33.900788+09:00,2026-09-19T23:38:33.900788+09:00
2024-09-17|190A|dual_top1_agreement,2024-09-17,190A,Ｃｈｏｒｄｉａ　Ｔｈｅｒａｐｅｕｔｉｃｓ,,,dual_top1_agreement,2条件一致リバウンド,2024-09,mature,2024-09-18,469,2024-09-25,359,-0.234541577825,-11000,-0.00483870967742,,-0.370320855615,0.971140206042,-0.568181818182,0.5,0.5,0.5,0.999227546033,0.8261335,EXACT_CANONICAL_2023_2026,,,,not_requested_historical,,,2026-09-19T23:38:33.900788+09:00,2026-09-19T23:38:33.900788+09:00
2024-09-17|190A|dual_top1_agreement_g3_no_acute_selloff,2024-09-17,190A,Ｃｈｏｒｄｉａ　Ｔｈｅｒａｐｅｕｔｉｃｓ,,,dual_top1_agreement_g3_no_acute_selloff,地合い安定・2条件一致,2024-09,mature,2024-09-18,469,2024-09-25,359,-0.234541577825,-11000,-0.00483870967742,,-0.370320855615,0.971140206042,-0.568181818182,0.5,0.5,0.5,0.999227546033,0.8261335,EXACT_CANONICAL_2023_2026,,,,not_requested_historical,,,2026-09-19T23:38:33.900788+09:00,2026-09-19T23:38:33.900788+09:00
2024-09-17|190A|mean_rank_volr20_body_pct,2024-09-17,190A,Ｃｈｏｒｄｉａ　Ｔｈｅｒａｐｅｕｔｉｃｓ,,,mean_rank_volr20_body_pct,静かな売られ過ぎバランス,2024-09,mature,2024-09-18,469,2024-09-25,359,-0.234541577825,-11000,-0.00483870967742,,-0.370320855615,0.971140206042,-0.568181818182,0.5,0.5,0.5,0.999227546033,0.8261335,EXACT_CANONICAL_2023_2026,,,,not_requested_historical,,,2026-09-19T23:38:33.900788+09:00,2026-09-19T23:38:33.900788+09:00
2024-09-17|190A|volr20_low,2024-09-17,190A,Ｃｈｏｒｄｉａ　Ｔｈｅｒａｐｅｕｔｉｃｓ,,,volr20_low,出来高沈静リバウンド,2024-09,mature,2024-09-18,469,2024-09-25,359,-0.234541577825,-11000,-0.00483870967742,,-0.370320855615,0.971140206042,-0.568181818182,0.5,0.5,0.5,0.999227546033,0.8261335,EXACT_CANONICAL_2023_2026,,,,not_requested_historical,,,2026-09-19T23:38:33.900788+09:00,2026-09-19T23:38:33.900788+09:00
2024-09-18|190A|body_pct_low,2024-09-18,190A,Ｃｈｏｒｄｉａ　Ｔｈｅｒａｐｅｕｔｉｃｓ,,,body_pct_low,陰線沈み込みリバウンド,2024-09,mature,2024-09-19,440,2024-09-26,336,-0.236363636364,-10400,-0.00245398773006,,-0.445544554455,1.14890174103,-0.538461538462,1,1,1,0.999265947187,0.8275327,EXACT_CANONICAL_2023_2026,,,,not_requested_historical,,,2026-09-19T23:38:33.900788+09:00,2026-09-19T23:38:33.900788+09:00
2024-09-18|190A|dual_top1_agreement,2024-09-18,190A,Ｃｈｏｒｄｉａ　Ｔｈｅｒａｐｅｕｔｉｃｓ,,,dual_top1_agreement,2条件一致リバウンド,2024-09,mature,2024-09-19,440,2024-09-26,336,-0.236363636364,-10400,-0.00245398773006,,-0.445544554455,1.14890174103,-0.538461538462,1,1,1,0.999265947187,0.8275327,EXACT_CANONICAL_2023_2026,,,,not_requested_historical,,,2026-09-19T23:38:33.900788+09:00,2026-09-19T23:38:33.900788+09:00
2024-09-18|190A|dual_top1_agreement_g3_no_acute_selloff,2024-09-18,190A,Ｃｈｏｒｄｉａ　Ｔｈｅｒａｐｅｕｔｉｃｓ,,,dual_top1_agreement_g3_no_acute_selloff,地合い安定・2条件一致,2024-09,mature,2024-09-19,440,2024-09-26,336,-0.236363636364,-10400,-0.00245398773006,,-0.445544554455,1.14890174103,-0.538461538462,1,1,1,0.999265947187,0.8275327,EXACT_CANONICAL_2023_2026,,,,not_requested_historical,,,2026-09-19T23:38:33.900788+09:00,2026-09-19T23:38:33.900788+09:00
2024-09-18|190A|mean_rank_volr20_body_pct,2024-09-18,190A,Ｃｈｏｒｄｉａ　Ｔｈｅｒａｐｅｕｔｉｃｓ,,,mean_rank_volr20_body_pct,静かな売られ過ぎバランス,2024-09,mature,2024-09-19,440,2024-09-26,336,-0.236363636364,-10400,-0.00245398773006,,-0.445544554455,1.14890174103,-0.538461538462,1,1,1,0.999265947187,0.8275327,EXACT_CANONICAL_2023_2026,,,,not_requested_historical,,,2026-09-19T23:38:33.900788+09:00,2026-09-19T23:38:33.900788+09:00
2024-09-18|190A|volr20_low,2024-09-18,190A,Ｃｈｏｒｄｉａ　Ｔｈｅｒａｐｅｕｔｉｃｓ,,,volr20_low,出来高沈静リバウンド,2024-09,mature,2024-09-19,440,2024-09-26,336,-0.236363636364,-10400,-0.00245398773006,,-0.445544554455,1.14890174103,-0.538461538462,1,1,1,0.999265947187,0.8275327,EXACT_CANONICAL_2023_2026,,,,not_requested_historical,,,2026-09-19T23:38:33.900788+09:00,2026-09-19T23:38:33.900788+09:00
2024-09-30|6836|body_pct_low,2024-09-30,6836,ぷらっとホーム,,,body_pct_low,陰線沈み込みリバウンド,2024-09,mature,2024-10-01,881.333312988,2024-10-07,867.666687012,-0.015506762056,-1366.66259766,-0.00660904931368,,-0.316243676007,1.27361130544,-0.0174327450066,1,0.5,0.75,0.999706083481,0.8449696,EXACT_CANONICAL_2023_2026,,,,not_requested_historical,,,2026-09-19T23:38:33.900788+09:00,2026-09-19T23:38:33.900788+09:00
2024-09-30|6836|mean_rank_volr20_body_pct,2024-09-30,6836,ぷらっとホーム,,,mean_rank_volr20_body_pct,静かな売られ過ぎバランス,2024-09,mature,2024-10-01,881.333312988,2024-10-07,867.666687012,-0.015506762056,-1366.66259766,-0.00660904931368,,-0.316243676007,1.27361130544,-0.0174327450066,1,0.5,0.75,0.999706083481,0.8449696,EXACT_CANONICAL_2023_2026,,,,not_requested_historical,,,2026-09-19T23:38:33.900788+09:00,2026-09-19T23:38:33.900788+09:00
2024-09-30|8894|volr20_low,2024-09-30,8894,ＲＥＶＯＬＵＴＩＯＮ,,,volr20_low,出来高沈静リバウンド,2024-09,mature,2024-10-01,470,2024-10-07,380,-0.191489361702,-9000,-0.00660904931368,,0.46875,0.762170352029,0.777777777778,0.5,1,0.75,0.999147789792,0.82433397,EXACT_CANONICAL_2023_2026,,,,not_requested_historical,,,2026-09-19T23:38:33.900788+09:00,2026-09-19T23:38:33.900788+09:00
2024-10-02|3070|body_pct_low,2024-10-02,3070,ジェリービーンズグループ,,,body_pct_low,陰線沈み込みリバウンド,2024-10,mature,2024-10-03,135,2024-10-09,113,-0.162962962963,-2200,-0.00778074676391,,0.127118644068,5.86400941,0.323529411765,1,1,1,0.999404211578,0.835399,EXACT_CANONICAL_2023_2026,,,,not_requested_historical,,,2026-09-19T23:38:33.900788+09:00,2026-09-19T23:38:33.900788+09:00
2024-10-02|3070|dual_top1_agreement,2024-10-02,3070,ジェリービーンズグループ,,,dual_top1_agreement,2条件一致リバウンド,2024-10,mature,2024-10-03,135,2024-10-09,113,-0.162962962963,-2200,-0.00778074676391,,0.127118644068,5.86400941,0.323529411765,1,1,1,0.999404211578,0.835399,EXACT_CANONICAL_2023_2026,,,,not_requested_historical,,,2026-09-19T23:38:33.900788+09:00,2026-09-19T23:38:33.900788+09:00
2024-10-02|3070|dual_top1_agreement_g3_no_acute_selloff,2024-10-02,3070,ジェリービーンズグループ,,,dual_top1_agreement_g3_no_acute_selloff,地合い安定・2条件一致,2024-10,mature,2024-10-03,135,2024-10-09,113,-0.162962962963,-2200,-0.00778074676391,,0.127118644068,5.86400941,0.323529411765,1,1,1,0.999404211578,0.835399,EXACT_CANONICAL_2023_2026,,,,not_requested_historical,,,2026-09-19T23:38:33.900788+09:00,2026-09-19T23:38:33.900788+09:00
2024-10-02|3070|mean_rank_volr20_body_pct,2024-10-02,3070,ジェリービーンズグループ,,,mean_rank_volr20_body_pct,静かな売られ過ぎバランス,2024-10,mature,2024-10-03,135,2024-10-09,113,-0.162962962963,-2200,-0.00778074676391,,0.127118644068,5.86400941,0.323529411765,1,1,1,0.999404211578,0.835399,EXACT_CANONICAL_2023_2026,,,,not_requested_historical,,,2026-09-19T23:38:33.900788+09:00,2026-09-19T23:38:33.900788+09:00
2024-10-02|3070|volr20_low,2024-10-02,3070,ジェリービーンズグループ,,,volr20_low,出来高沈静リバウンド,2024-10,mature,2024-10-03,135,2024-10-09,113,-0.162962962963,-2200,-0.00778074676391,,0.127118644068,5.86400941,0.323529411765,1,1,1,0.999404211578,0.835399,EXACT_CANONICAL_2023_2026,,,,not_requested_historical,,,2026-09-19T23:38:33.900788+09:00,2026-09-19T23:38:33.900788+09:00
2024-10-04|6836|body_pct_low,2024-10-04,6836,ぷらっとホーム,,,body_pct_low,陰線沈み込みリバウンド,2024-10,mature,2024-10-07,849.666687012,2024-10-11,870,0.0239309287973,2033.33129883,-0.00751879699248,,-0.10275866062,0.459863712339,0.432203278053,1,1,1,0.999109906454,0.82656276,EXACT_CANONICAL_2023_2026,,,,not_requested_historical,,,2026-09-19T23:38:33.900788+09:00,2026-09-19T23:38:33.900788+09:00
2024-10-04|6836|dual_top1_agreement,2024-10-04,6836,ぷらっとホーム,,,dual_top1_agreement,2条件一致リバウンド,2024-10,mature,2024-10-07,849.666687012,2024-10-11,870,0.0239309287973,2033.33129883,-0.00751879699248,,-0.10275866062,0.459863712339,0.432203278053,1,1,1,0.999109906454,0.82656276,EXACT_CANONICAL_2023_2026,,,,not_requested_historical,,,2026-09-19T23:38:33.900788+09:00,2026-09-19T23:38:33.900788+09:00
2024-10-04|6836|dual_top1_agreement_g3_no_acute_selloff,2024-10-04,6836,ぷらっとホーム,,,dual_top1_agreement_g3_no_acute_selloff,地合い安定・2条件一致,2024-10,mature,2024-10-07,849.666687012,2024-10-11,870,0.0239309287973,2033.33129883,-0.00751879699248,,-0.10275866062,0.459863712339,0.432203278053,1,1,1,0.999109906454,0.82656276,EXACT_CANONICAL_2023_2026,,,,not_requested_historical,,,2026-09-19T23:38:33.900788+09:00,2026-09-19T23:38:33.900788+09:00
2024-10-04|6836|mean_rank_volr20_body_pct,2024-10-04,6836,ぷらっとホーム,,,mean_rank_volr20_body_pct,静かな売られ過ぎバランス,2024-10,mature,2024-10-07,849.666687012,2024-10-11,870,0.0239309287973,2033.33129883,-0.00751879699248,,-0.10275866062,0.459863712339,0.432203278053,1,1,1,0.999109906454,0.82656276,EXACT_CANONICAL_2023_2026,,,,not_requested_historical,,,2026-09-19T23:38:33.900788+09:00,2026-09-19T23:38:33.900788+09:00
2024-10-04|6836|volr20_low,2024-10-04,6836,ぷらっとホーム,,,volr20_low,出来高沈静リバウンド,2024-10,mature,2024-10-07,849.666687012,2024-10-11,870,0.0239309287973,2033.33129883,-0.00751879699248,,-0.10275866062,0.459863712339,0.432203278053,1,1,1,0.999109906454,0.82656276,EXACT_CANONICAL_2023_2026,,,,not_requested_historical,,,2026-09-19T23:38:33.900788+09:00,2026-09-19T23:38:33.900788+09:00
2024-10-10|8894|body_pct_low,2024-10-10,8894,ＲＥＶＯＬＵＴＩＯＮ,,,body_pct_low,陰線沈み込みリバウンド,2024-10,mature,2024-10-11,440,2024-10-18,437,-0.00681818181818,-300,-0.00449690848196,,0.194444444444,0.738739348117,0.833333333333,1,1,1,0.999092678837,0.82594055,EXACT_CANONICAL_2023_2026,,,,not_requested_historical,,,2026-09-19T23:38:33.900788+09:00,2026-09-19T23:38:33.900788+09:00
2024-10-10|8894|dual_top1_agreement,2024-10-10,8894,ＲＥＶＯＬＵＴＩＯＮ,,,dual_top1_agreement,2条件一致リバウンド,2024-10,mature,2024-10-11,440,2024-10-18,437,-0.00681818181818,-300,-0.00449690848196,,0.194444444444,0.738739348117,0.833333333333,1,1,1,0.999092678837,0.82594055,EXACT_CANONICAL_2023_2026,,,,not_requested_historical,,,2026-09-19T23:38:33.900788+09:00,2026-09-19T23:38:33.900788+09:00
2024-10-10|8894|dual_top1_agreement_g3_no_acute_selloff,2024-10-10,8894,ＲＥＶＯＬＵＴＩＯＮ,,,dual_top1_agreement_g3_no_acute_selloff,地合い安定・2条件一致,2024-10,mature,2024-10-11,440,2024-10-18,437,-0.00681818181818,-300,-0.00449690848196,,0.194444444444,0.738739348117,0.833333333333,1,1,1,0.999092678837,0.82594055,EXACT_CANONICAL_2023_2026,,,,not_requested_historical,,,2026-09-19T23:38:33.900788+09:00,2026-09-19T23:38:33.900788+09:00
2024-10-10|8894|mean_rank_volr20_body_pct,2024-10-10,8894,ＲＥＶＯＬＵＴＩＯＮ,,,mean_rank_volr20_body_pct,静かな売られ過ぎバランス,2024-10,mature,2024-10-11,440,2024-10-18,437,-0.00681818181818,-300,-0.00449690848196,,0.194444444444,0.738739348117,0.833333333333,1,1,1,0.999092678837,0.82594055,EXACT_CANONICAL_2023_2026,,,,not_requested_historical,,,2026-09-19T23:38:33.900788+09:00,2026-09-19T23:38:33.900788+09:00
2024-10-10|8894|volr20_low,2024-10-10,8894,ＲＥＶＯＬＵＴＩＯＮ,,,volr20_low,出来高沈静リバウンド,2024-10,mature,2024-10-11,440,2024-10-18,437,-0.00681818181818,-300,-0.00449690848196,,0.194444444444,0.738739348117,0.833333333333,1,1,1,0.999092678837,0.82594055,EXACT_CANONICAL_2023_2026,,,,not_requested_historical,,,2026-09-19T23:38:33.900788+09:00,2026-09-19T23:38:33.900788+09:00
2024-10-16|2156|body_pct_low,2024-10-16,2156,セーラー広告,,,body_pct_low,陰線沈み込みリバウンド,2024-10,mature,2024-10-17,480,2024-10-23,582,0.2125,10200,-0.00629200745,,0.218446601942,3.24877873885,0.512820512821,1,1,1,0.999879406681,0.86010617,EXACT_CANONICAL_2023_2026,,,,not_requested_historical,,,2026-09-19T23:38:33.900788+09:00,2026-09-19T23:38:33.900788+09:00
2024-10-16|2156|dual_top1_agreement,2024-10-16,2156,セーラー広告,,,dual_top1_agreement,2条件一致リバウンド,2024-10,mature,2024-10-17,480,2024-10-23,582,0.2125,10200,-0.00629200745,,0.218446601942,3.24877873885,0.512820512821,1,1,1,0.999879406681,0.86010617,EXACT_CANONICAL_2023_2026,,,,not_requested_historical,,,2026-09-19T23:38:33.900788+09:00,2026-09-19T23:38:33.900788+09:00
2024-10-16|2156|dual_top1_agreement_g3_no_acute_selloff,2024-10-16,2156,セーラー広告,,,dual_top1_agreement_g3_no_acute_selloff,地合い安定・2条件一致,2024-10,mature,2024-10-17,480,2024-10-23,582,0.2125,10200,-0.00629200745,,0.218446601942,3.24877873885,0.512820512821,1,1,1,0.999879406681,0.86010617,EXACT_CANONICAL_2023_2026,,,,not_requested_historical,,,2026-09-19T23:38:33.900788+09:00,2026-09-19T23:38:33.900788+09:00
2024-10-16|2156|mean_rank_volr20_body_pct,2024-10-16,2156,セーラー広告,,,mean_rank_volr20_body_pct,静かな売られ過ぎバランス,2024-10,mature,2024-10-17,480,2024-10-23,582,0.2125,10200,-0.00629200745,,0.218446601942,3.24877873885,0.512820512821,1,1,1,0.999879406681,0.86010617,EXACT_CANONICAL_2023_2026,,,,not_requested_historical,,,2026-09-19T23:38:33.900788+09:00,2026-09-19T23:38:33.900788+09:00
2024-10-16|2156|volr20_low,2024-10-16,2156,セーラー広告,,,volr20_low,出来高沈静リバウンド,2024-10,mature,2024-10-17,480,2024-10-23,582,0.2125,10200,-0.00629200745,,0.218446601942,3.24877873885,0.512820512821,1,1,1,0.999879406681,0.86010617,EXACT_CANONICAL_2023_2026,,,,not_requested_historical,,,2026-09-19T23:38:33.900788+09:00,2026-09-19T23:38:33.900788+09:00
2024-10-17|8894|body_pct_low,2024-10-17,8894,ＲＥＶＯＬＵＴＩＯＮ,,,body_pct_low,陰線沈み込みリバウンド,2024-10,mature,2024-10-18,472,2024-10-24,498,0.0550847457627,2600,-0.00843293997753,,0.170731707317,2.01122290958,0.704225352113,0.5,0.5,0.5,0.999094114472,0.82598865,EXACT_CANONICAL_2023_2026,,,,not_requested_historical,,,2026-09-19T23:38:33.900788+09:00,2026-09-19T23:38:33.900788+09:00
2024-10-17|8894|dual_top1_agreement,2024-10-17,8894,ＲＥＶＯＬＵＴＩＯＮ,,,dual_top1_agreement,2条件一致リバウンド,2024-10,mature,2024-10-18,472,2024-10-24,498,0.0550847457627,2600,-0.00843293997753,,0.170731707317,2.01122290958,0.704225352113,0.5,0.5,0.5,0.999094114472,0.82598865,EXACT_CANONICAL_2023_2026,,,,not_requested_historical,,,2026-09-19T23:38:33.900788+09:00,2026-09-19T23:38:33.900788+09:00
2024-10-17|8894|dual_top1_agreement_g3_no_acute_selloff,2024-10-17,8894,ＲＥＶＯＬＵＴＩＯＮ,,,dual_top1_agreement_g3_no_acute_selloff,地合い安定・2条件一致,2024-10,mature,2024-10-18,472,2024-10-24,498,0.0550847457627,2600,-0.00843293997753,,0.170731707317,2.01122290958,0.704225352113,0.5,0.5,0.5,0.999094114472,0.82598865,EXACT_CANONICAL_2023_2026,,,,not_requested_historical,,,2026-09-19T23:38:33.900788+09:00,2026-09-19T23:38:33.900788+09:00
2024-10-17|8894|mean_rank_volr20_body_pct,2024-10-17,8894,ＲＥＶＯＬＵＴＩＯＮ,,,mean_rank_volr20_body_pct,静かな売られ過ぎバランス,2024-10,mature,2024-10-18,472,2024-10-24,498,0.0550847457627,2600,-0.00843293997753,,0.170731707317,2.01122290958,0.704225352113,0.5,0.5,0.5,0.999094114472,0.82598865,EXACT_CANONICAL_2023_2026,,,,not_requested_historical,,,2026-09-19T23:38:33.900788+09:00,2026-09-19T23:38:33.900788+09:00
2024-10-17|8894|volr20_low,2024-10-17,8894,ＲＥＶＯＬＵＴＩＯＮ,,,volr20_low,出来高沈静リバウンド,2024-10,mature,2024-10-18,472,2024-10-24,498,0.0550847457627,2600,-0.00843293997753,,0.170731707317,2.01122290958,0.704225352113,0.5,0.5,0.5,0.999094114472,0.82598865,EXACT_CANONICAL_2023_2026,,,,not_requested_historical,,,2026-09-19T23:38:33.900788+09:00,2026-09-19T23:38:33.900788+09:00
2024-10-18|3936|body_pct_low,2024-10-18,3936,グローバルウェイ,,,body_pct_low,陰線沈み込みリバウンド,2024-10,mature,2024-10-21,144,2024-10-25,146,0.0138888888889,200,-0.00712222716922,,0.441176470588,0.755767744482,-0.310344827586,0.5,0.5,0.5,0.999329558571,0.8327826,EXACT_CANONICAL_2023_2026,,,,not_requested_historical,,,2026-09-19T23:38:33.900788+09:00,2026-09-19T23:38:33.900788+09:00
2024-10-18|3936|dual_top1_agreement,2024-10-18,3936,グローバルウェイ,,,dual_top1_agreement,2条件一致リバウンド,2024-10,mature,2024-10-21,144,2024-10-25,146,0.0138888888889,200,-0.00712222716922,,0.441176470588,0.755767744482,-0.310344827586,0.5,0.5,0.5,0.999329558571,0.8327826,EXACT_CANONICAL_2023_2026,,,,not_requested_historical,,,2026-09-19T23:38:33.900788+09:00,2026-09-19T23:38:33.900788+09:00
2024-10-18|3936|dual_top1_agreement_g3_no_acute_selloff,2024-10-18,3936,グローバルウェイ,,,dual_top1_agreement_g3_no_acute_selloff,地合い安定・2条件一致,2024-10,mature,2024-10-21,144,2024-10-25,146,0.0138888888889,200,-0.00712222716922,,0.441176470588,0.755767744482,-0.310344827586,0.5,0.5,0.5,0.999329558571,0.8327826,EXACT_CANONICAL_2023_2026,,,,not_requested_historical,,,2026-09-19T23:38:33.900788+09:00,2026-09-19T23:38:33.900788+09:00
2024-10-18|3936|mean_rank_volr20_body_pct,2024-10-18,3936,グローバルウェイ,,,mean_rank_volr20_body_pct,静かな売られ過ぎバランス,2024-10,mature,2024-10-21,144,2024-10-25,146,0.0138888888889,200,-0.00712222716922,,0.441176470588,0.755767744482,-0.310344827586,0.5,0.5,0.5,0.999329558571,0.8327826,EXACT_CANONICAL_2023_2026,,,,not_requested_historical,,,2026-09-19T23:38:33.900788+09:00,2026-09-19T23:38:33.900788+09:00
2024-10-18|3936|volr20_low,2024-10-18,3936,グローバルウェイ,,,volr20_low,出来高沈静リバウンド,2024-10,mature,2024-10-21,144,2024-10-25,146,0.0138888888889,200,-0.00712222716922,,0.441176470588,0.755767744482,-0.310344827586,0.5,0.5,0.5,0.999329558571,0.8327826,EXACT_CANONICAL_2023_2026,,,,not_requested_historical,,,2026-09-19T23:38:33.900788+09:00,2026-09-19T23:38:33.900788+09:00
2024-10-21|2156|body_pct_low,2024-10-21,2156,セーラー広告,,,body_pct_low,陰線沈み込みリバウンド,2024-10,mature,2024-10-22,690,2024-10-28,579,-0.160869565217,-11100,-0.00434823025965,,0.0714285714286,3.35684085912,0.183333333333,1,1,1,0.999879406681,0.8601541,EXACT_CANONICAL_2023_2026,,,,not_requested_historical,,,2026-09-19T23:38:33.900788+09:00,2026-09-19T23:38:33.900788+09:00
2024-10-21|2156|dual_top1_agreement,2024-10-21,2156,セーラー広告,,,dual_top1_agreement,2条件一致リバウンド,2024-10,mature,2024-10-22,690,2024-10-28,579,-0.160869565217,-11100,-0.00434823025965,,0.0714285714286,3.35684085912,0.183333333333,1,1,1,0.999879406681,0.8601541,EXACT_CANONICAL_2023_2026,,,,not_requested_historical,,,2026-09-19T23:38:33.900788+09:00,2026-09-19T23:38:33.900788+09:00
2024-10-21|2156|dual_top1_agreement_g3_no_acute_selloff,2024-10-21,2156,セーラー広告,,,dual_top1_agreement_g3_no_acute_selloff,地合い安定・2条件一致,2024-10,mature,2024-10-22,690,2024-10-28,579,-0.160869565217,-11100,-0.00434823025965,,0.0714285714286,3.35684085912,0.183333333333,1,1,1,0.999879406681,0.8601541,EXACT_CANONICAL_2023_2026,,,,not_requested_historical,,,2026-09-19T23:38:33.900788+09:00,2026-09-19T23:38:33.900788+09:00
2024-10-21|2156|mean_rank_volr20_body_pct,2024-10-21,2156,セーラー広告,,,mean_rank_volr20_body_pct,静かな売られ過ぎバランス,2024-10,mature,2024-10-22,690,2024-10-28,579,-0.160869565217,-11100,-0.00434823025965,,0.0714285714286,3.35684085912,0.183333333333,1,1,1,0.999879406681,0.8601541,EXACT_CANONICAL_2023_2026,,,,not_requested_historical,,,2026-09-19T23:38:33.900788+09:00,2026-09-19T23:38:33.900788+09:00
2024-10-21|2156|volr20_low,2024-10-21,2156,セーラー広告,,,volr20_low,出来高沈静リバウンド,2024-10,mature,2024-10-22,690,2024-10-28,579,-0.160869565217,-11100,-0.00434823025965,,0.0714285714286,3.35684085912,0.183333333333,1,1,1,0.999879406681,0.8601541,EXACT_CANONICAL_2023_2026,,,,not_requested_historical,,,2026-09-19T23:38:33.900788+09:00,2026-09-19T23:38:33.900788+09:00
2024-10-22|2156|body_pct_low,2024-10-22,2156,セーラー広告,,,body_pct_low,陰線沈み込みリバウンド,2024-10,mature,2024-10-23,648,2024-10-29,625,-0.0354938271605,-2300,-0.0188240695727,,-0.147668393782,2.00342452722,-0.21768707483,1,1,1,0.999491785298,0.8380708,EXACT_CANONICAL_2023_2026,,,,not_requested_historical,,,2026-09-19T23:38:33.900788+09:00,2026-09-19T23:38:33.900788+09:00
2024-10-22|2156|dual_top1_agreement,2024-10-22,2156,セーラー広告,,,dual_top1_agreement,2条件一致リバウンド,2024-10,mature,2024-10-23,648,2024-10-29,625,-0.0354938271605,-2300,-0.0188240695727,,-0.147668393782,2.00342452722,-0.21768707483,1,1,1,0.999491785298,0.8380708,EXACT_CANONICAL_2023_2026,,,,not_requested_historical,,,2026-09-19T23:38:33.900788+09:00,2026-09-19T23:38:33.900788+09:00
2024-10-22|2156|mean_rank_volr20_body_pct,2024-10-22,2156,セーラー広告,,,mean_rank_volr20_body_pct,静かな売られ過ぎバランス,2024-10,mature,2024-10-23,648,2024-10-29,625,-0.0354938271605,-2300,-0.0188240695727,,-0.147668393782,2.00342452722,-0.21768707483,1,1,1,0.999491785298,0.8380708,EXACT_CANONICAL_2023_2026,,,,not_requested_historical,,,2026-09-19T23:38:33.900788+09:00,2026-09-19T23:38:33.900788+09:00
2024-10-22|2156|volr20_low,2024-10-22,2156,セーラー広告,,,volr20_low,出来高沈静リバウンド,2024-10,mature,2024-10-23,648,2024-10-29,625,-0.0354938271605,-2300,-0.0188240695727,,-0.147668393782,2.00342452722,-0.21768707483,1,1,1,0.999491785298,0.8380708,EXACT_CANONICAL_2023_2026,,,,not_requested_historical,,,2026-09-19T23:38:33.900788+09:00,2026-09-19T23:38:33.900788+09:00
2024-10-23|2901|body_pct_low,2024-10-23,2901,ウェルディッシュ,,,body_pct_low,陰線沈み込みリバウンド,2024-10,mature,2024-10-24,690,2024-10-30,702,0.0173913043478,1200,-0.0203349282297,,0.360946745562,3.1422621908,0.0515463917526,1,1,1,0.99959802227,0.84256756,EXACT_CANONICAL_2023_2026,,,,not_requested_historical,,,2026-09-19T23:38:33.900788+09:00,2026-09-19T23:38:33.900788+09:00
2024-10-23|2901|dual_top1_agreement,2024-10-23,2901,ウェルディッシュ,,,dual_top1_agreement,2条件一致リバウンド,2024-10,mature,2024-10-24,690,2024-10-30,702,0.0173913043478,1200,-0.0203349282297,,0.360946745562,3.1422621908,0.0515463917526,1,1,1,0.99959802227,0.84256756,EXACT_CANONICAL_2023_2026,,,,not_requested_historical,,,2026-09-19T23:38:33.900788+09:00,2026-09-19T23:38:33.900788+09:00
2024-10-23|2901|dual_top1_agreement_g3_no_acute_selloff,2024-10-23,2901,ウェルディッシュ,,,dual_top1_agreement_g3_no_acute_selloff,地合い安定・2条件一致,2024-10,mature,2024-10-24,690,2024-10-30,702,0.0173913043478,1200,-0.0203349282297,,0.360946745562,3.1422621908,0.0515463917526,1,1,1,0.99959802227,0.84256756,EXACT_CANONICAL_2023_2026,,,,not_requested_historical,,,2026-09-19T23:38:33.900788+09:00,2026-09-19T23:38:33.900788+09:00
2024-10-23|2901|mean_rank_volr20_body_pct,2024-10-23,2901,ウェルディッシュ,,,mean_rank_volr20_body_pct,静かな売られ過ぎバランス,2024-10,mature,2024-10-24,690,2024-10-30,702,0.0173913043478,1200,-0.0203349282297,,0.360946745562,3.1422621908,0.0515463917526,1,1,1,0.99959802227,0.84256756,EXACT_CANONICAL_2023_2026,,,,not_requested_historical,,,2026-09-19T23:38:33.900788+09:00,2026-09-19T23:38:33.900788+09:00
2024-10-23|2901|volr20_low,2024-10-23,2901,ウェルディッシュ,,,volr20_low,出来高沈静リバウンド,2024-10,mature,2024-10-24,690,2024-10-30,702,0.0173913043478,1200,-0.0203349282297,,0.360946745562,3.1422621908,0.0515463917526,1,1,1,0.99959802227,0.84256756,EXACT_CANONICAL_2023_2026,,,,not_requested_historical,,,2026-09-19T23:38:33.900788+09:00,2026-09-19T23:38:33.900788+09:00
2024-10-24|2586|body_pct_low,2024-10-24,2586,フルッタフルッタ,,,body_pct_low,陰線沈み込みリバウンド,2024-10,mature,2024-10-25,161,2024-10-31,244,0.515527950311,8300,-0.0211970074813,,0.330434782609,7.22935149167,0.681818181818,1,1,1,0.999411389752,0.8356687,EXACT_CANONICAL_2023_2026,,,,not_requested_historical,,,2026-09-19T23:38:33.900788+09:00,2026-09-19T23:38:33.900788+09:00
2024-10-24|2586|dual_top1_agreement,2024-10-24,2586,フルッタフルッタ,,,dual_top1_agreement,2条件一致リバウンド,2024-10,mature,2024-10-25,161,2024-10-31,244,0.515527950311,8300,-0.0211970074813,,0.330434782609,7.22935149167,0.681818181818,1,1,1,0.999411389752,0.8356687,EXACT_CANONICAL_2023_2026,,,,not_requested_historical,,,2026-09-19T23:38:33.900788+09:00,2026-09-19T23:38:33.900788+09:00
2024-10-24|2586|dual_top1_agreement_g3_no_acute_selloff,2024-10-24,2586,フルッタフルッタ,,,dual_top1_agreement_g3_no_acute_selloff,地合い安定・2条件一致,2024-10,mature,2024-10-25,161,2024-10-31,244,0.515527950311,8300,-0.0211970074813,,0.330434782609,7.22935149167,0.681818181818,1,1,1,0.999411389752,0.8356687,EXACT_CANONICAL_2023_2026,,,,not_requested_historical,,,2026-09-19T23:38:33.900788+09:00,2026-09-19T23:38:33.900788+09:00
2024-10-24|2586|mean_rank_volr20_body_pct,2024-10-24,2586,フルッタフルッタ,,,mean_rank_volr20_body_pct,静かな売られ過ぎバランス,2024-10,mature,2024-10-25,161,2024-10-31,244,0.515527950311,8300,-0.0211970074813,,0.330434782609,7.22935149167,0.681818181818,1,1,1,0.999411389752,0.8356687,EXACT_CANONICAL_2023_2026,,,,not_requested_historical,,,2026-09-19T23:38:33.900788+09:00,2026-09-19T23:38:33.900788+09:00
2024-10-24|2586|volr20_low,2024-10-24,2586,フルッタフルッタ,,,volr20_low,出来高沈静リバウンド,2024-10,mature,2024-10-25,161,2024-10-31,244,0.515527950311,8300,-0.0211970074813,,0.330434782609,7.22935149167,0.681818181818,1,1,1,0.999411389752,0.8356687,EXACT_CANONICAL_2023_2026,,,,not_requested_historical,,,2026-09-19T23:38:33.900788+09:00,2026-09-19T23:38:33.900788+09:00
2024-10-25|2586|body_pct_low,2024-10-25,2586,フルッタフルッタ,,,body_pct_low,陰線沈み込みリバウンド,2024-10,mature,2024-10-28,153,2024-11-01,227,0.483660130719,7400,-0.0302437452254,,0.380530973451,4.49893614538,-0.119047619048,1,0.5,0.75,0.999903812472,0.8626436,EXACT_CANONICAL_2023_2026,,,,not_requested_historical,,,2026-09-19T23:38:33.900788+09:00,2026-09-19T23:38:33.900788+09:00
2024-10-25|2586|mean_rank_volr20_body_pct,2024-10-25,2586,フルッタフルッタ,,,mean_rank_volr20_body_pct,静かな売られ過ぎバランス,2024-10,mature,2024-10-28,153,2024-11-01,227,0.483660130719,7400,-0.0302437452254,,0.380530973451,4.49893614538,-0.119047619048,1,0.5,0.75,0.999903812472,0.8626436,EXACT_CANONICAL_2023_2026,,,,not_requested_historical,,,2026-09-19T23:38:33.900788+09:00,2026-09-19T23:38:33.900788+09:00
2024-10-25|6836|volr20_low,2024-10-25,6836,ぷらっとホーム,,,volr20_low,出来高沈静リバウンド,2024-10,mature,2024-10-28,1085,2024-11-01,941.666687012,-0.132104435934,-14333.3312988,-0.0302437452254,,0.203389830508,4.17163183637,0.943119048443,0.5,1,0.75,0.999013718926,0.8239083,EXACT_CANONICAL_2023_2026,,,,not_requested_historical,,,2026-09-19T23:38:33.900788+09:00,2026-09-19T23:38:33.900788+09:00
2024-10-28|8894|body_pct_low,2024-10-28,8894,ＲＥＶＯＬＵＴＩＯＮ,,,body_pct_low,陰線沈み込みリバウンド,2024-10,mature,2024-10-29,557,2024-11-05,440,-0.210053859964,-11700,-0.017375850648,,0.325581395349,4.93194123654,-0.335820895522,1,0.5,0.75,0.999605200443,0.8428465,EXACT_CANONICAL_2023_2026,,,,not_requested_historical,,,2026-09-19T23:38:33.900788+09:00,2026-09-19T23:38:33.900788+09:00
2024-10-28|2586|mean_rank_volr20_body_pct,2024-10-28,2586,フルッタフルッタ,,,mean_rank_volr20_body_pct,静かな売られ過ぎバランス,2024-10,mature,2024-10-29,197,2024-11-05,247,0.253807106599,5000,-0.017375850648,,0.481132075472,2.357636786,0.166666666667,0.5,1,0.75,0.999751635188,0.8502385,EXACT_CANONICAL_2023_2026,,,,not_requested_historical,,,2026-09-19T23:38:33.900788+09:00,2026-09-19T23:38:33.900788+09:00
2024-10-28|2586|volr20_low,2024-10-28,2586,フルッタフルッタ,,,volr20_low,出来高沈静リバウンド,2024-10,mature,2024-10-29,197,2024-11-05,247,0.253807106599,5000,-0.017375850648,,0.481132075472,2.357636786,0.166666666667,0.5,1,0.75,0.999751635188,0.8502385,EXACT_CANONICAL_2023_2026,,,,not_requested_historical,,,2026-09-19T23:38:33.900788+09:00,2026-09-19T23:38:33.900788+09:00
2024-10-29|8894|body_pct_low,2024-10-29,8894,ＲＥＶＯＬＵＴＩＯＮ,,,body_pct_low,陰線沈み込みリバウンド,2024-10,mature,2024-10-30,493,2024-11-06,430,-0.127789046653,-6300,0,,0.2325,3.41299523209,-0.820512820513,0.333333333333,0.333333333333,0.333333333333,0.999252034294,0.83025366,EXACT_CANONICAL_2023_2026,,,,not_requested_historical,,,2026-09-19T23:38:33.900788+09:00,2026-09-19T23:38:33.900788+09:00
2024-10-29|8894|dual_top1_agreement,2024-10-29,8894,ＲＥＶＯＬＵＴＩＯＮ,,,dual_top1_agreement,2条件一致リバウンド,2024-10,mature,2024-10-30,493,2024-11-06,430,-0.127789046653,-6300,0,,0.2325,3.41299523209,-0.820512820513,0.333333333333,0.333333333333,0.333333333333,0.999252034294,0.83025366,EXACT_CANONICAL_2023_2026,,,,not_requested_historical,,,2026-09-19T23:38:33.900788+09:00,2026-09-19T23:38:33.900788+09:00
2024-10-29|8894|dual_top1_agreement_g3_no_acute_selloff,2024-10-29,8894,ＲＥＶＯＬＵＴＩＯＮ,,,dual_top1_agreement_g3_no_acute_selloff,地合い安定・2条件一致,2024-10,mature,2024-10-30,493,2024-11-06,430,-0.127789046653,-6300,0,,0.2325,3.41299523209,-0.820512820513,0.333333333333,0.333333333333,0.333333333333,0.999252034294,0.83025366,EXACT_CANONICAL_2023_2026,,,,not_requested_historical,,,2026-09-19T23:38:33.900788+09:00,2026-09-19T23:38:33.900788+09:00
2024-10-29|8894|mean_rank_volr20_body_pct,2024-10-29,8894,ＲＥＶＯＬＵＴＩＯＮ,,,mean_rank_volr20_body_pct,静かな売られ過ぎバランス,2024-10,mature,2024-10-30,493,2024-11-06,430,-0.127789046653,-6300,0,,0.2325,3.41299523209,-0.820512820513,0.333333333333,0.333333333333,0.333333333333,0.999252034294,0.83025366,EXACT_CANONICAL_2023_2026,,,,not_requested_historical,,,2026-09-19T23:38:33.900788+09:00,2026-09-19T23:38:33.900788+09:00
2024-10-29|8894|volr20_low,2024-10-29,8894,ＲＥＶＯＬＵＴＩＯＮ,,,volr20_low,出来高沈静リバウンド,2024-10,mature,2024-10-30,493,2024-11-06,430,-0.127789046653,-6300,0,,0.2325,3.41299523209,-0.820512820513,0.333333333333,0.333333333333,0.333333333333,0.999252034294,0.83025366,EXACT_CANONICAL_2023_2026,,,,not_requested_historical,,,2026-09-19T23:38:33.900788+09:00,2026-09-19T23:38:33.900788+09:00
2024-11-14|3350|body_pct_low,2024-11-14,3350,メタプラネット,,,body_pct_low,陰線沈み込みリバウンド,2024-11,mature,2024-11-15,195.800003052,2024-11-21,256,0.307456567977,6019.99969482,-0.00862068965517,,0.349196161105,1.72707202445,0.979885146929,1,1,1,0.999897044767,0.85827535,EXACT_CANONICAL_2023_2026,,,,not_requested_historical,,,2026-09-19T23:38:33.900788+09:00,2026-09-19T23:38:33.900788+09:00
2024-11-14|3350|dual_top1_agreement,2024-11-14,3350,メタプラネット,,,dual_top1_agreement,2条件一致リバウンド,2024-11,mature,2024-11-15,195.800003052,2024-11-21,256,0.307456567977,6019.99969482,-0.00862068965517,,0.349196161105,1.72707202445,0.979885146929,1,1,1,0.999897044767,0.85827535,EXACT_CANONICAL_2023_2026,,,,not_requested_historical,,,2026-09-19T23:38:33.900788+09:00,2026-09-19T23:38:33.900788+09:00
2024-11-14|3350|dual_top1_agreement_g3_no_acute_selloff,2024-11-14,3350,メタプラネット,,,dual_top1_agreement_g3_no_acute_selloff,地合い安定・2条件一致,2024-11,mature,2024-11-15,195.800003052,2024-11-21,256,0.307456567977,6019.99969482,-0.00862068965517,,0.349196161105,1.72707202445,0.979885146929,1,1,1,0.999897044767,0.85827535,EXACT_CANONICAL_2023_2026,,,,not_requested_historical,,,2026-09-19T23:38:33.900788+09:00,2026-09-19T23:38:33.900788+09:00
2024-11-14|3350|mean_rank_volr20_body_pct,2024-11-14,3350,メタプラネット,,,mean_rank_volr20_body_pct,静かな売られ過ぎバランス,2024-11,mature,2024-11-15,195.800003052,2024-11-21,256,0.307456567977,6019.99969482,-0.00862068965517,,0.349196161105,1.72707202445,0.979885146929,1,1,1,0.999897044767,0.85827535,EXACT_CANONICAL_2023_2026,,,,not_requested_historical,,,2026-09-19T23:38:33.900788+09:00,2026-09-19T23:38:33.900788+09:00
2024-11-14|3350|volr20_low,2024-11-14,3350,メタプラネット,,,volr20_low,出来高沈静リバウンド,2024-11,mature,2024-11-15,195.800003052,2024-11-21,256,0.307456567977,6019.99969482,-0.00862068965517,,0.349196161105,1.72707202445,0.979885146929,1,1,1,0.999897044767,0.85827535,EXACT_CANONICAL_2023_2026,,,,not_requested_historical,,,2026-09-19T23:38:33.900788+09:00,2026-09-19T23:38:33.900788+09:00
2024-11-19|3350|body_pct_low,2024-11-19,3350,メタプラネット,,,body_pct_low,陰線沈み込みリバウンド,2024-11,mature,2024-11-20,233.199996948,2024-11-26,254,0.0891938392966,2080.00030518,-0.00460829493088,,0.353982300885,1.94549899508,0.805555895686,1,0.5,0.75,0.999604874513,0.8440959,EXACT_CANONICAL_2023_2026,,,,not_requested_historical,,,2026-09-19T23:38:33.900788+09:00,2026-09-19T23:38:33.900788+09:00
2024-11-19|3350|mean_rank_volr20_body_pct,2024-11-19,3350,メタプラネット,,,mean_rank_volr20_body_pct,静かな売られ過ぎバランス,2024-11,mature,2024-11-20,233.199996948,2024-11-26,254,0.0891938392966,2080.00030518,-0.00460829493088,,0.353982300885,1.94549899508,0.805555895686,1,0.5,0.75,0.999604874513,0.8440959,EXACT_CANONICAL_2023_2026,,,,not_requested_historical,,,2026-09-19T23:38:33.900788+09:00,2026-09-19T23:38:33.900788+09:00
2024-11-19|2901|volr20_low,2024-11-19,2901,ウェルディッシュ,,,volr20_low,出来高沈静リバウンド,2024-11,mature,2024-11-20,770,2024-11-26,723,-0.061038961039,-4700,-0.00460829493088,,-0.0324189526185,0.992060018756,0.98,0.5,1,0.75,0.999462963246,0.8385913,EXACT_CANONICAL_2023_2026,,,,not_requested_historical,,,2026-09-19T23:38:33.900788+09:00,2026-09-19T23:38:33.900788+09:00
2024-11-21|4833|body_pct_low,2024-11-21,4833,Ｄｅｆ　ｃｏｎｓｕｌｔｉｎｇ,,,body_pct_low,陰線沈み込みリバウンド,2024-11,mature,2024-11-22,118,2024-11-28,87,-0.262711864407,-3100,0,,0.159574468085,4.17359257726,1,1,1,1,0.999539484027,0.84156376,EXACT_CANONICAL_2023_2026,,,,not_requested_historical,,,2026-09-19T23:38:33.900788+09:00,2026-09-19T23:38:33.900788+09:00
2024-11-21|4833|dual_top1_agreement,2024-11-21,4833,Ｄｅｆ　ｃｏｎｓｕｌｔｉｎｇ,,,dual_top1_agreement,2条件一致リバウンド,2024-11,mature,2024-11-22,118,2024-11-28,87,-0.262711864407,-3100,0,,0.159574468085,4.17359257726,1,1,1,1,0.999539484027,0.84156376,EXACT_CANONICAL_2023_2026,,,,not_requested_historical,,,2026-09-19T23:38:33.900788+09:00,2026-09-19T23:38:33.900788+09:00
2024-11-21|4833|dual_top1_agreement_g3_no_acute_selloff,2024-11-21,4833,Ｄｅｆ　ｃｏｎｓｕｌｔｉｎｇ,,,dual_top1_agreement_g3_no_acute_selloff,地合い安定・2条件一致,2024-11,mature,2024-11-22,118,2024-11-28,87,-0.262711864407,-3100,0,,0.159574468085,4.17359257726,1,1,1,1,0.999539484027,0.84156376,EXACT_CANONICAL_2023_2026,,,,not_requested_historical,,,2026-09-19T23:38:33.900788+09:00,2026-09-19T23:38:33.900788+09:00
2024-11-21|4833|mean_rank_volr20_body_pct,2024-11-21,4833,Ｄｅｆ　ｃｏｎｓｕｌｔｉｎｇ,,,mean_rank_volr20_body_pct,静かな売られ過ぎバランス,2024-11,mature,2024-11-22,118,2024-11-28,87,-0.262711864407,-3100,0,,0.159574468085,4.17359257726,1,1,1,1,0.999539484027,0.84156376,EXACT_CANONICAL_2023_2026,,,,not_requested_historical,,,2026-09-19T23:38:33.900788+09:00,2026-09-19T23:38:33.900788+09:00
2024-11-21|4833|volr20_low,2024-11-21,4833,Ｄｅｆ　ｃｏｎｓｕｌｔｉｎｇ,,,volr20_low,出来高沈静リバウンド,2024-11,mature,2024-11-22,118,2024-11-28,87,-0.262711864407,-3100,0,,0.159574468085,4.17359257726,1,1,1,1,0.999539484027,0.84156376,EXACT_CANONICAL_2023_2026,,,,not_requested_historical,,,2026-09-19T23:38:33.900788+09:00,2026-09-19T23:38:33.900788+09:00
2024-12-02|2586|body_pct_low,2024-12-02,2586,フルッタフルッタ,,,body_pct_low,陰線沈み込みリバウンド,2024-12,mature,2024-12-03,175,2024-12-09,136,-0.222857142857,-3900,-0.00476535427349,,-0.135922330097,0.461194599341,-0.3,1,1,1,0.999682310508,0.8559452,EXACT_CANONICAL_2023_2026,,,,not_requested_historical,,,2026-09-19T23:38:33.900788+09:00,2026-09-19T23:38:33.900788+09:00
2024-12-02|2586|dual_top1_agreement,2024-12-02,2586,フルッタフルッタ,,,dual_top1_agreement,2条件一致リバウンド,2024-12,mature,2024-12-03,175,2024-12-09,136,-0.222857142857,-3900,-0.00476535427349,,-0.135922330097,0.461194599341,-0.3,1,1,1,0.999682310508,0.8559452,EXACT_CANONICAL_2023_2026,,,,not_requested_historical,,,2026-09-19T23:38:33.900788+09:00,2026-09-19T23:38:33.900788+09:00
2024-12-02|2586|dual_top1_agreement_g3_no_acute_selloff,2024-12-02,2586,フルッタフルッタ,,,dual_top1_agreement_g3_no_acute_selloff,地合い安定・2条件一致,2024-12,mature,2024-12-03,175,2024-12-09,136,-0.222857142857,-3900,-0.00476535427349,,-0.135922330097,0.461194599341,-0.3,1,1,1,0.999682310508,0.8559452,EXACT_CANONICAL_2023_2026,,,,not_requested_historical,,,2026-09-19T23:38:33.900788+09:00,2026-09-19T23:38:33.900788+09:00
2024-12-02|2586|mean_rank_volr20_body_pct,2024-12-02,2586,フルッタフルッタ,,,mean_rank_volr20_body_pct,静かな売られ過ぎバランス,2024-12,mature,2024-12-03,175,2024-12-09,136,-0.222857142857,-3900,-0.00476535427349,,-0.135922330097,0.461194599341,-0.3,1,1,1,0.999682310508,0.8559452,EXACT_CANONICAL_2023_2026,,,,not_requested_historical,,,2026-09-19T23:38:33.900788+09:00,2026-09-19T23:38:33.900788+09:00
2024-12-02|2586|volr20_low,2024-12-02,2586,フルッタフルッタ,,,volr20_low,出来高沈静リバウンド,2024-12,mature,2024-12-03,175,2024-12-09,136,-0.222857142857,-3900,-0.00476535427349,,-0.135922330097,0.461194599341,-0.3,1,1,1,0.999682310508,0.8559452,EXACT_CANONICAL_2023_2026,,,,not_requested_historical,,,2026-09-19T23:38:33.900788+09:00,2026-09-19T23:38:33.900788+09:00
2024-12-18|4935|body_pct_low,2024-12-18,4935,リベルタ,,,body_pct_low,陰線沈み込みリバウンド,2024-12,mature,2024-12-19,333,2024-12-25,684,1.05405405405,35100,-0.00766341209232,,0.558951965066,4.59214784306,-0.152941176471,1,1,1,0.999810738175,0.86399317,EXACT_CANONICAL_2023_2026,,,,not_requested_historical,,,2026-09-19T23:38:33.900788+09:00,2026-09-19T23:38:33.900788+09:00
2024-12-18|4935|dual_top1_agreement,2024-12-18,4935,リベルタ,,,dual_top1_agreement,2条件一致リバウンド,2024-12,mature,2024-12-19,333,2024-12-25,684,1.05405405405,35100,-0.00766341209232,,0.558951965066,4.59214784306,-0.152941176471,1,1,1,0.999810738175,0.86399317,EXACT_CANONICAL_2023_2026,,,,not_requested_historical,,,2026-09-19T23:38:33.900788+09:00,2026-09-19T23:38:33.900788+09:00
2024-12-18|4935|dual_top1_agreement_g3_no_acute_selloff,2024-12-18,4935,リベルタ,,,dual_top1_agreement_g3_no_acute_selloff,地合い安定・2条件一致,2024-12,mature,2024-12-19,333,2024-12-25,684,1.05405405405,35100,-0.00766341209232,,0.558951965066,4.59214784306,-0.152941176471,1,1,1,0.999810738175,0.86399317,EXACT_CANONICAL_2023_2026,,,,not_requested_historical,,,2026-09-19T23:38:33.900788+09:00,2026-09-19T23:38:33.900788+09:00
2024-12-18|4935|mean_rank_volr20_body_pct,2024-12-18,4935,リベルタ,,,mean_rank_volr20_body_pct,静かな売られ過ぎバランス,2024-12,mature,2024-12-19,333,2024-12-25,684,1.05405405405,35100,-0.00766341209232,,0.558951965066,4.59214784306,-0.152941176471,1,1,1,0.999810738175,0.86399317,EXACT_CANONICAL_2023_2026,,,,not_requested_historical,,,2026-09-19T23:38:33.900788+09:00,2026-09-19T23:38:33.900788+09:00
2024-12-18|4935|volr20_low,2024-12-18,4935,リベルタ,,,volr20_low,出来高沈静リバウンド,2024-12,mature,2024-12-19,333,2024-12-25,684,1.05405405405,35100,-0.00766341209232,,0.558951965066,4.59214784306,-0.152941176471,1,1,1,0.999810738175,0.86399317,EXACT_CANONICAL_2023_2026,,,,not_requested_historical,,,2026-09-19T23:38:33.900788+09:00,2026-09-19T23:38:33.900788+09:00
2024-12-25|4576|body_pct_low,2024-12-25,4576,デ・ウエスタン・セラピテクス研究所,,,body_pct_low,陰線沈み込みリバウンド,2024-12,mature,2024-12-26,154,2025-01-07,172,0.116883116883,1800,-0.00139082058414,,0.52,0.706599903788,-0.777777777778,1,1,1,0.999036116564,0.8346677,EXACT_CANONICAL_2023_2026,,,,not_requested_historical,,,2026-09-19T23:38:33.900788+09:00,2026-09-19T23:38:33.900788+09:00
2024-12-25|4576|dual_top1_agreement,2024-12-25,4576,デ・ウエスタン・セラピテクス研究所,,,dual_top1_agreement,2条件一致リバウンド,2024-12,mature,2024-12-26,154,2025-01-07,172,0.116883116883,1800,-0.00139082058414,,0.52,0.706599903788,-0.777777777778,1,1,1,0.999036116564,0.8346677,EXACT_CANONICAL_2023_2026,,,,not_requested_historical,,,2026-09-19T23:38:33.900788+09:00,2026-09-19T23:38:33.900788+09:00
2024-12-25|4576|dual_top1_agreement_g3_no_acute_selloff,2024-12-25,4576,デ・ウエスタン・セラピテクス研究所,,,dual_top1_agreement_g3_no_acute_selloff,地合い安定・2条件一致,2024-12,mature,2024-12-26,154,2025-01-07,172,0.116883116883,1800,-0.00139082058414,,0.52,0.706599903788,-0.777777777778,1,1,1,0.999036116564,0.8346677,EXACT_CANONICAL_2023_2026,,,,not_requested_historical,,,2026-09-19T23:38:33.900788+09:00,2026-09-19T23:38:33.900788+09:00
2024-12-25|4576|mean_rank_volr20_body_pct,2024-12-25,4576,デ・ウエスタン・セラピテクス研究所,,,mean_rank_volr20_body_pct,静かな売られ過ぎバランス,2024-12,mature,2024-12-26,154,2025-01-07,172,0.116883116883,1800,-0.00139082058414,,0.52,0.706599903788,-0.777777777778,1,1,1,0.999036116564,0.8346677,EXACT_CANONICAL_2023_2026,,,,not_requested_historical,,,2026-09-19T23:38:33.900788+09:00,2026-09-19T23:38:33.900788+09:00
2024-12-25|4576|volr20_low,2024-12-25,4576,デ・ウエスタン・セラピテクス研究所,,,volr20_low,出来高沈静リバウンド,2024-12,mature,2024-12-26,154,2025-01-07,172,0.116883116883,1800,-0.00139082058414,,0.52,0.706599903788,-0.777777777778,1,1,1,0.999036116564,0.8346677,EXACT_CANONICAL_2023_2026,,,,not_requested_historical,,,2026-09-19T23:38:33.900788+09:00,2026-09-19T23:38:33.900788+09:00
2025-01-10|7074|body_pct_low,2025-01-10,7074,トゥエンティーフォーセブンホールディングス,,,body_pct_low,陰線沈み込みリバウンド,2025-01,mature,2025-01-14,334,2025-01-20,326,-0.0239520958084,-800,-0.0129361931601,,0.452282157676,3.08005988569,0.0416666666667,1,1,1,0.999094124526,0.83125556,EXACT_CANONICAL_2023_2026,,,,not_requested_historical,,,2026-09-19T23:38:33.900788+09:00,2026-09-19T23:38:33.900788+09:00
2025-01-10|7074|dual_top1_agreement,2025-01-10,7074,トゥエンティーフォーセブンホールディングス,,,dual_top1_agreement,2条件一致リバウンド,2025-01,mature,2025-01-14,334,2025-01-20,326,-0.0239520958084,-800,-0.0129361931601,,0.452282157676,3.08005988569,0.0416666666667,1,1,1,0.999094124526,0.83125556,EXACT_CANONICAL_2023_2026,,,,not_requested_historical,,,2026-09-19T23:38:33.900788+09:00,2026-09-19T23:38:33.900788+09:00
2025-01-10|7074|dual_top1_agreement_g3_no_acute_selloff,2025-01-10,7074,トゥエンティーフォーセブンホールディングス,,,dual_top1_agreement_g3_no_acute_selloff,地合い安定・2条件一致,2025-01,mature,2025-01-14,334,2025-01-20,326,-0.0239520958084,-800,-0.0129361931601,,0.452282157676,3.08005988569,0.0416666666667,1,1,1,0.999094124526,0.83125556,EXACT_CANONICAL_2023_2026,,,,not_requested_historical,,,2026-09-19T23:38:33.900788+09:00,2026-09-19T23:38:33.900788+09:00
2025-01-10|7074|mean_rank_volr20_body_pct,2025-01-10,7074,トゥエンティーフォーセブンホールディングス,,,mean_rank_volr20_body_pct,静かな売られ過ぎバランス,2025-01,mature,2025-01-14,334,2025-01-20,326,-0.0239520958084,-800,-0.0129361931601,,0.452282157676,3.08005988569,0.0416666666667,1,1,1,0.999094124526,0.83125556,EXACT_CANONICAL_2023_2026,,,,not_requested_historical,,,2026-09-19T23:38:33.900788+09:00,2026-09-19T23:38:33.900788+09:00
2025-01-10|7074|volr20_low,2025-01-10,7074,トゥエンティーフォーセブンホールディングス,,,volr20_low,出来高沈静リバウンド,2025-01,mature,2025-01-14,334,2025-01-20,326,-0.0239520958084,-800,-0.0129361931601,,0.452282157676,3.08005988569,0.0416666666667,1,1,1,0.999094124526,0.83125556,EXACT_CANONICAL_2023_2026,,,,not_requested_historical,,,2026-09-19T23:38:33.900788+09:00,2026-09-19T23:38:33.900788+09:00
2025-01-14|4935|body_pct_low,2025-01-14,4935,リベルタ,,,body_pct_low,陰線沈み込みリバウンド,2025-01,mature,2025-01-15,390,2025-01-21,372.399993896,-0.0451282207782,-1760.00061035,-0.0187054003039,,-0.393939393939,4.73409861985,-0.919931665594,1,1,1,0.999989512296,0.87415063,EXACT_CANONICAL_2023_2026,,,,not_requested_historical,,,2026-09-19T23:38:33.900788+09:00,2026-09-19T23:38:33.900788+09:00
2025-01-14|4935|dual_top1_agreement,2025-01-14,4935,リベルタ,,,dual_top1_agreement,2条件一致リバウンド,2025-01,mature,2025-01-15,390,2025-01-21,372.399993896,-0.0451282207782,-1760.00061035,-0.0187054003039,,-0.393939393939,4.73409861985,-0.919931665594,1,1,1,0.999989512296,0.87415063,EXACT_CANONICAL_2023_2026,,,,not_requested_historical,,,2026-09-19T23:38:33.900788+09:00,2026-09-19T23:38:33.900788+09:00
2025-01-14|4935|dual_top1_agreement_g3_no_acute_selloff,2025-01-14,4935,リベルタ,,,dual_top1_agreement_g3_no_acute_selloff,地合い安定・2条件一致,2025-01,mature,2025-01-15,390,2025-01-21,372.399993896,-0.0451282207782,-1760.00061035,-0.0187054003039,,-0.393939393939,4.73409861985,-0.919931665594,1,1,1,0.999989512296,0.87415063,EXACT_CANONICAL_2023_2026,,,,not_requested_historical,,,2026-09-19T23:38:33.900788+09:00,2026-09-19T23:38:33.900788+09:00
2025-01-14|4935|mean_rank_volr20_body_pct,2025-01-14,4935,リベルタ,,,mean_rank_volr20_body_pct,静かな売られ過ぎバランス,2025-01,mature,2025-01-15,390,2025-01-21,372.399993896,-0.0451282207782,-1760.00061035,-0.0187054003039,,-0.393939393939,4.73409861985,-0.919931665594,1,1,1,0.999989512296,0.87415063,EXACT_CANONICAL_2023_2026,,,,not_requested_historical,,,2026-09-19T23:38:33.900788+09:00,2026-09-19T23:38:33.900788+09:00
2025-01-14|4935|volr20_low,2025-01-14,4935,リベルタ,,,volr20_low,出来高沈静リバウンド,2025-01,mature,2025-01-15,390,2025-01-21,372.399993896,-0.0451282207782,-1760.00061035,-0.0187054003039,,-0.393939393939,4.73409861985,-0.919931665594,1,1,1,0.999989512296,0.87415063,EXACT_CANONICAL_2023_2026,,,,not_requested_historical,,,2026-09-19T23:38:33.900788+09:00,2026-09-19T23:38:33.900788+09:00
2025-01-15|4935|body_pct_low,2025-01-15,4935,リベルタ,,,body_pct_low,陰線沈み込みリバウンド,2025-01,mature,2025-01-16,395.399993896,2025-01-22,361,-0.0870004917236,-3439.99938965,-0.0209545983702,,-0.396783616808,2.93650367255,0.310439696333,0.5,0.5,0.5,0.999985579406,0.8707717,EXACT_CANONICAL_2023_2026,,,,not_requested_historical,,,2026-09-19T23:38:33.900788+09:00,2026-09-19T23:38:33.900788+09:00
2025-01-15|4935|dual_top1_agreement,2025-01-15,4935,リベルタ,,,dual_top1_agreement,2条件一致リバウンド,2025-01,mature,2025-01-16,395.399993896,2025-01-22,361,-0.0870004917236,-3439.99938965,-0.0209545983702,,-0.396783616808,2.93650367255,0.310439696333,0.5,0.5,0.5,0.999985579406,0.8707717,EXACT_CANONICAL_2023_2026,,,,not_requested_historical,,,2026-09-19T23:38:33.900788+09:00,2026-09-19T23:38:33.900788+09:00
2025-01-15|4935|dual_top1_agreement_g3_no_acute_selloff,2025-01-15,4935,リベルタ,,,dual_top1_agreement_g3_no_acute_selloff,地合い安定・2条件一致,2025-01,mature,2025-01-16,395.399993896,2025-01-22,361,-0.0870004917236,-3439.99938965,-0.0209545983702,,-0.396783616808,2.93650367255,0.310439696333,0.5,0.5,0.5,0.999985579406,0.8707717,EXACT_CANONICAL_2023_2026,,,,not_requested_historical,,,2026-09-19T23:38:33.900788+09:00,2026-09-19T23:38:33.900788+09:00
2025-01-15|4935|mean_rank_volr20_body_pct,2025-01-15,4935,リベルタ,,,mean_rank_volr20_body_pct,静かな売られ過ぎバランス,2025-01,mature,2025-01-16,395.399993896,2025-01-22,361,-0.0870004917236,-3439.99938965,-0.0209545983702,,-0.396783616808,2.93650367255,0.310439696333,0.5,0.5,0.5,0.999985579406,0.8707717,EXACT_CANONICAL_2023_2026,,,,not_requested_historical,,,2026-09-19T23:38:33.900788+09:00,2026-09-19T23:38:33.900788+09:00
2025-01-15|4935|volr20_low,2025-01-15,4935,リベルタ,,,volr20_low,出来高沈静リバウンド,2025-01,mature,2025-01-16,395.399993896,2025-01-22,361,-0.0870004917236,-3439.99938965,-0.0209545983702,,-0.396783616808,2.93650367255,0.310439696333,0.5,0.5,0.5,0.999985579406,0.8707717,EXACT_CANONICAL_2023_2026,,,,not_requested_historical,,,2026-09-19T23:38:33.900788+09:00,2026-09-19T23:38:33.900788+09:00
2025-01-16|4935|body_pct_low,2025-01-16,4935,リベルタ,,,body_pct_low,陰線沈み込みリバウンド,2025-01,mature,2025-01-17,346,2025-01-23,405,0.170520231214,5900,-0.0207438143538,,-0.516853932584,1.21270056032,-0.868242961112,0.5,0.5,0.5,0.999931829921,0.8623479,EXACT_CANONICAL_2023_2026,,,,not_requested_historical,,,2026-09-19T23:38:33.900788+09:00,2026-09-19T23:38:33.900788+09:00
2025-01-16|4935|dual_top1_agreement,2025-01-16,4935,リベルタ,,,dual_top1_agreement,2条件一致リバウンド,2025-01,mature,2025-01-17,346,2025-01-23,405,0.170520231214,5900,-0.0207438143538,,-0.516853932584,1.21270056032,-0.868242961112,0.5,0.5,0.5,0.999931829921,0.8623479,EXACT_CANONICAL_2023_2026,,,,not_requested_historical,,,2026-09-19T23:38:33.900788+09:00,2026-09-19T23:38:33.900788+09:00
2025-01-16|4935|dual_top1_agreement_g3_no_acute_selloff,2025-01-16,4935,リベルタ,,,dual_top1_agreement_g3_no_acute_selloff,地合い安定・2条件一致,2025-01,mature,2025-01-17,346,2025-01-23,405,0.170520231214,5900,-0.0207438143538,,-0.516853932584,1.21270056032,-0.868242961112,0.5,0.5,0.5,0.999931829921,0.8623479,EXACT_CANONICAL_2023_2026,,,,not_requested_historical,,,2026-09-19T23:38:33.900788+09:00,2026-09-19T23:38:33.900788+09:00
2025-01-16|4935|mean_rank_volr20_body_pct,2025-01-16,4935,リベルタ,,,mean_rank_volr20_body_pct,静かな売られ過ぎバランス,2025-01,mature,2025-01-17,346,2025-01-23,405,0.170520231214,5900,-0.0207438143538,,-0.516853932584,1.21270056032,-0.868242961112,0.5,0.5,0.5,0.999931829921,0.8623479,EXACT_CANONICAL_2023_2026,,,,not_requested_historical,,,2026-09-19T23:38:33.900788+09:00,2026-09-19T23:38:33.900788+09:00
2025-01-16|4935|volr20_low,2025-01-16,4935,リベルタ,,,volr20_low,出来高沈静リバウンド,2025-01,mature,2025-01-17,346,2025-01-23,405,0.170520231214,5900,-0.0207438143538,,-0.516853932584,1.21270056032,-0.868242961112,0.5,0.5,0.5,0.999931829921,0.8623479,EXACT_CANONICAL_2023_2026,,,,not_requested_historical,,,2026-09-19T23:38:33.900788+09:00,2026-09-19T23:38:33.900788+09:00
2025-01-17|4935|body_pct_low,2025-01-17,4935,リベルタ,,,body_pct_low,陰線沈み込みリバウンド,2025-01,mature,2025-01-20,364.200012207,2025-01-24,398,0.0928061138388,3379.9987793,-0.015739619765,,-0.559715632579,1.32075340028,0.483018983085,1,1,1,0.99984137347,0.8548998,EXACT_CANONICAL_2023_2026,,,,not_requested_historical,,,2026-09-19T23:38:33.900788+09:00,2026-09-19T23:38:33.900788+09:00
2025-01-17|4935|dual_top1_agreement,2025-01-17,4935,リベルタ,,,dual_top1_agreement,2条件一致リバウンド,2025-01,mature,2025-01-20,364.200012207,2025-01-24,398,0.0928061138388,3379.9987793,-0.015739619765,,-0.559715632579,1.32075340028,0.483018983085,1,1,1,0.99984137347,0.8548998,EXACT_CANONICAL_2023_2026,,,,not_requested_historical,,,2026-09-19T23:38:33.900788+09:00,2026-09-19T23:38:33.900788+09:00
2025-01-17|4935|dual_top1_agreement_g3_no_acute_selloff,2025-01-17,4935,リベルタ,,,dual_top1_agreement_g3_no_acute_selloff,地合い安定・2条件一致,2025-01,mature,2025-01-20,364.200012207,2025-01-24,398,0.0928061138388,3379.9987793,-0.015739619765,,-0.559715632579,1.32075340028,0.483018983085,1,1,1,0.99984137347,0.8548998,EXACT_CANONICAL_2023_2026,,,,not_requested_historical,,,2026-09-19T23:38:33.900788+09:00,2026-09-19T23:38:33.900788+09:00
2025-01-17|4935|mean_rank_volr20_body_pct,2025-01-17,4935,リベルタ,,,mean_rank_volr20_body_pct,静かな売られ過ぎバランス,2025-01,mature,2025-01-20,364.200012207,2025-01-24,398,0.0928061138388,3379.9987793,-0.015739619765,,-0.559715632579,1.32075340028,0.483018983085,1,1,1,0.99984137347,0.8548998,EXACT_CANONICAL_2023_2026,,,,not_requested_historical,,,2026-09-19T23:38:33.900788+09:00,2026-09-19T23:38:33.900788+09:00
2025-01-17|4935|volr20_low,2025-01-17,4935,リベルタ,,,volr20_low,出来高沈静リバウンド,2025-01,mature,2025-01-20,364.200012207,2025-01-24,398,0.0928061138388,3379.9987793,-0.015739619765,,-0.559715632579,1.32075340028,0.483018983085,1,1,1,0.99984137347,0.8548998,EXACT_CANONICAL_2023_2026,,,,not_requested_historical,,,2026-09-19T23:38:33.900788+09:00,2026-09-19T23:38:33.900788+09:00
2025-01-20|4935|body_pct_low,2025-01-20,4935,リベルタ,,,body_pct_low,陰線沈み込みリバウンド,2025-01,mature,2025-01-21,338.200012207,2025-01-27,358,0.058545201296,1979.9987793,-0.00655106581044,,-0.65650318528,0.699901442022,-1,0.333333333333,0.333333333333,0.333333333333,0.999775825317,0.8509297,EXACT_CANONICAL_2023_2026,,,,not_requested_historical,,,2026-09-19T23:38:33.900788+09:00,2026-09-19T23:38:33.900788+09:00
2025-01-20|4935|dual_top1_agreement,2025-01-20,4935,リベルタ,,,dual_top1_agreement,2条件一致リバウンド,2025-01,mature,2025-01-21,338.200012207,2025-01-27,358,0.058545201296,1979.9987793,-0.00655106581044,,-0.65650318528,0.699901442022,-1,0.333333333333,0.333333333333,0.333333333333,0.999775825317,0.8509297,EXACT_CANONICAL_2023_2026,,,,not_requested_historical,,,2026-09-19T23:38:33.900788+09:00,2026-09-19T23:38:33.900788+09:00
2025-01-20|4935|dual_top1_agreement_g3_no_acute_selloff,2025-01-20,4935,リベルタ,,,dual_top1_agreement_g3_no_acute_selloff,地合い安定・2条件一致,2025-01,mature,2025-01-21,338.200012207,2025-01-27,358,0.058545201296,1979.9987793,-0.00655106581044,,-0.65650318528,0.699901442022,-1,0.333333333333,0.333333333333,0.333333333333,0.999775825317,0.8509297,EXACT_CANONICAL_2023_2026,,,,not_requested_historical,,,2026-09-19T23:38:33.900788+09:00,2026-09-19T23:38:33.900788+09:00
2025-01-20|4935|mean_rank_volr20_body_pct,2025-01-20,4935,リベルタ,,,mean_rank_volr20_body_pct,静かな売られ過ぎバランス,2025-01,mature,2025-01-21,338.200012207,2025-01-27,358,0.058545201296,1979.9987793,-0.00655106581044,,-0.65650318528,0.699901442022,-1,0.333333333333,0.333333333333,0.333333333333,0.999775825317,0.8509297,EXACT_CANONICAL_2023_2026,,,,not_requested_historical,,,2026-09-19T23:38:33.900788+09:00,2026-09-19T23:38:33.900788+09:00
2025-01-20|4935|volr20_low,2025-01-20,4935,リベルタ,,,volr20_low,出来高沈静リバウンド,2025-01,mature,2025-01-21,338.200012207,2025-01-27,358,0.058545201296,1979.9987793,-0.00655106581044,,-0.65650318528,0.699901442022,-1,0.333333333333,0.333333333333,0.333333333333,0.999775825317,0.8509297,EXACT_CANONICAL_2023_2026,,,,not_requested_historical,,,2026-09-19T23:38:33.900788+09:00,2026-09-19T23:38:33.900788+09:00
2025-02-04|5246|body_pct_low,2025-02-04,5246,ＥＬＥＭＥＮＴＳ,,,body_pct_low,陰線沈み込みリバウンド,2025-02,mature,2025-02-05,1001,2025-02-12,904,-0.0969030969031,-9700,-0.00847457627119,,0.41495601173,3.09848144048,0.744360902256,1,1,1,0.999707885808,0.8511602,EXACT_CANONICAL_2023_2026,,,,not_requested_historical,,,2026-09-19T23:38:33.900788+09:00,2026-09-19T23:38:33.900788+09:00
2025-02-04|5246|dual_top1_agreement,2025-02-04,5246,ＥＬＥＭＥＮＴＳ,,,dual_top1_agreement,2条件一致リバウンド,2025-02,mature,2025-02-05,1001,2025-02-12,904,-0.0969030969031,-9700,-0.00847457627119,,0.41495601173,3.09848144048,0.744360902256,1,1,1,0.999707885808,0.8511602,EXACT_CANONICAL_2023_2026,,,,not_requested_historical,,,2026-09-19T23:38:33.900788+09:00,2026-09-19T23:38:33.900788+09:00
2025-02-04|5246|dual_top1_agreement_g3_no_acute_selloff,2025-02-04,5246,ＥＬＥＭＥＮＴＳ,,,dual_top1_agreement_g3_no_acute_selloff,地合い安定・2条件一致,2025-02,mature,2025-02-05,1001,2025-02-12,904,-0.0969030969031,-9700,-0.00847457627119,,0.41495601173,3.09848144048,0.744360902256,1,1,1,0.999707885808,0.8511602,EXACT_CANONICAL_2023_2026,,,,not_requested_historical,,,2026-09-19T23:38:33.900788+09:00,2026-09-19T23:38:33.900788+09:00
2025-02-04|5246|mean_rank_volr20_body_pct,2025-02-04,5246,ＥＬＥＭＥＮＴＳ,,,mean_rank_volr20_body_pct,静かな売られ過ぎバランス,2025-02,mature,2025-02-05,1001,2025-02-12,904,-0.0969030969031,-9700,-0.00847457627119,,0.41495601173,3.09848144048,0.744360902256,1,1,1,0.999707885808,0.8511602,EXACT_CANONICAL_2023_2026,,,,not_requested_historical,,,2026-09-19T23:38:33.900788+09:00,2026-09-19T23:38:33.900788+09:00
2025-02-04|5246|volr20_low,2025-02-04,5246,ＥＬＥＭＥＮＴＳ,,,volr20_low,出来高沈静リバウンド,2025-02,mature,2025-02-05,1001,2025-02-12,904,-0.0969030969031,-9700,-0.00847457627119,,0.41495601173,3.09848144048,0.744360902256,1,1,1,0.999707885808,0.8511602,EXACT_CANONICAL_2023_2026,,,,not_requested_historical,,,2026-09-19T23:38:33.900788+09:00,2026-09-19T23:38:33.900788+09:00
2025-02-05|5246|body_pct_low,2025-02-05,5246,ＥＬＥＭＥＮＴＳ,,,body_pct_low,陰線沈み込みリバウンド,2025-02,mature,2025-02-06,887,2025-02-13,852,-0.0394588500564,-3500,-0.00798089171975,,0.4432,1.59876674296,-0.785714285714,0.666666666667,0.333333333333,0.5,0.999239737735,0.8372613,EXACT_CANONICAL_2023_2026,,,,not_requested_historical,,,2026-09-19T23:38:33.900788+09:00,2026-09-19T23:38:33.900788+09:00
2025-02-05|4935|mean_rank_volr20_body_pct,2025-02-05,4935,リベルタ,,,mean_rank_volr20_body_pct,静かな売られ過ぎバランス,2025-02,mature,2025-02-06,316.399993896,2025-02-13,333.200012207,0.0530974040285,1680.00183105,-0.00798089171975,,-0.0570637288186,0.981190778386,0.971061280983,0.333333333333,0.666666666667,0.5,0.999343061969,0.8406932,EXACT_CANONICAL_2023_2026,,,,not_requested_historical,,,2026-09-19T23:38:33.900788+09:00,2026-09-19T23:38:33.900788+09:00
2025-02-05|4935|volr20_low,2025-02-05,4935,リベルタ,,,volr20_low,出来高沈静リバウンド,2025-02,mature,2025-02-06,316.399993896,2025-02-13,333.200012207,0.0530974040285,1680.00183105,-0.00798089171975,,-0.0570637288186,0.981190778386,0.971061280983,0.333333333333,0.666666666667,0.5,0.999343061969,0.8406932,EXACT_CANONICAL_2023_2026,,,,not_requested_historical,,,2026-09-19T23:38:33.900788+09:00,2026-09-19T23:38:33.900788+09:00
2025-02-06|4935|body_pct_low,2025-02-06,4935,リベルタ,,,body_pct_low,陰線沈み込みリバウンド,2025-02,mature,2025-02-07,302.399993896,2025-02-14,320,0.0582010795593,1760.00061035,-0.00166054331268,,-0.242469165943,0.764976154472,-0.215246891448,1,1,1,0.999274179146,0.83852625,EXACT_CANONICAL_2023_2026,,,,not_requested_historical,,,2026-09-19T23:38:33.900788+09:00,2026-09-19T23:38:33.900788+09:00
2025-02-06|4935|dual_top1_agreement,2025-02-06,4935,リベルタ,,,dual_top1_agreement,2条件一致リバウンド,2025-02,mature,2025-02-07,302.399993896,2025-02-14,320,0.0582010795593,1760.00061035,-0.00166054331268,,-0.242469165943,0.764976154472,-0.215246891448,1,1,1,0.999274179146,0.83852625,EXACT_CANONICAL_2023_2026,,,,not_requested_historical,,,2026-09-19T23:38:33.900788+09:00,2026-09-19T23:38:33.900788+09:00
2025-02-06|4935|dual_top1_agreement_g3_no_acute_selloff,2025-02-06,4935,リベルタ,,,dual_top1_agreement_g3_no_acute_selloff,地合い安定・2条件一致,2025-02,mature,2025-02-07,302.399993896,2025-02-14,320,0.0582010795593,1760.00061035,-0.00166054331268,,-0.242469165943,0.764976154472,-0.215246891448,1,1,1,0.999274179146,0.83852625,EXACT_CANONICAL_2023_2026,,,,not_requested_historical,,,2026-09-19T23:38:33.900788+09:00,2026-09-19T23:38:33.900788+09:00
2025-02-06|4935|mean_rank_volr20_body_pct,2025-02-06,4935,リベルタ,,,mean_rank_volr20_body_pct,静かな売られ過ぎバランス,2025-02,mature,2025-02-07,302.399993896,2025-02-14,320,0.0582010795593,1760.00061035,-0.00166054331268,,-0.242469165943,0.764976154472,-0.215246891448,1,1,1,0.999274179146,0.83852625,EXACT_CANONICAL_2023_2026,,,,not_requested_historical,,,2026-09-19T23:38:33.900788+09:00,2026-09-19T23:38:33.900788+09:00
2025-02-06|4935|volr20_low,2025-02-06,4935,リベルタ,,,volr20_low,出来高沈静リバウンド,2025-02,mature,2025-02-07,302.399993896,2025-02-14,320,0.0582010795593,1760.00061035,-0.00166054331268,,-0.242469165943,0.764976154472,-0.215246891448,1,1,1,0.999274179146,0.83852625,EXACT_CANONICAL_2023_2026,,,,not_requested_historical,,,2026-09-19T23:38:33.900788+09:00,2026-09-19T23:38:33.900788+09:00
2025-02-20|8783|body_pct_low,2025-02-20,8783,ａｂｃ,,,body_pct_low,陰線沈み込みリバウンド,2025-02,mature,2025-02-21,626,2025-02-28,515,-0.17731629393,-11100,-0.0111461790893,,0.024077046549,4.81628262206,0.2578125,1,0.5,0.75,0.999535678751,0.84605634,EXACT_CANONICAL_2023_2026,,,,not_requested_historical,,,2026-09-19T23:38:33.900788+09:00,2026-09-19T23:38:33.900788+09:00
2025-02-20|8783|mean_rank_volr20_body_pct,2025-02-20,8783,ａｂｃ,,,mean_rank_volr20_body_pct,静かな売られ過ぎバランス,2025-02,mature,2025-02-21,626,2025-02-28,515,-0.17731629393,-11100,-0.0111461790893,,0.024077046549,4.81628262206,0.2578125,1,0.5,0.75,0.999535678751,0.84605634,EXACT_CANONICAL_2023_2026,,,,not_requested_historical,,,2026-09-19T23:38:33.900788+09:00,2026-09-19T23:38:33.900788+09:00
2025-02-20|5597|volr20_low,2025-02-20,5597,ブルーイノベーション,,,volr20_low,出来高沈静リバウンド,2025-02,mature,2025-02-21,905,2025-02-28,1103,0.218784530387,19800,-0.0111461790893,,0.316901408451,2.77923240971,0.97037037037,0.5,1,0.75,0.99928948644,0.83898413,EXACT_CANONICAL_2023_2026,,,,not_requested_historical,,,2026-09-19T23:38:33.900788+09:00,2026-09-19T23:38:33.900788+09:00
2025-02-21|5597|body_pct_low,2025-02-21,5597,ブルーイノベーション,,,body_pct_low,陰線沈み込みリバウンド,2025-02,mature,2025-02-25,1023,2025-03-03,1055,0.0312805474096,3200,-0.00963409192325,,0.553097345133,3.48401849432,0.758974358974,1,1,1,0.999241013343,0.8372623,EXACT_CANONICAL_2023_2026,,,,not_requested_historical,,,2026-09-19T23:38:33.900788+09:00,2026-09-19T23:38:33.900788+09:00
2025-02-21|5597|dual_top1_agreement,2025-02-21,5597,ブルーイノベーション,,,dual_top1_agreement,2条件一致リバウンド,2025-02,mature,2025-02-25,1023,2025-03-03,1055,0.0312805474096,3200,-0.00963409192325,,0.553097345133,3.48401849432,0.758974358974,1,1,1,0.999241013343,0.8372623,EXACT_CANONICAL_2023_2026,,,,not_requested_historical,,,2026-09-19T23:38:33.900788+09:00,2026-09-19T23:38:33.900788+09:00
2025-02-21|5597|dual_top1_agreement_g3_no_acute_selloff,2025-02-21,5597,ブルーイノベーション,,,dual_top1_agreement_g3_no_acute_selloff,地合い安定・2条件一致,2025-02,mature,2025-02-25,1023,2025-03-03,1055,0.0312805474096,3200,-0.00963409192325,,0.553097345133,3.48401849432,0.758974358974,1,1,1,0.999241013343,0.8372623,EXACT_CANONICAL_2023_2026,,,,not_requested_historical,,,2026-09-19T23:38:33.900788+09:00,2026-09-19T23:38:33.900788+09:00
2025-02-21|5597|mean_rank_volr20_body_pct,2025-02-21,5597,ブルーイノベーション,,,mean_rank_volr20_body_pct,静かな売られ過ぎバランス,2025-02,mature,2025-02-25,1023,2025-03-03,1055,0.0312805474096,3200,-0.00963409192325,,0.553097345133,3.48401849432,0.758974358974,1,1,1,0.999241013343,0.8372623,EXACT_CANONICAL_2023_2026,,,,not_requested_historical,,,2026-09-19T23:38:33.900788+09:00,2026-09-19T23:38:33.900788+09:00
2025-02-21|5597|volr20_low,2025-02-21,5597,ブルーイノベーション,,,volr20_low,出来高沈静リバウンド,2025-02,mature,2025-02-25,1023,2025-03-03,1055,0.0312805474096,3200,-0.00963409192325,,0.553097345133,3.48401849432,0.758974358974,1,1,1,0.999241013343,0.8372623,EXACT_CANONICAL_2023_2026,,,,not_requested_historical,,,2026-09-19T23:38:33.900788+09:00,2026-09-19T23:38:33.900788+09:00
2025-02-27|5597|body_pct_low,2025-02-27,5597,ブルーイノベーション,,,body_pct_low,陰線沈み込みリバウンド,2025-02,mature,2025-02-28,1080,2025-03-06,964,-0.107407407407,-11600,-0.00795813760099,,0.373820754717,2.13458023611,0.627192982456,1,1,1,0.999650483455,0.8493127,EXACT_CANONICAL_2023_2026,,,,not_requested_historical,,,2026-09-19T23:38:33.900788+09:00,2026-09-19T23:38:33.900788+09:00
2025-02-27|5597|dual_top1_agreement,2025-02-27,5597,ブルーイノベーション,,,dual_top1_agreement,2条件一致リバウンド,2025-02,mature,2025-02-28,1080,2025-03-06,964,-0.107407407407,-11600,-0.00795813760099,,0.373820754717,2.13458023611,0.627192982456,1,1,1,0.999650483455,0.8493127,EXACT_CANONICAL_2023_2026,,,,not_requested_historical,,,2026-09-19T23:38:33.900788+09:00,2026-09-19T23:38:33.900788+09:00
2025-02-27|5597|dual_top1_agreement_g3_no_acute_selloff,2025-02-27,5597,ブルーイノベーション,,,dual_top1_agreement_g3_no_acute_selloff,地合い安定・2条件一致,2025-02,mature,2025-02-28,1080,2025-03-06,964,-0.107407407407,-11600,-0.00795813760099,,0.373820754717,2.13458023611,0.627192982456,1,1,1,0.999650483455,0.8493127,EXACT_CANONICAL_2023_2026,,,,not_requested_historical,,,2026-09-19T23:38:33.900788+09:00,2026-09-19T23:38:33.900788+09:00
2025-02-27|5597|mean_rank_volr20_body_pct,2025-02-27,5597,ブルーイノベーション,,,mean_rank_volr20_body_pct,静かな売られ過ぎバランス,2025-02,mature,2025-02-28,1080,2025-03-06,964,-0.107407407407,-11600,-0.00795813760099,,0.373820754717,2.13458023611,0.627192982456,1,1,1,0.999650483455,0.8493127,EXACT_CANONICAL_2023_2026,,,,not_requested_historical,,,2026-09-19T23:38:33.900788+09:00,2026-09-19T23:38:33.900788+09:00
2025-02-27|5597|volr20_low,2025-02-27,5597,ブルーイノベーション,,,volr20_low,出来高沈静リバウンド,2025-02,mature,2025-02-28,1080,2025-03-06,964,-0.107407407407,-11600,-0.00795813760099,,0.373820754717,2.13458023611,0.627192982456,1,1,1,0.999650483455,0.8493127,EXACT_CANONICAL_2023_2026,,,,not_requested_historical,,,2026-09-19T23:38:33.900788+09:00,2026-09-19T23:38:33.900788+09:00
2025-03-04|3823|body_pct_low,2025-03-04,3823,ＴＨＥ　ＷＨＹ　ＨＯＷ　ＤＯ　ＣＯＭＰＡＮＹ,,,body_pct_low,陰線沈み込みリバウンド,2025-03,mature,2025-03-05,114,2025-03-11,140,0.228070175439,2600,-0.000464908185496,,0.452054794521,2.09751521197,0.555555555556,1,1,1,0.999839298394,0.8540689,EXACT_CANONICAL_2023_2026,,,,not_requested_historical,,,2026-09-19T23:38:33.900788+09:00,2026-09-19T23:38:33.900788+09:00
2025-03-04|3823|dual_top1_agreement,2025-03-04,3823,ＴＨＥ　ＷＨＹ　ＨＯＷ　ＤＯ　ＣＯＭＰＡＮＹ,,,dual_top1_agreement,2条件一致リバウンド,2025-03,mature,2025-03-05,114,2025-03-11,140,0.228070175439,2600,-0.000464908185496,,0.452054794521,2.09751521197,0.555555555556,1,1,1,0.999839298394,0.8540689,EXACT_CANONICAL_2023_2026,,,,not_requested_historical,,,2026-09-19T23:38:33.900788+09:00,2026-09-19T23:38:33.900788+09:00
2025-03-04|3823|dual_top1_agreement_g3_no_acute_selloff,2025-03-04,3823,ＴＨＥ　ＷＨＹ　ＨＯＷ　ＤＯ　ＣＯＭＰＡＮＹ,,,dual_top1_agreement_g3_no_acute_selloff,地合い安定・2条件一致,2025-03,mature,2025-03-05,114,2025-03-11,140,0.228070175439,2600,-0.000464908185496,,0.452054794521,2.09751521197,0.555555555556,1,1,1,0.999839298394,0.8540689,EXACT_CANONICAL_2023_2026,,,,not_requested_historical,,,2026-09-19T23:38:33.900788+09:00,2026-09-19T23:38:33.900788+09:00
2025-03-04|3823|mean_rank_volr20_body_pct,2025-03-04,3823,ＴＨＥ　ＷＨＹ　ＨＯＷ　ＤＯ　ＣＯＭＰＡＮＹ,,,mean_rank_volr20_body_pct,静かな売られ過ぎバランス,2025-03,mature,2025-03-05,114,2025-03-11,140,0.228070175439,2600,-0.000464908185496,,0.452054794521,2.09751521197,0.555555555556,1,1,1,0.999839298394,0.8540689,EXACT_CANONICAL_2023_2026,,,,not_requested_historical,,,2026-09-19T23:38:33.900788+09:00,2026-09-19T23:38:33.900788+09:00
2025-03-04|3823|volr20_low,2025-03-04,3823,ＴＨＥ　ＷＨＹ　ＨＯＷ　ＤＯ　ＣＯＭＰＡＮＹ,,,volr20_low,出来高沈静リバウンド,2025-03,mature,2025-03-05,114,2025-03-11,140,0.228070175439,2600,-0.000464908185496,,0.452054794521,2.09751521197,0.555555555556,1,1,1,0.999839298394,0.8540689,EXACT_CANONICAL_2023_2026,,,,not_requested_historical,,,2026-09-19T23:38:33.900788+09:00,2026-09-19T23:38:33.900788+09:00
2025-03-13|5535|body_pct_low,2025-03-13,5535,ミガロホールディングス,,,body_pct_low,陰線沈み込みリバウンド,2025-03,mature,2025-03-14,1062,2025-03-21,1390,0.308851224105,32800,-0.00339126748622,,-0.00700934579439,1.88716432619,0.258389261745,1,1,1,0.99956523364,0.84472513,EXACT_CANONICAL_2023_2026,,,,not_requested_historical,,,2026-09-19T23:38:33.900788+09:00,2026-09-19T23:38:33.900788+09:00
2025-03-13|5535|dual_top1_agreement,2025-03-13,5535,ミガロホールディングス,,,dual_top1_agreement,2条件一致リバウンド,2025-03,mature,2025-03-14,1062,2025-03-21,1390,0.308851224105,32800,-0.00339126748622,,-0.00700934579439,1.88716432619,0.258389261745,1,1,1,0.99956523364,0.84472513,EXACT_CANONICAL_2023_2026,,,,not_requested_historical,,,2026-09-19T23:38:33.900788+09:00,2026-09-19T23:38:33.900788+09:00
2025-03-13|5535|dual_top1_agreement_g3_no_acute_selloff,2025-03-13,5535,ミガロホールディングス,,,dual_top1_agreement_g3_no_acute_selloff,地合い安定・2条件一致,2025-03,mature,2025-03-14,1062,2025-03-21,1390,0.308851224105,32800,-0.00339126748622,,-0.00700934579439,1.88716432619,0.258389261745,1,1,1,0.99956523364,0.84472513,EXACT_CANONICAL_2023_2026,,,,not_requested_historical,,,2026-09-19T23:38:33.900788+09:00,2026-09-19T23:38:33.900788+09:00
2025-03-13|5535|mean_rank_volr20_body_pct,2025-03-13,5535,ミガロホールディングス,,,mean_rank_volr20_body_pct,静かな売られ過ぎバランス,2025-03,mature,2025-03-14,1062,2025-03-21,1390,0.308851224105,32800,-0.00339126748622,,-0.00700934579439,1.88716432619,0.258389261745,1,1,1,0.99956523364,0.84472513,EXACT_CANONICAL_2023_2026,,,,not_requested_historical,,,2026-09-19T23:38:33.900788+09:00,2026-09-19T23:38:33.900788+09:00
2025-03-13|5535|volr20_low,2025-03-13,5535,ミガロホールディングス,,,volr20_low,出来高沈静リバウンド,2025-03,mature,2025-03-14,1062,2025-03-21,1390,0.308851224105,32800,-0.00339126748622,,-0.00700934579439,1.88716432619,0.258389261745,1,1,1,0.99956523364,0.84472513,EXACT_CANONICAL_2023_2026,,,,not_requested_historical,,,2026-09-19T23:38:33.900788+09:00,2026-09-19T23:38:33.900788+09:00
2025-03-28|6786|body_pct_low,2025-03-28,6786,ＲＶＨ,,,body_pct_low,陰線沈み込みリバウンド,2025-03,mature,2025-03-31,71,2025-04-04,51,-0.281690140845,-2000,-0.0108695652174,,0.233333333333,2.32537705932,0.571428571429,1,1,1,0.999040773361,0.8319327,EXACT_CANONICAL_2023_2026,,,,not_requested_historical,,,2026-09-19T23:38:33.900788+09:00,2026-09-19T23:38:33.900788+09:00
2025-03-28|6786|dual_top1_agreement,2025-03-28,6786,ＲＶＨ,,,dual_top1_agreement,2条件一致リバウンド,2025-03,mature,2025-03-31,71,2025-04-04,51,-0.281690140845,-2000,-0.0108695652174,,0.233333333333,2.32537705932,0.571428571429,1,1,1,0.999040773361,0.8319327,EXACT_CANONICAL_2023_2026,,,,not_requested_historical,,,2026-09-19T23:38:33.900788+09:00,2026-09-19T23:38:33.900788+09:00
2025-03-28|6786|mean_rank_volr20_body_pct,2025-03-28,6786,ＲＶＨ,,,mean_rank_volr20_body_pct,静かな売られ過ぎバランス,2025-03,mature,2025-03-31,71,2025-04-04,51,-0.281690140845,-2000,-0.0108695652174,,0.233333333333,2.32537705932,0.571428571429,1,1,1,0.999040773361,0.8319327,EXACT_CANONICAL_2023_2026,,,,not_requested_historical,,,2026-09-19T23:38:33.900788+09:00,2026-09-19T23:38:33.900788+09:00
2025-03-28|6786|volr20_low,2025-03-28,6786,ＲＶＨ,,,volr20_low,出来高沈静リバウンド,2025-03,mature,2025-03-31,71,2025-04-04,51,-0.281690140845,-2000,-0.0108695652174,,0.233333333333,2.32537705932,0.571428571429,1,1,1,0.999040773361,0.8319327,EXACT_CANONICAL_2023_2026,,,,not_requested_historical,,,2026-09-19T23:38:33.900788+09:00,2026-09-19T23:38:33.900788+09:00
2025-04-10|3823|body_pct_low,2025-04-10,3823,ＴＨＥ　ＷＨＹ　ＨＯＷ　ＤＯ　ＣＯＭＰＡＮＹ,,,body_pct_low,陰線沈み込みリバウンド,2025-04,mature,2025-04-11,93,2025-04-17,122,0.311827956989,2900,-0.0280592532112,,-0.103773584906,0.538866953838,-0.909090909091,0.5,0.5,0.5,0.99928432129,0.837809,EXACT_CANONICAL_2023_2026,,,,not_requested_historical,,,2026-09-19T23:38:33.900788+09:00,2026-09-19T23:38:33.900788+09:00
2025-04-10|3823|dual_top1_agreement,2025-04-10,3823,ＴＨＥ　ＷＨＹ　ＨＯＷ　ＤＯ　ＣＯＭＰＡＮＹ,,,dual_top1_agreement,2条件一致リバウンド,2025-04,mature,2025-04-11,93,2025-04-17,122,0.311827956989,2900,-0.0280592532112,,-0.103773584906,0.538866953838,-0.909090909091,0.5,0.5,0.5,0.99928432129,0.837809,EXACT_CANONICAL_2023_2026,,,,not_requested_historical,,,2026-09-19T23:38:33.900788+09:00,2026-09-19T23:38:33.900788+09:00
2025-04-10|3823|dual_top1_agreement_g3_no_acute_selloff,2025-04-10,3823,ＴＨＥ　ＷＨＹ　ＨＯＷ　ＤＯ　ＣＯＭＰＡＮＹ,,,dual_top1_agreement_g3_no_acute_selloff,地合い安定・2条件一致,2025-04,mature,2025-04-11,93,2025-04-17,122,0.311827956989,2900,-0.0280592532112,,-0.103773584906,0.538866953838,-0.909090909091,0.5,0.5,0.5,0.99928432129,0.837809,EXACT_CANONICAL_2023_2026,,,,not_requested_historical,,,2026-09-19T23:38:33.900788+09:00,2026-09-19T23:38:33.900788+09:00
2025-04-10|3823|mean_rank_volr20_body_pct,2025-04-10,3823,ＴＨＥ　ＷＨＹ　ＨＯＷ　ＤＯ　ＣＯＭＰＡＮＹ,,,mean_rank_volr20_body_pct,静かな売られ過ぎバランス,2025-04,mature,2025-04-11,93,2025-04-17,122,0.311827956989,2900,-0.0280592532112,,-0.103773584906,0.538866953838,-0.909090909091,0.5,0.5,0.5,0.99928432129,0.837809,EXACT_CANONICAL_2023_2026,,,,not_requested_historical,,,2026-09-19T23:38:33.900788+09:00,2026-09-19T23:38:33.900788+09:00
2025-04-10|3823|volr20_low,2025-04-10,3823,ＴＨＥ　ＷＨＹ　ＨＯＷ　ＤＯ　ＣＯＭＰＡＮＹ,,,volr20_low,出来高沈静リバウンド,2025-04,mature,2025-04-11,93,2025-04-17,122,0.311827956989,2900,-0.0280592532112,,-0.103773584906,0.538866953838,-0.909090909091,0.5,0.5,0.5,0.99928432129,0.837809,EXACT_CANONICAL_2023_2026,,,,not_requested_historical,,,2026-09-19T23:38:33.900788+09:00,2026-09-19T23:38:33.900788+09:00
2025-05-16|2673|body_pct_low,2025-05-16,2673,夢みつけ隊,,,body_pct_low,陰線沈み込みリバウンド,2025-05,mature,2025-05-19,154,2025-05-23,131,-0.149350649351,-2300,0,,0.529411764706,0.735257214555,-0.642857142857,0.333333333333,0.333333333333,0.333333333333,0.999349799571,0.8421625,EXACT_CANONICAL_2023_2026,,,,not_requested_historical,,,2026-09-19T23:38:33.900788+09:00,2026-09-19T23:38:33.900788+09:00
2025-05-16|2673|dual_top1_agreement,2025-05-16,2673,夢みつけ隊,,,dual_top1_agreement,2条件一致リバウンド,2025-05,mature,2025-05-19,154,2025-05-23,131,-0.149350649351,-2300,0,,0.529411764706,0.735257214555,-0.642857142857,0.333333333333,0.333333333333,0.333333333333,0.999349799571,0.8421625,EXACT_CANONICAL_2023_2026,,,,not_requested_historical,,,2026-09-19T23:38:33.900788+09:00,2026-09-19T23:38:33.900788+09:00
2025-05-16|2673|dual_top1_agreement_g3_no_acute_selloff,2025-05-16,2673,夢みつけ隊,,,dual_top1_agreement_g3_no_acute_selloff,地合い安定・2条件一致,2025-05,mature,2025-05-19,154,2025-05-23,131,-0.149350649351,-2300,0,,0.529411764706,0.735257214555,-0.642857142857,0.333333333333,0.333333333333,0.333333333333,0.999349799571,0.8421625,EXACT_CANONICAL_2023_2026,,,,not_requested_historical,,,2026-09-19T23:38:33.900788+09:00,2026-09-19T23:38:33.900788+09:00
2025-05-16|2673|mean_rank_volr20_body_pct,2025-05-16,2673,夢みつけ隊,,,mean_rank_volr20_body_pct,静かな売られ過ぎバランス,2025-05,mature,2025-05-19,154,2025-05-23,131,-0.149350649351,-2300,0,,0.529411764706,0.735257214555,-0.642857142857,0.333333333333,0.333333333333,0.333333333333,0.999349799571,0.8421625,EXACT_CANONICAL_2023_2026,,,,not_requested_historical,,,2026-09-19T23:38:33.900788+09:00,2026-09-19T23:38:33.900788+09:00
2025-05-16|2673|volr20_low,2025-05-16,2673,夢みつけ隊,,,volr20_low,出来高沈静リバウンド,2025-05,mature,2025-05-19,154,2025-05-23,131,-0.149350649351,-2300,0,,0.529411764706,0.735257214555,-0.642857142857,0.333333333333,0.333333333333,0.333333333333,0.999349799571,0.8421625,EXACT_CANONICAL_2023_2026,,,,not_requested_historical,,,2026-09-19T23:38:33.900788+09:00,2026-09-19T23:38:33.900788+09:00
2025-05-19|9610|body_pct_low,2025-05-19,9610,ウィルソン・ラーニング　ワールドワイド,,,body_pct_low,陰線沈み込みリバウンド,2025-05,mature,2025-05-20,154,2025-05-26,129,-0.162337662338,-2500,-0.00293255131965,,0.440366972477,1.42225265834,-0.258064516129,1,1,1,0.999985839555,0.87112796,EXACT_CANONICAL_2023_2026,,,,not_requested_historical,,,2026-09-19T23:38:33.900788+09:00,2026-09-19T23:38:33.900788+09:00
2025-05-19|9610|dual_top1_agreement,2025-05-19,9610,ウィルソン・ラーニング　ワールドワイド,,,dual_top1_agreement,2条件一致リバウンド,2025-05,mature,2025-05-20,154,2025-05-26,129,-0.162337662338,-2500,-0.00293255131965,,0.440366972477,1.42225265834,-0.258064516129,1,1,1,0.999985839555,0.87112796,EXACT_CANONICAL_2023_2026,,,,not_requested_historical,,,2026-09-19T23:38:33.900788+09:00,2026-09-19T23:38:33.900788+09:00
2025-05-19|9610|dual_top1_agreement_g3_no_acute_selloff,2025-05-19,9610,ウィルソン・ラーニング　ワールドワイド,,,dual_top1_agreement_g3_no_acute_selloff,地合い安定・2条件一致,2025-05,mature,2025-05-20,154,2025-05-26,129,-0.162337662338,-2500,-0.00293255131965,,0.440366972477,1.42225265834,-0.258064516129,1,1,1,0.999985839555,0.87112796,EXACT_CANONICAL_2023_2026,,,,not_requested_historical,,,2026-09-19T23:38:33.900788+09:00,2026-09-19T23:38:33.900788+09:00
2025-05-19|9610|mean_rank_volr20_body_pct,2025-05-19,9610,ウィルソン・ラーニング　ワールドワイド,,,mean_rank_volr20_body_pct,静かな売られ過ぎバランス,2025-05,mature,2025-05-20,154,2025-05-26,129,-0.162337662338,-2500,-0.00293255131965,,0.440366972477,1.42225265834,-0.258064516129,1,1,1,0.999985839555,0.87112796,EXACT_CANONICAL_2023_2026,,,,not_requested_historical,,,2026-09-19T23:38:33.900788+09:00,2026-09-19T23:38:33.900788+09:00
2025-05-19|9610|volr20_low,2025-05-19,9610,ウィルソン・ラーニング　ワールドワイド,,,volr20_low,出来高沈静リバウンド,2025-05,mature,2025-05-20,154,2025-05-26,129,-0.162337662338,-2500,-0.00293255131965,,0.440366972477,1.42225265834,-0.258064516129,1,1,1,0.999985839555,0.87112796,EXACT_CANONICAL_2023_2026,,,,not_requested_historical,,,2026-09-19T23:38:33.900788+09:00,2026-09-19T23:38:33.900788+09:00
2025-05-21|6786|body_pct_low,2025-05-21,6786,ＲＶＨ,,,body_pct_low,陰線沈み込みリバウンド,2025-05,mature,2025-05-22,78,2025-05-28,71,-0.0897435897436,-700,-0.00436490615452,,0.269841269841,4.81210444158,-0.926829268293,0.5,0.5,0.5,0.999215275344,0.8377734,EXACT_CANONICAL_2023_2026,,,,not_requested_historical,,,2026-09-19T23:38:33.900788+09:00,2026-09-19T23:38:33.900788+09:00
2025-05-21|6786|dual_top1_agreement,2025-05-21,6786,ＲＶＨ,,,dual_top1_agreement,2条件一致リバウンド,2025-05,mature,2025-05-22,78,2025-05-28,71,-0.0897435897436,-700,-0.00436490615452,,0.269841269841,4.81210444158,-0.926829268293,0.5,0.5,0.5,0.999215275344,0.8377734,EXACT_CANONICAL_2023_2026,,,,not_requested_historical,,,2026-09-19T23:38:33.900788+09:00,2026-09-19T23:38:33.900788+09:00
2025-05-21|6786|dual_top1_agreement_g3_no_acute_selloff,2025-05-21,6786,ＲＶＨ,,,dual_top1_agreement_g3_no_acute_selloff,地合い安定・2条件一致,2025-05,mature,2025-05-22,78,2025-05-28,71,-0.0897435897436,-700,-0.00436490615452,,0.269841269841,4.81210444158,-0.926829268293,0.5,0.5,0.5,0.999215275344,0.8377734,EXACT_CANONICAL_2023_2026,,,,not_requested_historical,,,2026-09-19T23:38:33.900788+09:00,2026-09-19T23:38:33.900788+09:00
2025-05-21|6786|mean_rank_volr20_body_pct,2025-05-21,6786,ＲＶＨ,,,mean_rank_volr20_body_pct,静かな売られ過ぎバランス,2025-05,mature,2025-05-22,78,2025-05-28,71,-0.0897435897436,-700,-0.00436490615452,,0.269841269841,4.81210444158,-0.926829268293,0.5,0.5,0.5,0.999215275344,0.8377734,EXACT_CANONICAL_2023_2026,,,,not_requested_historical,,,2026-09-19T23:38:33.900788+09:00,2026-09-19T23:38:33.900788+09:00
2025-05-21|6786|volr20_low,2025-05-21,6786,ＲＶＨ,,,volr20_low,出来高沈静リバウンド,2025-05,mature,2025-05-22,78,2025-05-28,71,-0.0897435897436,-700,-0.00436490615452,,0.269841269841,4.81210444158,-0.926829268293,0.5,0.5,0.5,0.999215275344,0.8377734,EXACT_CANONICAL_2023_2026,,,,not_requested_historical,,,2026-09-19T23:38:33.900788+09:00,2026-09-19T23:38:33.900788+09:00
2025-05-22|2334|body_pct_low,2025-05-22,2334,イオレ,,,body_pct_low,陰線沈み込みリバウンド,2025-05,mature,2025-05-23,102.099998474,2025-05-29,117.5,0.150832534339,1540.00015259,-0.00323624595469,,0.556616558304,11.5648516795,0.219696783604,1,1,1,0.999955158591,0.8672619,EXACT_CANONICAL_2023_2026,,,,not_requested_historical,,,2026-09-19T23:38:33.900788+09:00,2026-09-19T23:38:33.900788+09:00
2025-05-22|2334|dual_top1_agreement,2025-05-22,2334,イオレ,,,dual_top1_agreement,2条件一致リバウンド,2025-05,mature,2025-05-23,102.099998474,2025-05-29,117.5,0.150832534339,1540.00015259,-0.00323624595469,,0.556616558304,11.5648516795,0.219696783604,1,1,1,0.999955158591,0.8672619,EXACT_CANONICAL_2023_2026,,,,not_requested_historical,,,2026-09-19T23:38:33.900788+09:00,2026-09-19T23:38:33.900788+09:00
2025-05-22|2334|dual_top1_agreement_g3_no_acute_selloff,2025-05-22,2334,イオレ,,,dual_top1_agreement_g3_no_acute_selloff,地合い安定・2条件一致,2025-05,mature,2025-05-23,102.099998474,2025-05-29,117.5,0.150832534339,1540.00015259,-0.00323624595469,,0.556616558304,11.5648516795,0.219696783604,1,1,1,0.999955158591,0.8672619,EXACT_CANONICAL_2023_2026,,,,not_requested_historical,,,2026-09-19T23:38:33.900788+09:00,2026-09-19T23:38:33.900788+09:00
2025-05-22|2334|mean_rank_volr20_body_pct,2025-05-22,2334,イオレ,,,mean_rank_volr20_body_pct,静かな売られ過ぎバランス,2025-05,mature,2025-05-23,102.099998474,2025-05-29,117.5,0.150832534339,1540.00015259,-0.00323624595469,,0.556616558304,11.5648516795,0.219696783604,1,1,1,0.999955158591,0.8672619,EXACT_CANONICAL_2023_2026,,,,not_requested_historical,,,2026-09-19T23:38:33.900788+09:00,2026-09-19T23:38:33.900788+09:00
2025-05-22|2334|volr20_low,2025-05-22,2334,イオレ,,,volr20_low,出来高沈静リバウンド,2025-05,mature,2025-05-23,102.099998474,2025-05-29,117.5,0.150832534339,1540.00015259,-0.00323624595469,,0.556616558304,11.5648516795,0.219696783604,1,1,1,0.999955158591,0.8672619,EXACT_CANONICAL_2023_2026,,,,not_requested_historical,,,2026-09-19T23:38:33.900788+09:00,2026-09-19T23:38:33.900788+09:00
2025-05-23|2334|body_pct_low,2025-05-23,2334,イオレ,,,body_pct_low,陰線沈み込みリバウンド,2025-05,mature,2025-05-26,94.3000030518,2025-05-30,107.599998474,0.141039183372,1329.99954224,-0.00235849056604,,0.268055597941,2.32334594539,-0.559585387769,1,1,1,0.999195214714,0.8371108,EXACT_CANONICAL_2023_2026,,,,not_requested_historical,,,2026-09-19T23:38:33.900788+09:00,2026-09-19T23:38:33.900788+09:00
2025-05-23|2334|dual_top1_agreement,2025-05-23,2334,イオレ,,,dual_top1_agreement,2条件一致リバウンド,2025-05,mature,2025-05-26,94.3000030518,2025-05-30,107.599998474,0.141039183372,1329.99954224,-0.00235849056604,,0.268055597941,2.32334594539,-0.559585387769,1,1,1,0.999195214714,0.8371108,EXACT_CANONICAL_2023_2026,,,,not_requested_historical,,,2026-09-19T23:38:33.900788+09:00,2026-09-19T23:38:33.900788+09:00
2025-05-23|2334|dual_top1_agreement_g3_no_acute_selloff,2025-05-23,2334,イオレ,,,dual_top1_agreement_g3_no_acute_selloff,地合い安定・2条件一致,2025-05,mature,2025-05-26,94.3000030518,2025-05-30,107.599998474,0.141039183372,1329.99954224,-0.00235849056604,,0.268055597941,2.32334594539,-0.559585387769,1,1,1,0.999195214714,0.8371108,EXACT_CANONICAL_2023_2026,,,,not_requested_historical,,,2026-09-19T23:38:33.900788+09:00,2026-09-19T23:38:33.900788+09:00
2025-05-23|2334|mean_rank_volr20_body_pct,2025-05-23,2334,イオレ,,,mean_rank_volr20_body_pct,静かな売られ過ぎバランス,2025-05,mature,2025-05-26,94.3000030518,2025-05-30,107.599998474,0.141039183372,1329.99954224,-0.00235849056604,,0.268055597941,2.32334594539,-0.559585387769,1,1,1,0.999195214714,0.8371108,EXACT_CANONICAL_2023_2026,,,,not_requested_historical,,,2026-09-19T23:38:33.900788+09:00,2026-09-19T23:38:33.900788+09:00
2025-05-23|2334|volr20_low,2025-05-23,2334,イオレ,,,volr20_low,出来高沈静リバウンド,2025-05,mature,2025-05-26,94.3000030518,2025-05-30,107.599998474,0.141039183372,1329.99954224,-0.00235849056604,,0.268055597941,2.32334594539,-0.559585387769,1,1,1,0.999195214714,0.8371108,EXACT_CANONICAL_2023_2026,,,,not_requested_historical,,,2026-09-19T23:38:33.900788+09:00,2026-09-19T23:38:33.900788+09:00
2025-05-26|9610|body_pct_low,2025-05-26,9610,ウィルソン・ラーニング　ワールドワイド,,,body_pct_low,陰線沈み込みリバウンド,2025-05,mature,2025-05-27,127,2025-06-02,147,0.157480314961,2000,0,,0.357894736842,0.880408230649,0.0740740740741,0.333333333333,0.333333333333,0.333333333333,0.999692010323,0.8543162,EXACT_CANONICAL_2023_2026,,,,not_requested_historical,,,2026-09-19T23:38:33.900788+09:00,2026-09-19T23:38:33.900788+09:00
2025-05-26|9610|dual_top1_agreement,2025-05-26,9610,ウィルソン・ラーニング　ワールドワイド,,,dual_top1_agreement,2条件一致リバウンド,2025-05,mature,2025-05-27,127,2025-06-02,147,0.157480314961,2000,0,,0.357894736842,0.880408230649,0.0740740740741,0.333333333333,0.333333333333,0.333333333333,0.999692010323,0.8543162,EXACT_CANONICAL_2023_2026,,,,not_requested_historical,,,2026-09-19T23:38:33.900788+09:00,2026-09-19T23:38:33.900788+09:00
2025-05-26|9610|dual_top1_agreement_g3_no_acute_selloff,2025-05-26,9610,ウィルソン・ラーニング　ワールドワイド,,,dual_top1_agreement_g3_no_acute_selloff,地合い安定・2条件一致,2025-05,mature,2025-05-27,127,2025-06-02,147,0.157480314961,2000,0,,0.357894736842,0.880408230649,0.0740740740741,0.333333333333,0.333333333333,0.333333333333,0.999692010323,0.8543162,EXACT_CANONICAL_2023_2026,,,,not_requested_historical,,,2026-09-19T23:38:33.900788+09:00,2026-09-19T23:38:33.900788+09:00
2025-05-26|9610|mean_rank_volr20_body_pct,2025-05-26,9610,ウィルソン・ラーニング　ワールドワイド,,,mean_rank_volr20_body_pct,静かな売られ過ぎバランス,2025-05,mature,2025-05-27,127,2025-06-02,147,0.157480314961,2000,0,,0.357894736842,0.880408230649,0.0740740740741,0.333333333333,0.333333333333,0.333333333333,0.999692010323,0.8543162,EXACT_CANONICAL_2023_2026,,,,not_requested_historical,,,2026-09-19T23:38:33.900788+09:00,2026-09-19T23:38:33.900788+09:00
2025-05-26|9610|volr20_low,2025-05-26,9610,ウィルソン・ラーニング　ワールドワイド,,,volr20_low,出来高沈静リバウンド,2025-05,mature,2025-05-27,127,2025-06-02,147,0.157480314961,2000,0,,0.357894736842,0.880408230649,0.0740740740741,0.333333333333,0.333333333333,0.333333333333,0.999692010323,0.8543162,EXACT_CANONICAL_2023_2026,,,,not_requested_historical,,,2026-09-19T23:38:33.900788+09:00,2026-09-19T23:38:33.900788+09:00
2025-06-13|3070|body_pct_low,2025-06-13,3070,ジェリービーンズグループ,,,body_pct_low,陰線沈み込みリバウンド,2025-06,mature,2025-06-16,192,2025-06-20,245,0.276041666667,5300,-0.00184569952012,,0.481203007519,10.3084423179,-0.105769230769,1,1,1,0.999800819748,0.85561967,EXACT_CANONICAL_2023_2026,,,,not_requested_historical,,,2026-09-19T23:38:33.900788+09:00,2026-09-19T23:38:33.900788+09:00
2025-06-13|3070|dual_top1_agreement,2025-06-13,3070,ジェリービーンズグループ,,,dual_top1_agreement,2条件一致リバウンド,2025-06,mature,2025-06-16,192,2025-06-20,245,0.276041666667,5300,-0.00184569952012,,0.481203007519,10.3084423179,-0.105769230769,1,1,1,0.999800819748,0.85561967,EXACT_CANONICAL_2023_2026,,,,not_requested_historical,,,2026-09-19T23:38:33.900788+09:00,2026-09-19T23:38:33.900788+09:00
2025-06-13|3070|dual_top1_agreement_g3_no_acute_selloff,2025-06-13,3070,ジェリービーンズグループ,,,dual_top1_agreement_g3_no_acute_selloff,地合い安定・2条件一致,2025-06,mature,2025-06-16,192,2025-06-20,245,0.276041666667,5300,-0.00184569952012,,0.481203007519,10.3084423179,-0.105769230769,1,1,1,0.999800819748,0.85561967,EXACT_CANONICAL_2023_2026,,,,not_requested_historical,,,2026-09-19T23:38:33.900788+09:00,2026-09-19T23:38:33.900788+09:00
2025-06-13|3070|mean_rank_volr20_body_pct,2025-06-13,3070,ジェリービーンズグループ,,,mean_rank_volr20_body_pct,静かな売られ過ぎバランス,2025-06,mature,2025-06-16,192,2025-06-20,245,0.276041666667,5300,-0.00184569952012,,0.481203007519,10.3084423179,-0.105769230769,1,1,1,0.999800819748,0.85561967,EXACT_CANONICAL_2023_2026,,,,not_requested_historical,,,2026-09-19T23:38:33.900788+09:00,2026-09-19T23:38:33.900788+09:00
2025-06-13|3070|volr20_low,2025-06-13,3070,ジェリービーンズグループ,,,volr20_low,出来高沈静リバウンド,2025-06,mature,2025-06-16,192,2025-06-20,245,0.276041666667,5300,-0.00184569952012,,0.481203007519,10.3084423179,-0.105769230769,1,1,1,0.999800819748,0.85561967,EXACT_CANONICAL_2023_2026,,,,not_requested_historical,,,2026-09-19T23:38:33.900788+09:00,2026-09-19T23:38:33.900788+09:00
2025-06-19|6993|body_pct_low,2025-06-19,6993,大黒屋ホールディングス,,,body_pct_low,陰線沈み込みリバウンド,2025-06,mature,2025-06-20,35,2025-06-26,64,0.828571428571,2900,0,,0.545454545455,1.96485447039,0.357142857143,0.5,0.5,0.5,0.999256240214,0.83766437,EXACT_CANONICAL_2023_2026,,,,not_requested_historical,,,2026-09-19T23:38:33.900788+09:00,2026-09-19T23:38:33.900788+09:00
2025-06-19|6993|dual_top1_agreement,2025-06-19,6993,大黒屋ホールディングス,,,dual_top1_agreement,2条件一致リバウンド,2025-06,mature,2025-06-20,35,2025-06-26,64,0.828571428571,2900,0,,0.545454545455,1.96485447039,0.357142857143,0.5,0.5,0.5,0.999256240214,0.83766437,EXACT_CANONICAL_2023_2026,,,,not_requested_historical,,,2026-09-19T23:38:33.900788+09:00,2026-09-19T23:38:33.900788+09:00
2025-06-19|6993|dual_top1_agreement_g3_no_acute_selloff,2025-06-19,6993,大黒屋ホールディングス,,,dual_top1_agreement_g3_no_acute_selloff,地合い安定・2条件一致,2025-06,mature,2025-06-20,35,2025-06-26,64,0.828571428571,2900,0,,0.545454545455,1.96485447039,0.357142857143,0.5,0.5,0.5,0.999256240214,0.83766437,EXACT_CANONICAL_2023_2026,,,,not_requested_historical,,,2026-09-19T23:38:33.900788+09:00,2026-09-19T23:38:33.900788+09:00
2025-06-19|6993|mean_rank_volr20_body_pct,2025-06-19,6993,大黒屋ホールディングス,,,mean_rank_volr20_body_pct,静かな売られ過ぎバランス,2025-06,mature,2025-06-20,35,2025-06-26,64,0.828571428571,2900,0,,0.545454545455,1.96485447039,0.357142857143,0.5,0.5,0.5,0.999256240214,0.83766437,EXACT_CANONICAL_2023_2026,,,,not_requested_historical,,,2026-09-19T23:38:33.900788+09:00,2026-09-19T23:38:33.900788+09:00
2025-06-19|6993|volr20_low,2025-06-19,6993,大黒屋ホールディングス,,,volr20_low,出来高沈静リバウンド,2025-06,mature,2025-06-20,35,2025-06-26,64,0.828571428571,2900,0,,0.545454545455,1.96485447039,0.357142857143,0.5,0.5,0.5,0.999256240214,0.83766437,EXACT_CANONICAL_2023_2026,,,,not_requested_historical,,,2026-09-19T23:38:33.900788+09:00,2026-09-19T23:38:33.900788+09:00
2025-06-24|6574|body_pct_low,2025-06-24,6574,コンヴァノ,,,body_pct_low,陰線沈み込みリバウンド,2025-06,mature,2025-06-25,89.6999969482,2025-07-01,79.0999984741,-0.118171670399,-1059.99984741,0,,0.423493088381,2.65498429492,0.00621108593779,1,0.5,0.75,0.999723680575,0.8524431,EXACT_CANONICAL_2023_2026,,,,not_requested_historical,,,2026-09-19T23:38:33.900788+09:00,2026-09-19T23:38:33.900788+09:00
2025-06-24|6574|mean_rank_volr20_body_pct,2025-06-24,6574,コンヴァノ,,,mean_rank_volr20_body_pct,静かな売られ過ぎバランス,2025-06,mature,2025-06-25,89.6999969482,2025-07-01,79.0999984741,-0.118171670399,-1059.99984741,0,,0.423493088381,2.65498429492,0.00621108593779,1,0.5,0.75,0.999723680575,0.8524431,EXACT_CANONICAL_2023_2026,,,,not_requested_historical,,,2026-09-19T23:38:33.900788+09:00,2026-09-19T23:38:33.900788+09:00
2025-06-24|3936|volr20_low,2025-06-24,3936,グローバルウェイ,,,volr20_low,出来高沈静リバウンド,2025-06,mature,2025-06-25,295,2025-07-01,237,-0.196610169492,-5800,0,,0.262222222222,1.5071698406,0.733333333333,0.5,1,0.75,0.999025974026,0.83230954,EXACT_CANONICAL_2023_2026,,,,not_requested_historical,,,2026-09-19T23:38:33.900788+09:00,2026-09-19T23:38:33.900788+09:00
2025-07-03|6786|body_pct_low,2025-07-03,6786,ＲＶＨ,,,body_pct_low,陰線沈み込みリバウンド,2025-07,mature,2025-07-04,94,2025-07-10,117,0.244680851064,2300,0,,0.323943661972,6.55999483102,0.235294117647,1,0.5,0.75,0.999073611879,0.8363811,EXACT_CANONICAL_2023_2026,,,,not_requested_historical,,,2026-09-19T23:38:33.900788+09:00,2026-09-19T23:38:33.900788+09:00
2025-07-03|5721|mean_rank_volr20_body_pct,2025-07-03,5721,エスクリプトエナジー,,,mean_rank_volr20_body_pct,静かな売られ過ぎバランス,2025-07,mature,2025-07-04,173,2025-07-10,148,-0.14450867052,-2500,0,,-0.505405405405,2.38326624075,0.716666666667,0.5,1,0.75,0.999849349505,0.86373925,EXACT_CANONICAL_2023_2026,,,,not_requested_historical,,,2026-09-19T23:38:33.900788+09:00,2026-09-19T23:38:33.900788+09:00
2025-07-03|5721|volr20_low,2025-07-03,5721,エスクリプトエナジー,,,volr20_low,出来高沈静リバウンド,2025-07,mature,2025-07-04,173,2025-07-10,148,-0.14450867052,-2500,0,,-0.505405405405,2.38326624075,0.716666666667,0.5,1,0.75,0.999849349505,0.86373925,EXACT_CANONICAL_2023_2026,,,,not_requested_historical,,,2026-09-19T23:38:33.900788+09:00,2026-09-19T23:38:33.900788+09:00
2025-07-04|5721|body_pct_low,2025-07-04,5721,エスクリプトエナジー,,,body_pct_low,陰線沈み込みリバウンド,2025-07,mature,2025-07-07,153,2025-07-11,137,-0.104575163399,-1600,-0.00265839662288,,-0.509493670886,0.756404626287,-0.5625,0.5,0.5,0.5,0.999078108909,0.8365466,EXACT_CANONICAL_2023_2026,,,,not_requested_historical,,,2026-09-19T23:38:33.900788+09:00,2026-09-19T23:38:33.900788+09:00
2025-07-04|5721|dual_top1_agreement,2025-07-04,5721,エスクリプトエナジー,,,dual_top1_agreement,2条件一致リバウンド,2025-07,mature,2025-07-07,153,2025-07-11,137,-0.104575163399,-1600,-0.00265839662288,,-0.509493670886,0.756404626287,-0.5625,0.5,0.5,0.5,0.999078108909,0.8365466,EXACT_CANONICAL_2023_2026,,,,not_requested_historical,,,2026-09-19T23:38:33.900788+09:00,2026-09-19T23:38:33.900788+09:00
2025-07-04|5721|dual_top1_agreement_g3_no_acute_selloff,2025-07-04,5721,エスクリプトエナジー,,,dual_top1_agreement_g3_no_acute_selloff,地合い安定・2条件一致,2025-07,mature,2025-07-07,153,2025-07-11,137,-0.104575163399,-1600,-0.00265839662288,,-0.509493670886,0.756404626287,-0.5625,0.5,0.5,0.5,0.999078108909,0.8365466,EXACT_CANONICAL_2023_2026,,,,not_requested_historical,,,2026-09-19T23:38:33.900788+09:00,2026-09-19T23:38:33.900788+09:00
2025-07-04|5721|mean_rank_volr20_body_pct,2025-07-04,5721,エスクリプトエナジー,,,mean_rank_volr20_body_pct,静かな売られ過ぎバランス,2025-07,mature,2025-07-07,153,2025-07-11,137,-0.104575163399,-1600,-0.00265839662288,,-0.509493670886,0.756404626287,-0.5625,0.5,0.5,0.5,0.999078108909,0.8365466,EXACT_CANONICAL_2023_2026,,,,not_requested_historical,,,2026-09-19T23:38:33.900788+09:00,2026-09-19T23:38:33.900788+09:00
2025-07-04|5721|volr20_low,2025-07-04,5721,エスクリプトエナジー,,,volr20_low,出来高沈静リバウンド,2025-07,mature,2025-07-07,153,2025-07-11,137,-0.104575163399,-1600,-0.00265839662288,,-0.509493670886,0.756404626287,-0.5625,0.5,0.5,0.5,0.999078108909,0.8365466,EXACT_CANONICAL_2023_2026,,,,not_requested_historical,,,2026-09-19T23:38:33.900788+09:00,2026-09-19T23:38:33.900788+09:00
2025-07-07|4594|body_pct_low,2025-07-07,4594,ブライトパス・バイオ,,,body_pct_low,陰線沈み込みリバウンド,2025-07,mature,2025-07-08,72,2025-07-14,63,-0.125,-900,-0.00582533057337,,0.258620689655,5.59850187858,-0.846153846154,0.5,0.5,0.5,0.999487338613,0.8473966,EXACT_CANONICAL_2023_2026,,,,not_requested_historical,,,2026-09-19T23:38:33.900788+09:00,2026-09-19T23:38:33.900788+09:00
2025-07-07|4594|dual_top1_agreement,2025-07-07,4594,ブライトパス・バイオ,,,dual_top1_agreement,2条件一致リバウンド,2025-07,mature,2025-07-08,72,2025-07-14,63,-0.125,-900,-0.00582533057337,,0.258620689655,5.59850187858,-0.846153846154,0.5,0.5,0.5,0.999487338613,0.8473966,EXACT_CANONICAL_2023_2026,,,,not_requested_historical,,,2026-09-19T23:38:33.900788+09:00,2026-09-19T23:38:33.900788+09:00
2025-07-07|4594|dual_top1_agreement_g3_no_acute_selloff,2025-07-07,4594,ブライトパス・バイオ,,,dual_top1_agreement_g3_no_acute_selloff,地合い安定・2条件一致,2025-07,mature,2025-07-08,72,2025-07-14,63,-0.125,-900,-0.00582533057337,,0.258620689655,5.59850187858,-0.846153846154,0.5,0.5,0.5,0.999487338613,0.8473966,EXACT_CANONICAL_2023_2026,,,,not_requested_historical,,,2026-09-19T23:38:33.900788+09:00,2026-09-19T23:38:33.900788+09:00
2025-07-07|4594|mean_rank_volr20_body_pct,2025-07-07,4594,ブライトパス・バイオ,,,mean_rank_volr20_body_pct,静かな売られ過ぎバランス,2025-07,mature,2025-07-08,72,2025-07-14,63,-0.125,-900,-0.00582533057337,,0.258620689655,5.59850187858,-0.846153846154,0.5,0.5,0.5,0.999487338613,0.8473966,EXACT_CANONICAL_2023_2026,,,,not_requested_historical,,,2026-09-19T23:38:33.900788+09:00,2026-09-19T23:38:33.900788+09:00
2025-07-07|4594|volr20_low,2025-07-07,4594,ブライトパス・バイオ,,,volr20_low,出来高沈静リバウンド,2025-07,mature,2025-07-08,72,2025-07-14,63,-0.125,-900,-0.00582533057337,,0.258620689655,5.59850187858,-0.846153846154,0.5,0.5,0.5,0.999487338613,0.8473966,EXACT_CANONICAL_2023_2026,,,,not_requested_historical,,,2026-09-19T23:38:33.900788+09:00,2026-09-19T23:38:33.900788+09:00
2025-07-16|2134|body_pct_low,2025-07-16,2134,北浜キャピタルパートナーズ,,,body_pct_low,陰線沈み込みリバウンド,2025-07,mature,2025-07-17,60,2025-07-24,71,0.183333333333,1100,0,,-0.409090909091,1.19972472646,-0.352941176471,1,1,1,0.999115209404,0.83778757,EXACT_CANONICAL_2023_2026,,,,not_requested_historical,,,2026-09-19T23:38:33.900788+09:00,2026-09-19T23:38:33.900788+09:00
2025-07-16|2134|dual_top1_agreement,2025-07-16,2134,北浜キャピタルパートナーズ,,,dual_top1_agreement,2条件一致リバウンド,2025-07,mature,2025-07-17,60,2025-07-24,71,0.183333333333,1100,0,,-0.409090909091,1.19972472646,-0.352941176471,1,1,1,0.999115209404,0.83778757,EXACT_CANONICAL_2023_2026,,,,not_requested_historical,,,2026-09-19T23:38:33.900788+09:00,2026-09-19T23:38:33.900788+09:00
2025-07-16|2134|dual_top1_agreement_g3_no_acute_selloff,2025-07-16,2134,北浜キャピタルパートナーズ,,,dual_top1_agreement_g3_no_acute_selloff,地合い安定・2条件一致,2025-07,mature,2025-07-17,60,2025-07-24,71,0.183333333333,1100,0,,-0.409090909091,1.19972472646,-0.352941176471,1,1,1,0.999115209404,0.83778757,EXACT_CANONICAL_2023_2026,,,,not_requested_historical,,,2026-09-19T23:38:33.900788+09:00,2026-09-19T23:38:33.900788+09:00
2025-07-16|2134|mean_rank_volr20_body_pct,2025-07-16,2134,北浜キャピタルパートナーズ,,,mean_rank_volr20_body_pct,静かな売られ過ぎバランス,2025-07,mature,2025-07-17,60,2025-07-24,71,0.183333333333,1100,0,,-0.409090909091,1.19972472646,-0.352941176471,1,1,1,0.999115209404,0.83778757,EXACT_CANONICAL_2023_2026,,,,not_requested_historical,,,2026-09-19T23:38:33.900788+09:00,2026-09-19T23:38:33.900788+09:00
2025-07-16|2134|volr20_low,2025-07-16,2134,北浜キャピタルパートナーズ,,,volr20_low,出来高沈静リバウンド,2025-07,mature,2025-07-17,60,2025-07-24,71,0.183333333333,1100,0,,-0.409090909091,1.19972472646,-0.352941176471,1,1,1,0.999115209404,0.83778757,EXACT_CANONICAL_2023_2026,,,,not_requested_historical,,,2026-09-19T23:38:33.900788+09:00,2026-09-19T23:38:33.900788+09:00
2025-07-22|6574|body_pct_low,2025-07-22,6574,コンヴァノ,,,body_pct_low,陰線沈み込みリバウンド,2025-07,mature,2025-07-23,96.8000030518,2025-07-29,90.1999969482,-0.0681818790851,-660.000610352,-0.0028129395218,,0.192118308988,4.52009456265,0.469387956349,1,1,1,0.999208522771,0.8403881,EXACT_CANONICAL_2023_2026,,,,not_requested_historical,,,2026-09-19T23:38:33.900788+09:00,2026-09-19T23:38:33.900788+09:00
2025-07-22|6574|dual_top1_agreement,2025-07-22,6574,コンヴァノ,,,dual_top1_agreement,2条件一致リバウンド,2025-07,mature,2025-07-23,96.8000030518,2025-07-29,90.1999969482,-0.0681818790851,-660.000610352,-0.0028129395218,,0.192118308988,4.52009456265,0.469387956349,1,1,1,0.999208522771,0.8403881,EXACT_CANONICAL_2023_2026,,,,not_requested_historical,,,2026-09-19T23:38:33.900788+09:00,2026-09-19T23:38:33.900788+09:00
2025-07-22|6574|dual_top1_agreement_g3_no_acute_selloff,2025-07-22,6574,コンヴァノ,,,dual_top1_agreement_g3_no_acute_selloff,地合い安定・2条件一致,2025-07,mature,2025-07-23,96.8000030518,2025-07-29,90.1999969482,-0.0681818790851,-660.000610352,-0.0028129395218,,0.192118308988,4.52009456265,0.469387956349,1,1,1,0.999208522771,0.8403881,EXACT_CANONICAL_2023_2026,,,,not_requested_historical,,,2026-09-19T23:38:33.900788+09:00,2026-09-19T23:38:33.900788+09:00
2025-07-22|6574|mean_rank_volr20_body_pct,2025-07-22,6574,コンヴァノ,,,mean_rank_volr20_body_pct,静かな売られ過ぎバランス,2025-07,mature,2025-07-23,96.8000030518,2025-07-29,90.1999969482,-0.0681818790851,-660.000610352,-0.0028129395218,,0.192118308988,4.52009456265,0.469387956349,1,1,1,0.999208522771,0.8403881,EXACT_CANONICAL_2023_2026,,,,not_requested_historical,,,2026-09-19T23:38:33.900788+09:00,2026-09-19T23:38:33.900788+09:00
2025-07-22|6574|volr20_low,2025-07-22,6574,コンヴァノ,,,volr20_low,出来高沈静リバウンド,2025-07,mature,2025-07-23,96.8000030518,2025-07-29,90.1999969482,-0.0681818790851,-660.000610352,-0.0028129395218,,0.192118308988,4.52009456265,0.469387956349,1,1,1,0.999208522771,0.8403881,EXACT_CANONICAL_2023_2026,,,,not_requested_historical,,,2026-09-19T23:38:33.900788+09:00,2026-09-19T23:38:33.900788+09:00
2025-08-29|7138|body_pct_low,2025-08-29,7138,ＴＯＲＩＣＯ,,,body_pct_low,陰線沈み込みリバウンド,2025-08,mature,2025-09-01,387,2025-09-05,345,-0.108527131783,-4200,-0.00141944713088,,0.391830591888,3.02170609096,-0.747967479675,0.666666666667,0.333333333333,0.5,0.999220746152,0.83554393,EXACT_CANONICAL_2023_2026,,,,not_requested_historical,,,2026-09-19T23:38:33.900788+09:00,2026-09-19T23:38:33.900788+09:00
2025-08-29|7138|mean_rank_volr20_body_pct,2025-08-29,7138,ＴＯＲＩＣＯ,,,mean_rank_volr20_body_pct,静かな売られ過ぎバランス,2025-08,mature,2025-09-01,387,2025-09-05,345,-0.108527131783,-4200,-0.00141944713088,,0.391830591888,3.02170609096,-0.747967479675,0.666666666667,0.333333333333,0.5,0.999220746152,0.83554393,EXACT_CANONICAL_2023_2026,,,,not_requested_historical,,,2026-09-19T23:38:33.900788+09:00,2026-09-19T23:38:33.900788+09:00
2025-08-29|7615|volr20_low,2025-08-29,7615,京都きもの友禅ホールディングス,,,volr20_low,出来高沈静リバウンド,2025-08,mature,2025-09-01,216,2025-09-05,232,0.0740740740741,1600,-0.00141944713088,,0.3125,2.27258559543,0.444444444444,0.333333333333,1,0.666666666667,0.999919879534,0.8624172,EXACT_CANONICAL_2023_2026,,,,not_requested_historical,,,2026-09-19T23:38:33.900788+09:00,2026-09-19T23:38:33.900788+09:00
2025-09-24|3997|body_pct_low,2025-09-24,3997,トレードワークス,,,body_pct_low,陰線沈み込みリバウンド,2025-09,mature,2025-09-25,360.5,2025-10-01,289,-0.198335644938,-7150,-0.00246153939372,,0.110606060606,0.765408091611,0.877358490566,1,1,1,0.99914599601,0.82839143,EXACT_CANONICAL_2023_2026,,,,not_requested_historical,,,2026-09-19T23:38:33.900788+09:00,2026-09-19T23:38:33.900788+09:00
2025-09-24|3997|dual_top1_agreement,2025-09-24,3997,トレードワークス,,,dual_top1_agreement,2条件一致リバウンド,2025-09,mature,2025-09-25,360.5,2025-10-01,289,-0.198335644938,-7150,-0.00246153939372,,0.110606060606,0.765408091611,0.877358490566,1,1,1,0.99914599601,0.82839143,EXACT_CANONICAL_2023_2026,,,,not_requested_historical,,,2026-09-19T23:38:33.900788+09:00,2026-09-19T23:38:33.900788+09:00
2025-09-24|3997|dual_top1_agreement_g3_no_acute_selloff,2025-09-24,3997,トレードワークス,,,dual_top1_agreement_g3_no_acute_selloff,地合い安定・2条件一致,2025-09,mature,2025-09-25,360.5,2025-10-01,289,-0.198335644938,-7150,-0.00246153939372,,0.110606060606,0.765408091611,0.877358490566,1,1,1,0.99914599601,0.82839143,EXACT_CANONICAL_2023_2026,,,,not_requested_historical,,,2026-09-19T23:38:33.900788+09:00,2026-09-19T23:38:33.900788+09:00
2025-09-24|3997|mean_rank_volr20_body_pct,2025-09-24,3997,トレードワークス,,,mean_rank_volr20_body_pct,静かな売られ過ぎバランス,2025-09,mature,2025-09-25,360.5,2025-10-01,289,-0.198335644938,-7150,-0.00246153939372,,0.110606060606,0.765408091611,0.877358490566,1,1,1,0.99914599601,0.82839143,EXACT_CANONICAL_2023_2026,,,,not_requested_historical,,,2026-09-19T23:38:33.900788+09:00,2026-09-19T23:38:33.900788+09:00
2025-09-24|3997|volr20_low,2025-09-24,3997,トレードワークス,,,volr20_low,出来高沈静リバウンド,2025-09,mature,2025-09-25,360.5,2025-10-01,289,-0.198335644938,-7150,-0.00246153939372,,0.110606060606,0.765408091611,0.877358490566,1,1,1,0.99914599601,0.82839143,EXACT_CANONICAL_2023_2026,,,,not_requested_historical,,,2026-09-19T23:38:33.900788+09:00,2026-09-19T23:38:33.900788+09:00
2025-10-01|2323|body_pct_low,2025-10-01,2323,ｆｏｎｆｕｎ,,,body_pct_low,陰線沈み込みリバウンド,2025-10,mature,2025-10-02,292.666656494,2025-10-08,269.333343506,-0.0797265847357,-2333.33129883,-0.0320415946276,,0.26993005435,10.2078559297,0.00930218099843,1,0.333333333333,0.666666666667,0.999299070584,0.8333313,EXACT_CANONICAL_2023_2026,,,,not_requested_historical,,,2026-09-19T23:38:33.900788+09:00,2026-09-19T23:38:33.900788+09:00
2025-10-01|4586|mean_rank_volr20_body_pct,2025-10-01,4586,メドレックス,,,mean_rank_volr20_body_pct,静かな売られ過ぎバランス,2025-10,mature,2025-10-02,146,2025-10-08,133,-0.0890410958904,-1300,-0.0320415946276,,0.417475728155,2.75509360956,0.107142857143,0.666666666667,0.666666666667,0.666666666667,0.999659007311,0.8449016,EXACT_CANONICAL_2023_2026,,,,not_requested_historical,,,2026-09-19T23:38:33.900788+09:00,2026-09-19T23:38:33.900788+09:00
2025-10-01|2673|volr20_low,2025-10-01,2673,夢みつけ隊,,,volr20_low,出来高沈静リバウンド,2025-10,mature,2025-10-02,268,2025-10-08,217,-0.190298507463,-5100,-0.0320415946276,,0.116591928251,1.58887070799,0.947368421053,0.333333333333,1,0.666666666667,0.999372741844,0.83548903,EXACT_CANONICAL_2023_2026,,,,not_requested_historical,,,2026-09-19T23:38:33.900788+09:00,2026-09-19T23:38:33.900788+09:00
2025-10-02|4446|body_pct_low,2025-10-02,4446,Ｌｉｎｋ－Ｕグループ,,,body_pct_low,陰線沈み込みリバウンド,2025-10,mature,2025-10-03,680,2025-10-09,1252,0.841176470588,57200,-0.0365274798409,,0.560975609756,2.94071787196,-1,0.333333333333,0.333333333333,0.333333333333,0.999082266591,0.8277945,EXACT_CANONICAL_2023_2026,,,,not_requested_historical,,,2026-09-19T23:38:33.900788+09:00,2026-09-19T23:38:33.900788+09:00
2025-10-02|4446|dual_top1_agreement,2025-10-02,4446,Ｌｉｎｋ－Ｕグループ,,,dual_top1_agreement,2条件一致リバウンド,2025-10,mature,2025-10-03,680,2025-10-09,1252,0.841176470588,57200,-0.0365274798409,,0.560975609756,2.94071787196,-1,0.333333333333,0.333333333333,0.333333333333,0.999082266591,0.8277945,EXACT_CANONICAL_2023_2026,,,,not_requested_historical,,,2026-09-19T23:38:33.900788+09:00,2026-09-19T23:38:33.900788+09:00
2025-10-02|4446|dual_top1_agreement_g3_no_acute_selloff,2025-10-02,4446,Ｌｉｎｋ－Ｕグループ,,,dual_top1_agreement_g3_no_acute_selloff,地合い安定・2条件一致,2025-10,mature,2025-10-03,680,2025-10-09,1252,0.841176470588,57200,-0.0365274798409,,0.560975609756,2.94071787196,-1,0.333333333333,0.333333333333,0.333333333333,0.999082266591,0.8277945,EXACT_CANONICAL_2023_2026,,,,not_requested_historical,,,2026-09-19T23:38:33.900788+09:00,2026-09-19T23:38:33.900788+09:00
2025-10-02|4446|mean_rank_volr20_body_pct,2025-10-02,4446,Ｌｉｎｋ－Ｕグループ,,,mean_rank_volr20_body_pct,静かな売られ過ぎバランス,2025-10,mature,2025-10-03,680,2025-10-09,1252,0.841176470588,57200,-0.0365274798409,,0.560975609756,2.94071787196,-1,0.333333333333,0.333333333333,0.333333333333,0.999082266591,0.8277945,EXACT_CANONICAL_2023_2026,,,,not_requested_historical,,,2026-09-19T23:38:33.900788+09:00,2026-09-19T23:38:33.900788+09:00
2025-10-02|4446|volr20_low,2025-10-02,4446,Ｌｉｎｋ－Ｕグループ,,,volr20_low,出来高沈静リバウンド,2025-10,mature,2025-10-03,680,2025-10-09,1252,0.841176470588,57200,-0.0365274798409,,0.560975609756,2.94071787196,-1,0.333333333333,0.333333333333,0.333333333333,0.999082266591,0.8277945,EXACT_CANONICAL_2023_2026,,,,not_requested_historical,,,2026-09-19T23:38:33.900788+09:00,2026-09-19T23:38:33.900788+09:00
2025-10-14|6177|body_pct_low,2025-10-14,6177,ＡｐｐＢａｎｋ,,,body_pct_low,陰線沈み込みリバウンド,2025-10,mature,2025-10-15,225,2025-10-21,192,-0.146666666667,-3300,-0.0300998774276,,0.366863905325,4.25403992183,0.354838709677,1,1,1,0.999209612626,0.83103484,EXACT_CANONICAL_2023_2026,,,,not_requested_historical,,,2026-09-19T23:38:33.900788+09:00,2026-09-19T23:38:33.900788+09:00
2025-10-14|6177|dual_top1_agreement,2025-10-14,6177,ＡｐｐＢａｎｋ,,,dual_top1_agreement,2条件一致リバウンド,2025-10,mature,2025-10-15,225,2025-10-21,192,-0.146666666667,-3300,-0.0300998774276,,0.366863905325,4.25403992183,0.354838709677,1,1,1,0.999209612626,0.83103484,EXACT_CANONICAL_2023_2026,,,,not_requested_historical,,,2026-09-19T23:38:33.900788+09:00,2026-09-19T23:38:33.900788+09:00
2025-10-14|6177|mean_rank_volr20_body_pct,2025-10-14,6177,ＡｐｐＢａｎｋ,,,mean_rank_volr20_body_pct,静かな売られ過ぎバランス,2025-10,mature,2025-10-15,225,2025-10-21,192,-0.146666666667,-3300,-0.0300998774276,,0.366863905325,4.25403992183,0.354838709677,1,1,1,0.999209612626,0.83103484,EXACT_CANONICAL_2023_2026,,,,not_requested_historical,,,2026-09-19T23:38:33.900788+09:00,2026-09-19T23:38:33.900788+09:00
2025-10-14|6177|volr20_low,2025-10-14,6177,ＡｐｐＢａｎｋ,,,volr20_low,出来高沈静リバウンド,2025-10,mature,2025-10-15,225,2025-10-21,192,-0.146666666667,-3300,-0.0300998774276,,0.366863905325,4.25403992183,0.354838709677,1,1,1,0.999209612626,0.83103484,EXACT_CANONICAL_2023_2026,,,,not_requested_historical,,,2026-09-19T23:38:33.900788+09:00,2026-09-19T23:38:33.900788+09:00
2025-10-30|7746|body_pct_low,2025-10-30,7746,岡本硝子,,,body_pct_low,陰線沈み込みリバウンド,2025-10,mature,2025-10-31,425,2025-11-07,394,-0.0729411764706,-3100,-0.016713091922,,0.501858736059,3.29645378236,0.771739130435,1,1,1,0.999943167885,0.8593523,EXACT_CANONICAL_2023_2026,,,,not_requested_historical,,,2026-09-19T23:38:33.900788+09:00,2026-09-19T23:38:33.900788+09:00
2025-10-30|7746|dual_top1_agreement,2025-10-30,7746,岡本硝子,,,dual_top1_agreement,2条件一致リバウンド,2025-10,mature,2025-10-31,425,2025-11-07,394,-0.0729411764706,-3100,-0.016713091922,,0.501858736059,3.29645378236,0.771739130435,1,1,1,0.999943167885,0.8593523,EXACT_CANONICAL_2023_2026,,,,not_requested_historical,,,2026-09-19T23:38:33.900788+09:00,2026-09-19T23:38:33.900788+09:00
2025-10-30|7746|dual_top1_agreement_g3_no_acute_selloff,2025-10-30,7746,岡本硝子,,,dual_top1_agreement_g3_no_acute_selloff,地合い安定・2条件一致,2025-10,mature,2025-10-31,425,2025-11-07,394,-0.0729411764706,-3100,-0.016713091922,,0.501858736059,3.29645378236,0.771739130435,1,1,1,0.999943167885,0.8593523,EXACT_CANONICAL_2023_2026,,,,not_requested_historical,,,2026-09-19T23:38:33.900788+09:00,2026-09-19T23:38:33.900788+09:00
2025-10-30|7746|mean_rank_volr20_body_pct,2025-10-30,7746,岡本硝子,,,mean_rank_volr20_body_pct,静かな売られ過ぎバランス,2025-10,mature,2025-10-31,425,2025-11-07,394,-0.0729411764706,-3100,-0.016713091922,,0.501858736059,3.29645378236,0.771739130435,1,1,1,0.999943167885,0.8593523,EXACT_CANONICAL_2023_2026,,,,not_requested_historical,,,2026-09-19T23:38:33.900788+09:00,2026-09-19T23:38:33.900788+09:00
2025-10-30|7746|volr20_low,2025-10-30,7746,岡本硝子,,,volr20_low,出来高沈静リバウンド,2025-10,mature,2025-10-31,425,2025-11-07,394,-0.0729411764706,-3100,-0.016713091922,,0.501858736059,3.29645378236,0.771739130435,1,1,1,0.999943167885,0.8593523,EXACT_CANONICAL_2023_2026,,,,not_requested_historical,,,2026-09-19T23:38:33.900788+09:00,2026-09-19T23:38:33.900788+09:00
2025-10-31|8105|body_pct_low,2025-10-31,8105,Ｂｉｔｃｏｉｎ　Ｊａｐａｎ,,,body_pct_low,陰線沈み込みリバウンド,2025-10,mature,2025-11-04,699,2025-11-10,674,-0.035765379113,-2500,-0.014665286841,,0.563981042654,0.870773368747,0.551282051282,1,1,1,0.999160147637,0.8299481,EXACT_CANONICAL_2023_2026,,,,not_requested_historical,,,2026-09-19T23:38:33.900788+09:00,2026-09-19T23:38:33.900788+09:00
2025-10-31|8105|dual_top1_agreement,2025-10-31,8105,Ｂｉｔｃｏｉｎ　Ｊａｐａｎ,,,dual_top1_agreement,2条件一致リバウンド,2025-10,mature,2025-11-04,699,2025-11-10,674,-0.035765379113,-2500,-0.014665286841,,0.563981042654,0.870773368747,0.551282051282,1,1,1,0.999160147637,0.8299481,EXACT_CANONICAL_2023_2026,,,,not_requested_historical,,,2026-09-19T23:38:33.900788+09:00,2026-09-19T23:38:33.900788+09:00
2025-10-31|8105|dual_top1_agreement_g3_no_acute_selloff,2025-10-31,8105,Ｂｉｔｃｏｉｎ　Ｊａｐａｎ,,,dual_top1_agreement_g3_no_acute_selloff,地合い安定・2条件一致,2025-10,mature,2025-11-04,699,2025-11-10,674,-0.035765379113,-2500,-0.014665286841,,0.563981042654,0.870773368747,0.551282051282,1,1,1,0.999160147637,0.8299481,EXACT_CANONICAL_2023_2026,,,,not_requested_historical,,,2026-09-19T23:38:33.900788+09:00,2026-09-19T23:38:33.900788+09:00
2025-10-31|8105|mean_rank_volr20_body_pct,2025-10-31,8105,Ｂｉｔｃｏｉｎ　Ｊａｐａｎ,,,mean_rank_volr20_body_pct,静かな売られ過ぎバランス,2025-10,mature,2025-11-04,699,2025-11-10,674,-0.035765379113,-2500,-0.014665286841,,0.563981042654,0.870773368747,0.551282051282,1,1,1,0.999160147637,0.8299481,EXACT_CANONICAL_2023_2026,,,,not_requested_historical,,,2026-09-19T23:38:33.900788+09:00,2026-09-19T23:38:33.900788+09:00
2025-10-31|8105|volr20_low,2025-10-31,8105,Ｂｉｔｃｏｉｎ　Ｊａｐａｎ,,,volr20_low,出来高沈静リバウンド,2025-10,mature,2025-11-04,699,2025-11-10,674,-0.035765379113,-2500,-0.014665286841,,0.563981042654,0.870773368747,0.551282051282,1,1,1,0.999160147637,0.8299481,EXACT_CANONICAL_2023_2026,,,,not_requested_historical,,,2026-09-19T23:38:33.900788+09:00,2026-09-19T23:38:33.900788+09:00
2025-11-18|6993|body_pct_low,2025-11-18,6993,大黒屋ホールディングス,,,body_pct_low,陰線沈み込みリバウンド,2025-11,mature,2025-11-19,65,2025-11-26,76,0.169230769231,1100,-0.0106481481481,,0.5,3.36140892297,0.666666666667,1,1,1,0.999801346521,0.85459596,EXACT_CANONICAL_2023_2026,,,,not_requested_historical,,,2026-09-19T23:38:33.900788+09:00,2026-09-19T23:38:33.900788+09:00
2025-11-18|6993|dual_top1_agreement,2025-11-18,6993,大黒屋ホールディングス,,,dual_top1_agreement,2条件一致リバウンド,2025-11,mature,2025-11-19,65,2025-11-26,76,0.169230769231,1100,-0.0106481481481,,0.5,3.36140892297,0.666666666667,1,1,1,0.999801346521,0.85459596,EXACT_CANONICAL_2023_2026,,,,not_requested_historical,,,2026-09-19T23:38:33.900788+09:00,2026-09-19T23:38:33.900788+09:00
2025-11-18|6993|mean_rank_volr20_body_pct,2025-11-18,6993,大黒屋ホールディングス,,,mean_rank_volr20_body_pct,静かな売られ過ぎバランス,2025-11,mature,2025-11-19,65,2025-11-26,76,0.169230769231,1100,-0.0106481481481,,0.5,3.36140892297,0.666666666667,1,1,1,0.999801346521,0.85459596,EXACT_CANONICAL_2023_2026,,,,not_requested_historical,,,2026-09-19T23:38:33.900788+09:00,2026-09-19T23:38:33.900788+09:00
2025-11-18|6993|volr20_low,2025-11-18,6993,大黒屋ホールディングス,,,volr20_low,出来高沈静リバウンド,2025-11,mature,2025-11-19,65,2025-11-26,76,0.169230769231,1100,-0.0106481481481,,0.5,3.36140892297,0.666666666667,1,1,1,0.999801346521,0.85459596,EXACT_CANONICAL_2023_2026,,,,not_requested_historical,,,2026-09-19T23:38:33.900788+09:00,2026-09-19T23:38:33.900788+09:00
2025-11-20|6993|body_pct_low,2025-11-20,6993,大黒屋ホールディングス,,,body_pct_low,陰線沈み込みリバウンド,2025-11,mature,2025-11-21,60,2025-11-28,138,1.3,7800,-0.0158478605388,,0.377777777778,1.62788122329,0.5,1,1,1,0.999131277012,0.8303299,EXACT_CANONICAL_2023_2026,,,,not_requested_historical,,,2026-09-19T23:38:33.900788+09:00,2026-09-19T23:38:33.900788+09:00
2025-11-20|6993|dual_top1_agreement,2025-11-20,6993,大黒屋ホールディングス,,,dual_top1_agreement,2条件一致リバウンド,2025-11,mature,2025-11-21,60,2025-11-28,138,1.3,7800,-0.0158478605388,,0.377777777778,1.62788122329,0.5,1,1,1,0.999131277012,0.8303299,EXACT_CANONICAL_2023_2026,,,,not_requested_historical,,,2026-09-19T23:38:33.900788+09:00,2026-09-19T23:38:33.900788+09:00
2025-11-20|6993|dual_top1_agreement_g3_no_acute_selloff,2025-11-20,6993,大黒屋ホールディングス,,,dual_top1_agreement_g3_no_acute_selloff,地合い安定・2条件一致,2025-11,mature,2025-11-21,60,2025-11-28,138,1.3,7800,-0.0158478605388,,0.377777777778,1.62788122329,0.5,1,1,1,0.999131277012,0.8303299,EXACT_CANONICAL_2023_2026,,,,not_requested_historical,,,2026-09-19T23:38:33.900788+09:00,2026-09-19T23:38:33.900788+09:00
2025-11-20|6993|mean_rank_volr20_body_pct,2025-11-20,6993,大黒屋ホールディングス,,,mean_rank_volr20_body_pct,静かな売られ過ぎバランス,2025-11,mature,2025-11-21,60,2025-11-28,138,1.3,7800,-0.0158478605388,,0.377777777778,1.62788122329,0.5,1,1,1,0.999131277012,0.8303299,EXACT_CANONICAL_2023_2026,,,,not_requested_historical,,,2026-09-19T23:38:33.900788+09:00,2026-09-19T23:38:33.900788+09:00
2025-11-20|6993|volr20_low,2025-11-20,6993,大黒屋ホールディングス,,,volr20_low,出来高沈静リバウンド,2025-11,mature,2025-11-21,60,2025-11-28,138,1.3,7800,-0.0158478605388,,0.377777777778,1.62788122329,0.5,1,1,1,0.999131277012,0.8303299,EXACT_CANONICAL_2023_2026,,,,not_requested_historical,,,2026-09-19T23:38:33.900788+09:00,2026-09-19T23:38:33.900788+09:00
2025-12-05|6993|body_pct_low,2025-12-05,6993,大黒屋ホールディングス,,,body_pct_low,陰線沈み込みリバウンド,2025-12,mature,2025-12-08,90,2025-12-12,78,-0.133333333333,-1200,-0.0167573427078,,0.403225806452,0.898812741948,-0.615384615385,1,1,1,0.999429686631,0.8388989,EXACT_CANONICAL_2023_2026,,,,not_requested_historical,,,2026-09-19T23:38:33.900788+09:00,2026-09-19T23:38:33.900788+09:00
2025-12-05|6993|dual_top1_agreement,2025-12-05,6993,大黒屋ホールディングス,,,dual_top1_agreement,2条件一致リバウンド,2025-12,mature,2025-12-08,90,2025-12-12,78,-0.133333333333,-1200,-0.0167573427078,,0.403225806452,0.898812741948,-0.615384615385,1,1,1,0.999429686631,0.8388989,EXACT_CANONICAL_2023_2026,,,,not_requested_historical,,,2026-09-19T23:38:33.900788+09:00,2026-09-19T23:38:33.900788+09:00
2025-12-05|6993|dual_top1_agreement_g3_no_acute_selloff,2025-12-05,6993,大黒屋ホールディングス,,,dual_top1_agreement_g3_no_acute_selloff,地合い安定・2条件一致,2025-12,mature,2025-12-08,90,2025-12-12,78,-0.133333333333,-1200,-0.0167573427078,,0.403225806452,0.898812741948,-0.615384615385,1,1,1,0.999429686631,0.8388989,EXACT_CANONICAL_2023_2026,,,,not_requested_historical,,,2026-09-19T23:38:33.900788+09:00,2026-09-19T23:38:33.900788+09:00
2025-12-05|6993|mean_rank_volr20_body_pct,2025-12-05,6993,大黒屋ホールディングス,,,mean_rank_volr20_body_pct,静かな売られ過ぎバランス,2025-12,mature,2025-12-08,90,2025-12-12,78,-0.133333333333,-1200,-0.0167573427078,,0.403225806452,0.898812741948,-0.615384615385,1,1,1,0.999429686631,0.8388989,EXACT_CANONICAL_2023_2026,,,,not_requested_historical,,,2026-09-19T23:38:33.900788+09:00,2026-09-19T23:38:33.900788+09:00
2025-12-05|6993|volr20_low,2025-12-05,6993,大黒屋ホールディングス,,,volr20_low,出来高沈静リバウンド,2025-12,mature,2025-12-08,90,2025-12-12,78,-0.133333333333,-1200,-0.0167573427078,,0.403225806452,0.898812741948,-0.615384615385,1,1,1,0.999429686631,0.8388989,EXACT_CANONICAL_2023_2026,,,,not_requested_historical,,,2026-09-19T23:38:33.900788+09:00,2026-09-19T23:38:33.900788+09:00
2025-12-09|6993|body_pct_low,2025-12-09,6993,大黒屋ホールディングス,,,body_pct_low,陰線沈み込みリバウンド,2025-12,mature,2025-12-10,100,2025-12-16,77,-0.23,-2300,-0.0012987012987,,0.275,0.799532437849,-0.785714285714,1,1,1,0.999053522494,0.8282978,EXACT_CANONICAL_2023_2026,,,,not_requested_historical,,,2026-09-19T23:38:33.900788+09:00,2026-09-19T23:38:33.900788+09:00
2025-12-09|6993|dual_top1_agreement,2025-12-09,6993,大黒屋ホールディングス,,,dual_top1_agreement,2条件一致リバウンド,2025-12,mature,2025-12-10,100,2025-12-16,77,-0.23,-2300,-0.0012987012987,,0.275,0.799532437849,-0.785714285714,1,1,1,0.999053522494,0.8282978,EXACT_CANONICAL_2023_2026,,,,not_requested_historical,,,2026-09-19T23:38:33.900788+09:00,2026-09-19T23:38:33.900788+09:00
2025-12-09|6993|dual_top1_agreement_g3_no_acute_selloff,2025-12-09,6993,大黒屋ホールディングス,,,dual_top1_agreement_g3_no_acute_selloff,地合い安定・2条件一致,2025-12,mature,2025-12-10,100,2025-12-16,77,-0.23,-2300,-0.0012987012987,,0.275,0.799532437849,-0.785714285714,1,1,1,0.999053522494,0.8282978,EXACT_CANONICAL_2023_2026,,,,not_requested_historical,,,2026-09-19T23:38:33.900788+09:00,2026-09-19T23:38:33.900788+09:00
2025-12-09|6993|mean_rank_volr20_body_pct,2025-12-09,6993,大黒屋ホールディングス,,,mean_rank_volr20_body_pct,静かな売られ過ぎバランス,2025-12,mature,2025-12-10,100,2025-12-16,77,-0.23,-2300,-0.0012987012987,,0.275,0.799532437849,-0.785714285714,1,1,1,0.999053522494,0.8282978,EXACT_CANONICAL_2023_2026,,,,not_requested_historical,,,2026-09-19T23:38:33.900788+09:00,2026-09-19T23:38:33.900788+09:00
2025-12-09|6993|volr20_low,2025-12-09,6993,大黒屋ホールディングス,,,volr20_low,出来高沈静リバウンド,2025-12,mature,2025-12-10,100,2025-12-16,77,-0.23,-2300,-0.0012987012987,,0.275,0.799532437849,-0.785714285714,1,1,1,0.999053522494,0.8282978,EXACT_CANONICAL_2023_2026,,,,not_requested_historical,,,2026-09-19T23:38:33.900788+09:00,2026-09-19T23:38:33.900788+09:00
2025-12-11|198A|body_pct_low,2025-12-11,198A,ＰｏｓｔＰｒｉｍｅ,,,body_pct_low,陰線沈み込みリバウンド,2025-12,mature,2025-12-12,306,2025-12-18,184,-0.398692810458,-12200,-0.00783699059561,,0.492307692308,4.60152464017,0.819444444444,1,1,1,0.99949136946,0.8406989,EXACT_CANONICAL_2023_2026,,,,not_requested_historical,,,2026-09-19T23:38:33.900788+09:00,2026-09-19T23:38:33.900788+09:00
2025-12-11|198A|dual_top1_agreement,2025-12-11,198A,ＰｏｓｔＰｒｉｍｅ,,,dual_top1_agreement,2条件一致リバウンド,2025-12,mature,2025-12-12,306,2025-12-18,184,-0.398692810458,-12200,-0.00783699059561,,0.492307692308,4.60152464017,0.819444444444,1,1,1,0.99949136946,0.8406989,EXACT_CANONICAL_2023_2026,,,,not_requested_historical,,,2026-09-19T23:38:33.900788+09:00,2026-09-19T23:38:33.900788+09:00
2025-12-11|198A|dual_top1_agreement_g3_no_acute_selloff,2025-12-11,198A,ＰｏｓｔＰｒｉｍｅ,,,dual_top1_agreement_g3_no_acute_selloff,地合い安定・2条件一致,2025-12,mature,2025-12-12,306,2025-12-18,184,-0.398692810458,-12200,-0.00783699059561,,0.492307692308,4.60152464017,0.819444444444,1,1,1,0.99949136946,0.8406989,EXACT_CANONICAL_2023_2026,,,,not_requested_historical,,,2026-09-19T23:38:33.900788+09:00,2026-09-19T23:38:33.900788+09:00
2025-12-11|198A|mean_rank_volr20_body_pct,2025-12-11,198A,ＰｏｓｔＰｒｉｍｅ,,,mean_rank_volr20_body_pct,静かな売られ過ぎバランス,2025-12,mature,2025-12-12,306,2025-12-18,184,-0.398692810458,-12200,-0.00783699059561,,0.492307692308,4.60152464017,0.819444444444,1,1,1,0.99949136946,0.8406989,EXACT_CANONICAL_2023_2026,,,,not_requested_historical,,,2026-09-19T23:38:33.900788+09:00,2026-09-19T23:38:33.900788+09:00
2025-12-11|198A|volr20_low,2025-12-11,198A,ＰｏｓｔＰｒｉｍｅ,,,volr20_low,出来高沈静リバウンド,2025-12,mature,2025-12-12,306,2025-12-18,184,-0.398692810458,-12200,-0.00783699059561,,0.492307692308,4.60152464017,0.819444444444,1,1,1,0.99949136946,0.8406989,EXACT_CANONICAL_2023_2026,,,,not_requested_historical,,,2026-09-19T23:38:33.900788+09:00,2026-09-19T23:38:33.900788+09:00
2025-12-17|6629|body_pct_low,2025-12-17,6629,テクノホライゾン,,,body_pct_low,陰線沈み込みリバウンド,2025-12,mature,2025-12-18,930,2025-12-24,1114,0.197849462366,18400,-0.00236966824645,,0.432634730539,2.74502388445,0.774647887324,1,1,1,0.999431709019,0.8390068,EXACT_CANONICAL_2023_2026,,,,not_requested_historical,,,2026-09-19T23:38:33.900788+09:00,2026-09-19T23:38:33.900788+09:00
2025-12-17|6629|dual_top1_agreement,2025-12-17,6629,テクノホライゾン,,,dual_top1_agreement,2条件一致リバウンド,2025-12,mature,2025-12-18,930,2025-12-24,1114,0.197849462366,18400,-0.00236966824645,,0.432634730539,2.74502388445,0.774647887324,1,1,1,0.999431709019,0.8390068,EXACT_CANONICAL_2023_2026,,,,not_requested_historical,,,2026-09-19T23:38:33.900788+09:00,2026-09-19T23:38:33.900788+09:00
2025-12-17|6629|dual_top1_agreement_g3_no_acute_selloff,2025-12-17,6629,テクノホライゾン,,,dual_top1_agreement_g3_no_acute_selloff,地合い安定・2条件一致,2025-12,mature,2025-12-18,930,2025-12-24,1114,0.197849462366,18400,-0.00236966824645,,0.432634730539,2.74502388445,0.774647887324,1,1,1,0.999431709019,0.8390068,EXACT_CANONICAL_2023_2026,,,,not_requested_historical,,,2026-09-19T23:38:33.900788+09:00,2026-09-19T23:38:33.900788+09:00
2025-12-17|6629|mean_rank_volr20_body_pct,2025-12-17,6629,テクノホライゾン,,,mean_rank_volr20_body_pct,静かな売られ過ぎバランス,2025-12,mature,2025-12-18,930,2025-12-24,1114,0.197849462366,18400,-0.00236966824645,,0.432634730539,2.74502388445,0.774647887324,1,1,1,0.999431709019,0.8390068,EXACT_CANONICAL_2023_2026,,,,not_requested_historical,,,2026-09-19T23:38:33.900788+09:00,2026-09-19T23:38:33.900788+09:00
2025-12-17|6629|volr20_low,2025-12-17,6629,テクノホライゾン,,,volr20_low,出来高沈静リバウンド,2025-12,mature,2025-12-18,930,2025-12-24,1114,0.197849462366,18400,-0.00236966824645,,0.432634730539,2.74502388445,0.774647887324,1,1,1,0.999431709019,0.8390068,EXACT_CANONICAL_2023_2026,,,,not_requested_historical,,,2026-09-19T23:38:33.900788+09:00,2026-09-19T23:38:33.900788+09:00
2025-12-22|5817|body_pct_low,2025-12-22,5817,ＪＭＡＣＳ,,,body_pct_low,陰線沈み込みリバウンド,2025-12,mature,2025-12-23,998,2025-12-29,1311,0.313627254509,31300,-0.00156139538285,,0.391364902507,2.5317516525,0.154929577465,1,0.5,0.75,0.999396317232,0.8376657,EXACT_CANONICAL_2023_2026,,,,not_requested_historical,,,2026-09-19T23:38:33.900788+09:00,2026-09-19T23:38:33.900788+09:00
2025-12-22|5817|mean_rank_volr20_body_pct,2025-12-22,5817,ＪＭＡＣＳ,,,mean_rank_volr20_body_pct,静かな売られ過ぎバランス,2025-12,mature,2025-12-23,998,2025-12-29,1311,0.313627254509,31300,-0.00156139538285,,0.391364902507,2.5317516525,0.154929577465,1,0.5,0.75,0.999396317232,0.8376657,EXACT_CANONICAL_2023_2026,,,,not_requested_historical,,,2026-09-19T23:38:33.900788+09:00,2026-09-19T23:38:33.900788+09:00
2025-12-22|6629|volr20_low,2025-12-22,6629,テクノホライゾン,,,volr20_low,出来高沈静リバウンド,2025-12,mature,2025-12-23,1120,2025-12-29,1266,0.130357142857,14600,-0.00156139538285,,0.548295454545,1.19777828956,0.991452991453,0.5,1,0.75,0.999158686661,0.83052903,EXACT_CANONICAL_2023_2026,,,,not_requested_historical,,,2026-09-19T23:38:33.900788+09:00,2026-09-19T23:38:33.900788+09:00
2026-01-22|2667|body_pct_low,2026-01-22,2667,イメージ　ワン,,,body_pct_low,陰線沈み込みリバウンド,2026-01,mature,2026-01-23,300,2026-01-29,309,0.03,900,-0.00162140277958,,0.352678571429,5.25749566273,-0.225,1,1,1,0.999147743301,0.832286953926,EXACT_CANONICAL_2023_2026,,,,not_requested_historical,,,2026-09-19T23:38:33.900788+09:00,2026-09-19T23:38:33.900788+09:00
2026-01-22|2667|dual_top1_agreement,2026-01-22,2667,イメージ　ワン,,,dual_top1_agreement,2条件一致リバウンド,2026-01,mature,2026-01-23,300,2026-01-29,309,0.03,900,-0.00162140277958,,0.352678571429,5.25749566273,-0.225,1,1,1,0.999147743301,0.832286953926,EXACT_CANONICAL_2023_2026,,,,not_requested_historical,,,2026-09-19T23:38:33.900788+09:00,2026-09-19T23:38:33.900788+09:00
2026-01-22|2667|dual_top1_agreement_g3_no_acute_selloff,2026-01-22,2667,イメージ　ワン,,,dual_top1_agreement_g3_no_acute_selloff,地合い安定・2条件一致,2026-01,mature,2026-01-23,300,2026-01-29,309,0.03,900,-0.00162140277958,,0.352678571429,5.25749566273,-0.225,1,1,1,0.999147743301,0.832286953926,EXACT_CANONICAL_2023_2026,,,,not_requested_historical,,,2026-09-19T23:38:33.900788+09:00,2026-09-19T23:38:33.900788+09:00
2026-01-22|2667|mean_rank_volr20_body_pct,2026-01-22,2667,イメージ　ワン,,,mean_rank_volr20_body_pct,静かな売られ過ぎバランス,2026-01,mature,2026-01-23,300,2026-01-29,309,0.03,900,-0.00162140277958,,0.352678571429,5.25749566273,-0.225,1,1,1,0.999147743301,0.832286953926,EXACT_CANONICAL_2023_2026,,,,not_requested_historical,,,2026-09-19T23:38:33.900788+09:00,2026-09-19T23:38:33.900788+09:00
2026-01-22|2667|volr20_low,2026-01-22,2667,イメージ　ワン,,,volr20_low,出来高沈静リバウンド,2026-01,mature,2026-01-23,300,2026-01-29,309,0.03,900,-0.00162140277958,,0.352678571429,5.25749566273,-0.225,1,1,1,0.999147743301,0.832286953926,EXACT_CANONICAL_2023_2026,,,,not_requested_historical,,,2026-09-19T23:38:33.900788+09:00,2026-09-19T23:38:33.900788+09:00
2026-01-27|3103|body_pct_low,2026-01-27,3103,ユニチカ,,,body_pct_low,陰線沈み込みリバウンド,2026-01,mature,2026-01-28,564,2026-02-03,667,0.182624113475,10300,-0.0098168396439,,0.415204678363,4.63442918292,0.927536231884,1,1,1,0.999763427002,0.85525894165,EXACT_CANONICAL_2023_2026,,,,not_requested_historical,,,2026-09-19T23:38:33.900788+09:00,2026-09-19T23:38:33.900788+09:00
2026-01-27|3103|dual_top1_agreement,2026-01-27,3103,ユニチカ,,,dual_top1_agreement,2条件一致リバウンド,2026-01,mature,2026-01-28,564,2026-02-03,667,0.182624113475,10300,-0.0098168396439,,0.415204678363,4.63442918292,0.927536231884,1,1,1,0.999763427002,0.85525894165,EXACT_CANONICAL_2023_2026,,,,not_requested_historical,,,2026-09-19T23:38:33.900788+09:00,2026-09-19T23:38:33.900788+09:00
2026-01-27|3103|dual_top1_agreement_g3_no_acute_selloff,2026-01-27,3103,ユニチカ,,,dual_top1_agreement_g3_no_acute_selloff,地合い安定・2条件一致,2026-01,mature,2026-01-28,564,2026-02-03,667,0.182624113475,10300,-0.0098168396439,,0.415204678363,4.63442918292,0.927536231884,1,1,1,0.999763427002,0.85525894165,EXACT_CANONICAL_2023_2026,,,,not_requested_historical,,,2026-09-19T23:38:33.900788+09:00,2026-09-19T23:38:33.900788+09:00
2026-01-27|3103|mean_rank_volr20_body_pct,2026-01-27,3103,ユニチカ,,,mean_rank_volr20_body_pct,静かな売られ過ぎバランス,2026-01,mature,2026-01-28,564,2026-02-03,667,0.182624113475,10300,-0.0098168396439,,0.415204678363,4.63442918292,0.927536231884,1,1,1,0.999763427002,0.85525894165,EXACT_CANONICAL_2023_2026,,,,not_requested_historical,,,2026-09-19T23:38:33.900788+09:00,2026-09-19T23:38:33.900788+09:00
2026-01-27|3103|volr20_low,2026-01-27,3103,ユニチカ,,,volr20_low,出来高沈静リバウンド,2026-01,mature,2026-01-28,564,2026-02-03,667,0.182624113475,10300,-0.0098168396439,,0.415204678363,4.63442918292,0.927536231884,1,1,1,0.999763427002,0.85525894165,EXACT_CANONICAL_2023_2026,,,,not_requested_historical,,,2026-09-19T23:38:33.900788+09:00,2026-09-19T23:38:33.900788+09:00
2026-01-29|3103|body_pct_low,2026-01-29,3103,ユニチカ,,,body_pct_low,陰線沈み込みリバウンド,2026-01,mature,2026-01-30,538,2026-02-05,672,0.24907063197,13400,-0.0198248026817,,0.325814536341,6.6040468641,-0.718390804598,1,0.5,0.75,0.999819848178,0.858021616936,EXACT_CANONICAL_2023_2026,,,,not_requested_historical,,,2026-09-19T23:38:33.900788+09:00,2026-09-19T23:38:33.900788+09:00
2026-01-29|3103|mean_rank_volr20_body_pct,2026-01-29,3103,ユニチカ,,,mean_rank_volr20_body_pct,静かな売られ過ぎバランス,2026-01,mature,2026-01-30,538,2026-02-05,672,0.24907063197,13400,-0.0198248026817,,0.325814536341,6.6040468641,-0.718390804598,1,0.5,0.75,0.999819848178,0.858021616936,EXACT_CANONICAL_2023_2026,,,,not_requested_historical,,,2026-09-19T23:38:33.900788+09:00,2026-09-19T23:38:33.900788+09:00
2026-01-29|6993|volr20_low,2026-01-29,6993,大黒屋ホールディングス,,,volr20_low,出来高沈静リバウンド,2026-01,mature,2026-01-30,168,2026-02-05,155,-0.077380952381,-1300,-0.0198248026817,,0.204225352113,0.730710735127,1,0.5,1,0.75,0.999076474449,0.830471277237,EXACT_CANONICAL_2023_2026,,,,not_requested_historical,,,2026-09-19T23:38:33.900788+09:00,2026-09-19T23:38:33.900788+09:00
2026-02-02|3103|body_pct_low,2026-02-02,3103,ユニチカ,,,body_pct_low,陰線沈み込みリバウンド,2026-02,mature,2026-02-03,610,2026-02-09,922,0.511475409836,31200,-0.0103367173656,,0.531578947368,3.76883316413,-0.72972972973,1,1,1,0.999683093936,0.839522361755,EXACT_CANONICAL_2023_2026,,,,not_requested_historical,,,2026-09-19T23:38:33.900788+09:00,2026-09-19T23:38:33.900788+09:00
2026-02-02|3103|dual_top1_agreement,2026-02-02,3103,ユニチカ,,,dual_top1_agreement,2条件一致リバウンド,2026-02,mature,2026-02-03,610,2026-02-09,922,0.511475409836,31200,-0.0103367173656,,0.531578947368,3.76883316413,-0.72972972973,1,1,1,0.999683093936,0.839522361755,EXACT_CANONICAL_2023_2026,,,,not_requested_historical,,,2026-09-19T23:38:33.900788+09:00,2026-09-19T23:38:33.900788+09:00
2026-02-02|3103|dual_top1_agreement_g3_no_acute_selloff,2026-02-02,3103,ユニチカ,,,dual_top1_agreement_g3_no_acute_selloff,地合い安定・2条件一致,2026-02,mature,2026-02-03,610,2026-02-09,922,0.511475409836,31200,-0.0103367173656,,0.531578947368,3.76883316413,-0.72972972973,1,1,1,0.999683093936,0.839522361755,EXACT_CANONICAL_2023_2026,,,,not_requested_historical,,,2026-09-19T23:38:33.900788+09:00,2026-09-19T23:38:33.900788+09:00
2026-02-02|3103|mean_rank_volr20_body_pct,2026-02-02,3103,ユニチカ,,,mean_rank_volr20_body_pct,静かな売られ過ぎバランス,2026-02,mature,2026-02-03,610,2026-02-09,922,0.511475409836,31200,-0.0103367173656,,0.531578947368,3.76883316413,-0.72972972973,1,1,1,0.999683093936,0.839522361755,EXACT_CANONICAL_2023_2026,,,,not_requested_historical,,,2026-09-19T23:38:33.900788+09:00,2026-09-19T23:38:33.900788+09:00
2026-02-02|3103|volr20_low,2026-02-02,3103,ユニチカ,,,volr20_low,出来高沈静リバウンド,2026-02,mature,2026-02-03,610,2026-02-09,922,0.511475409836,31200,-0.0103367173656,,0.531578947368,3.76883316413,-0.72972972973,1,1,1,0.999683093936,0.839522361755,EXACT_CANONICAL_2023_2026,,,,not_requested_historical,,,2026-09-19T23:38:33.900788+09:00,2026-09-19T23:38:33.900788+09:00
2026-02-03|4422|body_pct_low,2026-02-03,4422,ＶＡＬＵＥＮＥＸ,,,body_pct_low,陰線沈み込みリバウンド,2026-02,mature,2026-02-04,456,2026-02-10,422,-0.0745614035088,-3400,0,,0.154589371981,1.02176949509,0.24,1,1,1,0.999738503892,0.842787921429,EXACT_CANONICAL_2023_2026,,,,not_requested_historical,,,2026-09-19T23:38:33.900788+09:00,2026-09-19T23:38:33.900788+09:00
2026-02-03|4422|dual_top1_agreement,2026-02-03,4422,ＶＡＬＵＥＮＥＸ,,,dual_top1_agreement,2条件一致リバウンド,2026-02,mature,2026-02-04,456,2026-02-10,422,-0.0745614035088,-3400,0,,0.154589371981,1.02176949509,0.24,1,1,1,0.999738503892,0.842787921429,EXACT_CANONICAL_2023_2026,,,,not_requested_historical,,,2026-09-19T23:38:33.900788+09:00,2026-09-19T23:38:33.900788+09:00
2026-02-03|4422|dual_top1_agreement_g3_no_acute_selloff,2026-02-03,4422,ＶＡＬＵＥＮＥＸ,,,dual_top1_agreement_g3_no_acute_selloff,地合い安定・2条件一致,2026-02,mature,2026-02-04,456,2026-02-10,422,-0.0745614035088,-3400,0,,0.154589371981,1.02176949509,0.24,1,1,1,0.999738503892,0.842787921429,EXACT_CANONICAL_2023_2026,,,,not_requested_historical,,,2026-09-19T23:38:33.900788+09:00,2026-09-19T23:38:33.900788+09:00
2026-02-03|4422|mean_rank_volr20_body_pct,2026-02-03,4422,ＶＡＬＵＥＮＥＸ,,,mean_rank_volr20_body_pct,静かな売られ過ぎバランス,2026-02,mature,2026-02-04,456,2026-02-10,422,-0.0745614035088,-3400,0,,0.154589371981,1.02176949509,0.24,1,1,1,0.999738503892,0.842787921429,EXACT_CANONICAL_2023_2026,,,,not_requested_historical,,,2026-09-19T23:38:33.900788+09:00,2026-09-19T23:38:33.900788+09:00
2026-02-03|4422|volr20_low,2026-02-03,4422,ＶＡＬＵＥＮＥＸ,,,volr20_low,出来高沈静リバウンド,2026-02,mature,2026-02-04,456,2026-02-10,422,-0.0745614035088,-3400,0,,0.154589371981,1.02176949509,0.24,1,1,1,0.999738503892,0.842787921429,EXACT_CANONICAL_2023_2026,,,,not_requested_historical,,,2026-09-19T23:38:33.900788+09:00,2026-09-19T23:38:33.900788+09:00
2026-02-19|6613|body_pct_low,2026-02-19,6613,ＱＤレーザ,,,body_pct_low,陰線沈み込みリバウンド,2026-02,mature,2026-02-20,741,2026-02-27,763,0.029689608637,2200,-0.00103655438581,,0.401818181818,1.68989636279,-0.0582524271845,0.333333333333,0.333333333333,0.333333333333,0.999035672346,0.821460485458,EXACT_CANONICAL_2023_2026,,,,not_requested_historical,,,2026-09-19T23:38:33.900788+09:00,2026-09-19T23:38:33.900788+09:00
2026-02-19|6613|dual_top1_agreement,2026-02-19,6613,ＱＤレーザ,,,dual_top1_agreement,2条件一致リバウンド,2026-02,mature,2026-02-20,741,2026-02-27,763,0.029689608637,2200,-0.00103655438581,,0.401818181818,1.68989636279,-0.0582524271845,0.333333333333,0.333333333333,0.333333333333,0.999035672346,0.821460485458,EXACT_CANONICAL_2023_2026,,,,not_requested_historical,,,2026-09-19T23:38:33.900788+09:00,2026-09-19T23:38:33.900788+09:00
2026-02-19|6613|dual_top1_agreement_g3_no_acute_selloff,2026-02-19,6613,ＱＤレーザ,,,dual_top1_agreement_g3_no_acute_selloff,地合い安定・2条件一致,2026-02,mature,2026-02-20,741,2026-02-27,763,0.029689608637,2200,-0.00103655438581,,0.401818181818,1.68989636279,-0.0582524271845,0.333333333333,0.333333333333,0.333333333333,0.999035672346,0.821460485458,EXACT_CANONICAL_2023_2026,,,,not_requested_historical,,,2026-09-19T23:38:33.900788+09:00,2026-09-19T23:38:33.900788+09:00
2026-02-19|6613|mean_rank_volr20_body_pct,2026-02-19,6613,ＱＤレーザ,,,mean_rank_volr20_body_pct,静かな売られ過ぎバランス,2026-02,mature,2026-02-20,741,2026-02-27,763,0.029689608637,2200,-0.00103655438581,,0.401818181818,1.68989636279,-0.0582524271845,0.333333333333,0.333333333333,0.333333333333,0.999035672346,0.821460485458,EXACT_CANONICAL_2023_2026,,,,not_requested_historical,,,2026-09-19T23:38:33.900788+09:00,2026-09-19T23:38:33.900788+09:00
2026-02-19|6613|volr20_low,2026-02-19,6613,ＱＤレーザ,,,volr20_low,出来高沈静リバウンド,2026-02,mature,2026-02-20,741,2026-02-27,763,0.029689608637,2200,-0.00103655438581,,0.401818181818,1.68989636279,-0.0582524271845,0.333333333333,0.333333333333,0.333333333333,0.999035672346,0.821460485458,EXACT_CANONICAL_2023_2026,,,,not_requested_historical,,,2026-09-19T23:38:33.900788+09:00,2026-09-19T23:38:33.900788+09:00
2026-03-03|7771|body_pct_low,2026-03-03,7771,日本精密,,,body_pct_low,陰線沈み込みリバウンド,2026-03,mature,2026-03-04,377,2026-03-10,483,0.281167108753,10600,-0.0105345091434,,-0.3808,0.267532510986,-0.717391304348,0.5,0.5,0.5,0.999080674848,0.834614694118,EXACT_CANONICAL_2023_2026,,,,not_requested_historical,,,2026-09-19T23:38:33.900788+09:00,2026-09-19T23:38:33.900788+09:00
2026-03-03|7771|dual_top1_agreement,2026-03-03,7771,日本精密,,,dual_top1_agreement,2条件一致リバウンド,2026-03,mature,2026-03-04,377,2026-03-10,483,0.281167108753,10600,-0.0105345091434,,-0.3808,0.267532510986,-0.717391304348,0.5,0.5,0.5,0.999080674848,0.834614694118,EXACT_CANONICAL_2023_2026,,,,not_requested_historical,,,2026-09-19T23:38:33.900788+09:00,2026-09-19T23:38:33.900788+09:00
2026-03-03|7771|mean_rank_volr20_body_pct,2026-03-03,7771,日本精密,,,mean_rank_volr20_body_pct,静かな売られ過ぎバランス,2026-03,mature,2026-03-04,377,2026-03-10,483,0.281167108753,10600,-0.0105345091434,,-0.3808,0.267532510986,-0.717391304348,0.5,0.5,0.5,0.999080674848,0.834614694118,EXACT_CANONICAL_2023_2026,,,,not_requested_historical,,,2026-09-19T23:38:33.900788+09:00,2026-09-19T23:38:33.900788+09:00
2026-03-03|7771|volr20_low,2026-03-03,7771,日本精密,,,volr20_low,出来高沈静リバウンド,2026-03,mature,2026-03-04,377,2026-03-10,483,0.281167108753,10600,-0.0105345091434,,-0.3808,0.267532510986,-0.717391304348,0.5,0.5,0.5,0.999080674848,0.834614694118,EXACT_CANONICAL_2023_2026,,,,not_requested_historical,,,2026-09-19T23:38:33.900788+09:00,2026-09-19T23:38:33.900788+09:00
2026-03-05|6613|body_pct_low,2026-03-05,6613,ＱＤレーザ,,,body_pct_low,陰線沈み込みリバウンド,2026-03,mature,2026-03-06,979,2026-03-12,1100,0.123595505618,12100,-0.0219614758546,,0.185279187817,2.13893890647,0.377551020408,1,1,1,0.99919738418,0.838038921356,EXACT_CANONICAL_2023_2026,,,,not_requested_historical,,,2026-09-19T23:38:33.900788+09:00,2026-09-19T23:38:33.900788+09:00
2026-03-05|6613|dual_top1_agreement,2026-03-05,6613,ＱＤレーザ,,,dual_top1_agreement,2条件一致リバウンド,2026-03,mature,2026-03-06,979,2026-03-12,1100,0.123595505618,12100,-0.0219614758546,,0.185279187817,2.13893890647,0.377551020408,1,1,1,0.99919738418,0.838038921356,EXACT_CANONICAL_2023_2026,,,,not_requested_historical,,,2026-09-19T23:38:33.900788+09:00,2026-09-19T23:38:33.900788+09:00
2026-03-05|6613|dual_top1_agreement_g3_no_acute_selloff,2026-03-05,6613,ＱＤレーザ,,,dual_top1_agreement_g3_no_acute_selloff,地合い安定・2条件一致,2026-03,mature,2026-03-06,979,2026-03-12,1100,0.123595505618,12100,-0.0219614758546,,0.185279187817,2.13893890647,0.377551020408,1,1,1,0.99919738418,0.838038921356,EXACT_CANONICAL_2023_2026,,,,not_requested_historical,,,2026-09-19T23:38:33.900788+09:00,2026-09-19T23:38:33.900788+09:00
2026-03-05|6613|mean_rank_volr20_body_pct,2026-03-05,6613,ＱＤレーザ,,,mean_rank_volr20_body_pct,静かな売られ過ぎバランス,2026-03,mature,2026-03-06,979,2026-03-12,1100,0.123595505618,12100,-0.0219614758546,,0.185279187817,2.13893890647,0.377551020408,1,1,1,0.99919738418,0.838038921356,EXACT_CANONICAL_2023_2026,,,,not_requested_historical,,,2026-09-19T23:38:33.900788+09:00,2026-09-19T23:38:33.900788+09:00
2026-03-05|6613|volr20_low,2026-03-05,6613,ＱＤレーザ,,,volr20_low,出来高沈静リバウンド,2026-03,mature,2026-03-06,979,2026-03-12,1100,0.123595505618,12100,-0.0219614758546,,0.185279187817,2.13893890647,0.377551020408,1,1,1,0.99919738418,0.838038921356,EXACT_CANONICAL_2023_2026,,,,not_requested_historical,,,2026-09-19T23:38:33.900788+09:00,2026-09-19T23:38:33.900788+09:00
2026-03-06|6613|body_pct_low,2026-03-06,6613,ＱＤレーザ,,,body_pct_low,陰線沈み込みリバウンド,2026-03,mature,2026-03-09,796,2026-03-13,1140,0.43216080402,34400,-0.0336351875809,,0.114137483787,1.40653019282,-0.89552238806,1,1,1,0.99912563664,0.835859119892,EXACT_CANONICAL_2023_2026,,,,not_requested_historical,,,2026-09-19T23:38:33.900788+09:00,2026-09-19T23:38:33.900788+09:00
2026-03-06|6613|dual_top1_agreement,2026-03-06,6613,ＱＤレーザ,,,dual_top1_agreement,2条件一致リバウンド,2026-03,mature,2026-03-09,796,2026-03-13,1140,0.43216080402,34400,-0.0336351875809,,0.114137483787,1.40653019282,-0.89552238806,1,1,1,0.99912563664,0.835859119892,EXACT_CANONICAL_2023_2026,,,,not_requested_historical,,,2026-09-19T23:38:33.900788+09:00,2026-09-19T23:38:33.900788+09:00
2026-03-06|6613|dual_top1_agreement_g3_no_acute_selloff,2026-03-06,6613,ＱＤレーザ,,,dual_top1_agreement_g3_no_acute_selloff,地合い安定・2条件一致,2026-03,mature,2026-03-09,796,2026-03-13,1140,0.43216080402,34400,-0.0336351875809,,0.114137483787,1.40653019282,-0.89552238806,1,1,1,0.99912563664,0.835859119892,EXACT_CANONICAL_2023_2026,,,,not_requested_historical,,,2026-09-19T23:38:33.900788+09:00,2026-09-19T23:38:33.900788+09:00
2026-03-06|6613|mean_rank_volr20_body_pct,2026-03-06,6613,ＱＤレーザ,,,mean_rank_volr20_body_pct,静かな売られ過ぎバランス,2026-03,mature,2026-03-09,796,2026-03-13,1140,0.43216080402,34400,-0.0336351875809,,0.114137483787,1.40653019282,-0.89552238806,1,1,1,0.99912563664,0.835859119892,EXACT_CANONICAL_2023_2026,,,,not_requested_historical,,,2026-09-19T23:38:33.900788+09:00,2026-09-19T23:38:33.900788+09:00
2026-03-06|6613|volr20_low,2026-03-06,6613,ＱＤレーザ,,,volr20_low,出来高沈静リバウンド,2026-03,mature,2026-03-09,796,2026-03-13,1140,0.43216080402,34400,-0.0336351875809,,0.114137483787,1.40653019282,-0.89552238806,1,1,1,0.99912563664,0.835859119892,EXACT_CANONICAL_2023_2026,,,,not_requested_historical,,,2026-09-19T23:38:33.900788+09:00,2026-09-19T23:38:33.900788+09:00
2026-03-09|4596|body_pct_low,2026-03-09,4596,窪田製薬ホールディングス,,,body_pct_low,陰線沈み込みリバウンド,2026-03,mature,2026-03-10,121,2026-03-16,115,-0.0495867768595,-600,-0.0458860759494,,-0.360655737705,0.444888524118,0.4375,1,1,1,0.999055802367,0.833775281906,EXACT_CANONICAL_2023_2026,,,,not_requested_historical,,,2026-09-19T23:38:33.900788+09:00,2026-09-19T23:38:33.900788+09:00
2026-03-09|4596|dual_top1_agreement,2026-03-09,4596,窪田製薬ホールディングス,,,dual_top1_agreement,2条件一致リバウンド,2026-03,mature,2026-03-10,121,2026-03-16,115,-0.0495867768595,-600,-0.0458860759494,,-0.360655737705,0.444888524118,0.4375,1,1,1,0.999055802367,0.833775281906,EXACT_CANONICAL_2023_2026,,,,not_requested_historical,,,2026-09-19T23:38:33.900788+09:00,2026-09-19T23:38:33.900788+09:00
2026-03-09|4596|mean_rank_volr20_body_pct,2026-03-09,4596,窪田製薬ホールディングス,,,mean_rank_volr20_body_pct,静かな売られ過ぎバランス,2026-03,mature,2026-03-10,121,2026-03-16,115,-0.0495867768595,-600,-0.0458860759494,,-0.360655737705,0.444888524118,0.4375,1,1,1,0.999055802367,0.833775281906,EXACT_CANONICAL_2023_2026,,,,not_requested_historical,,,2026-09-19T23:38:33.900788+09:00,2026-09-19T23:38:33.900788+09:00
2026-03-09|4596|volr20_low,2026-03-09,4596,窪田製薬ホールディングス,,,volr20_low,出来高沈静リバウンド,2026-03,mature,2026-03-10,121,2026-03-16,115,-0.0495867768595,-600,-0.0458860759494,,-0.360655737705,0.444888524118,0.4375,1,1,1,0.999055802367,0.833775281906,EXACT_CANONICAL_2023_2026,,,,not_requested_historical,,,2026-09-19T23:38:33.900788+09:00,2026-09-19T23:38:33.900788+09:00
2026-03-10|7719|body_pct_low,2026-03-10,7719,東京衡機,,,body_pct_low,陰線沈み込みリバウンド,2026-03,mature,2026-03-11,850,2026-03-17,693,-0.184705882353,-15700,-0.00836820083682,,0.5375,2.08065626778,-0.335164835165,1,0.5,0.75,0.999764668067,0.857429206371,EXACT_CANONICAL_2023_2026,,,,not_requested_historical,,,2026-09-19T23:38:33.900788+09:00,2026-09-19T23:38:33.900788+09:00
2026-03-10|7719|mean_rank_volr20_body_pct,2026-03-10,7719,東京衡機,,,mean_rank_volr20_body_pct,静かな売られ過ぎバランス,2026-03,mature,2026-03-11,850,2026-03-17,693,-0.184705882353,-15700,-0.00836820083682,,0.5375,2.08065626778,-0.335164835165,1,0.5,0.75,0.999764668067,0.857429206371,EXACT_CANONICAL_2023_2026,,,,not_requested_historical,,,2026-09-19T23:38:33.900788+09:00,2026-09-19T23:38:33.900788+09:00
2026-03-10|7771|volr20_low,2026-03-10,7771,日本精密,,,volr20_low,出来高沈静リバウンド,2026-03,mature,2026-03-11,483,2026-03-17,412,-0.146997929607,-7100,-0.00836820083682,,0.251295336788,1.48586973834,0.969696969697,0.5,1,0.75,0.999627869423,0.851212739944,EXACT_CANONICAL_2023_2026,,,,not_requested_historical,,,2026-09-19T23:38:33.900788+09:00,2026-09-19T23:38:33.900788+09:00
2026-03-17|4422|body_pct_low,2026-03-17,4422,ＶＡＬＵＥＮＥＸ,,,body_pct_low,陰線沈み込みリバウンド,2026-03,mature,2026-03-18,467,2026-03-25,571,0.222698072805,10400,-0.0146862483311,,0.394230769231,7.45322058294,-0.8125,1,1,1,0.999119896837,0.835754811764,EXACT_CANONICAL_2023_2026,,,,not_requested_historical,,,2026-09-19T23:38:33.900788+09:00,2026-09-19T23:38:33.900788+09:00
2026-03-17|4422|dual_top1_agreement,2026-03-17,4422,ＶＡＬＵＥＮＥＸ,,,dual_top1_agreement,2条件一致リバウンド,2026-03,mature,2026-03-18,467,2026-03-25,571,0.222698072805,10400,-0.0146862483311,,0.394230769231,7.45322058294,-0.8125,1,1,1,0.999119896837,0.835754811764,EXACT_CANONICAL_2023_2026,,,,not_requested_historical,,,2026-09-19T23:38:33.900788+09:00,2026-09-19T23:38:33.900788+09:00
2026-03-17|4422|dual_top1_agreement_g3_no_acute_selloff,2026-03-17,4422,ＶＡＬＵＥＮＥＸ,,,dual_top1_agreement_g3_no_acute_selloff,地合い安定・2条件一致,2026-03,mature,2026-03-18,467,2026-03-25,571,0.222698072805,10400,-0.0146862483311,,0.394230769231,7.45322058294,-0.8125,1,1,1,0.999119896837,0.835754811764,EXACT_CANONICAL_2023_2026,,,,not_requested_historical,,,2026-09-19T23:38:33.900788+09:00,2026-09-19T23:38:33.900788+09:00
2026-03-17|4422|mean_rank_volr20_body_pct,2026-03-17,4422,ＶＡＬＵＥＮＥＸ,,,mean_rank_volr20_body_pct,静かな売られ過ぎバランス,2026-03,mature,2026-03-18,467,2026-03-25,571,0.222698072805,10400,-0.0146862483311,,0.394230769231,7.45322058294,-0.8125,1,1,1,0.999119896837,0.835754811764,EXACT_CANONICAL_2023_2026,,,,not_requested_historical,,,2026-09-19T23:38:33.900788+09:00,2026-09-19T23:38:33.900788+09:00
2026-03-17|4422|volr20_low,2026-03-17,4422,ＶＡＬＵＥＮＥＸ,,,volr20_low,出来高沈静リバウンド,2026-03,mature,2026-03-18,467,2026-03-25,571,0.222698072805,10400,-0.0146862483311,,0.394230769231,7.45322058294,-0.8125,1,1,1,0.999119896837,0.835754811764,EXACT_CANONICAL_2023_2026,,,,not_requested_historical,,,2026-09-19T23:38:33.900788+09:00,2026-09-19T23:38:33.900788+09:00
2026-03-18|4888|body_pct_low,2026-03-18,4888,ステラファーマ,,,body_pct_low,陰線沈み込みリバウンド,2026-03,mature,2026-03-19,550,2026-03-26,778,0.414545454545,22800,-0.00531914893617,,0.272727272727,2.27735813867,0.809523809524,1,1,1,0.999900510077,0.86657589674,EXACT_CANONICAL_2023_2026,,,,not_requested_historical,,,2026-09-19T23:38:33.900788+09:00,2026-09-19T23:38:33.900788+09:00
2026-03-18|4888|dual_top1_agreement,2026-03-18,4888,ステラファーマ,,,dual_top1_agreement,2条件一致リバウンド,2026-03,mature,2026-03-19,550,2026-03-26,778,0.414545454545,22800,-0.00531914893617,,0.272727272727,2.27735813867,0.809523809524,1,1,1,0.999900510077,0.86657589674,EXACT_CANONICAL_2023_2026,,,,not_requested_historical,,,2026-09-19T23:38:33.900788+09:00,2026-09-19T23:38:33.900788+09:00
2026-03-18|4888|dual_top1_agreement_g3_no_acute_selloff,2026-03-18,4888,ステラファーマ,,,dual_top1_agreement_g3_no_acute_selloff,地合い安定・2条件一致,2026-03,mature,2026-03-19,550,2026-03-26,778,0.414545454545,22800,-0.00531914893617,,0.272727272727,2.27735813867,0.809523809524,1,1,1,0.999900510077,0.86657589674,EXACT_CANONICAL_2023_2026,,,,not_requested_historical,,,2026-09-19T23:38:33.900788+09:00,2026-09-19T23:38:33.900788+09:00
2026-03-18|4888|mean_rank_volr20_body_pct,2026-03-18,4888,ステラファーマ,,,mean_rank_volr20_body_pct,静かな売られ過ぎバランス,2026-03,mature,2026-03-19,550,2026-03-26,778,0.414545454545,22800,-0.00531914893617,,0.272727272727,2.27735813867,0.809523809524,1,1,1,0.999900510077,0.86657589674,EXACT_CANONICAL_2023_2026,,,,not_requested_historical,,,2026-09-19T23:38:33.900788+09:00,2026-09-19T23:38:33.900788+09:00
2026-03-18|4888|volr20_low,2026-03-18,4888,ステラファーマ,,,volr20_low,出来高沈静リバウンド,2026-03,mature,2026-03-19,550,2026-03-26,778,0.414545454545,22800,-0.00531914893617,,0.272727272727,2.27735813867,0.809523809524,1,1,1,0.999900510077,0.86657589674,EXACT_CANONICAL_2023_2026,,,,not_requested_historical,,,2026-09-19T23:38:33.900788+09:00,2026-09-19T23:38:33.900788+09:00
2026-03-19|4422|body_pct_low,2026-03-19,4422,ＶＡＬＵＥＮＥＸ,,,body_pct_low,陰線沈み込みリバウンド,2026-03,mature,2026-03-23,435,2026-03-27,486,0.11724137931,5100,-0.0112612612613,,0.466049382716,6.1509082663,-0.816326530612,1,0.5,0.75,0.999310266977,0.841242551804,EXACT_CANONICAL_2023_2026,,,,not_requested_historical,,,2026-09-19T23:38:33.900788+09:00,2026-09-19T23:38:33.900788+09:00
2026-03-19|4888|mean_rank_volr20_body_pct,2026-03-19,4888,ステラファーマ,,,mean_rank_volr20_body_pct,静かな売られ過ぎバランス,2026-03,mature,2026-03-23,624,2026-03-27,881,0.411858974359,25700,-0.0112612612613,,0.289978678038,2.98994725141,0.544554455446,0.5,1,0.75,0.999813456395,0.859582960606,EXACT_CANONICAL_2023_2026,,,,not_requested_historical,,,2026-09-19T23:38:33.900788+09:00,2026-09-19T23:38:33.900788+09:00
2026-03-19|4888|volr20_low,2026-03-19,4888,ステラファーマ,,,volr20_low,出来高沈静リバウンド,2026-03,mature,2026-03-23,624,2026-03-27,881,0.411858974359,25700,-0.0112612612613,,0.289978678038,2.98994725141,0.544554455446,0.5,1,0.75,0.999813456395,0.859582960606,EXACT_CANONICAL_2023_2026,,,,not_requested_historical,,,2026-09-19T23:38:33.900788+09:00,2026-09-19T23:38:33.900788+09:00
2026-03-24|6740|body_pct_low,2026-03-24,6740,ジャパンディスプレイ,,,body_pct_low,陰線沈み込みリバウンド,2026-03,mature,2026-03-25,65,2026-03-31,72,0.107692307692,700,-0.0142387732749,,0.192307692308,0.678045329618,0.142857142857,1,1,1,0.999330356289,0.84194290638,EXACT_CANONICAL_2023_2026,,,,not_requested_historical,,,2026-09-19T23:38:33.900788+09:00,2026-09-19T23:38:33.900788+09:00
2026-03-24|6740|dual_top1_agreement,2026-03-24,6740,ジャパンディスプレイ,,,dual_top1_agreement,2条件一致リバウンド,2026-03,mature,2026-03-25,65,2026-03-31,72,0.107692307692,700,-0.0142387732749,,0.192307692308,0.678045329618,0.142857142857,1,1,1,0.999330356289,0.84194290638,EXACT_CANONICAL_2023_2026,,,,not_requested_historical,,,2026-09-19T23:38:33.900788+09:00,2026-09-19T23:38:33.900788+09:00
2026-03-24|6740|dual_top1_agreement_g3_no_acute_selloff,2026-03-24,6740,ジャパンディスプレイ,,,dual_top1_agreement_g3_no_acute_selloff,地合い安定・2条件一致,2026-03,mature,2026-03-25,65,2026-03-31,72,0.107692307692,700,-0.0142387732749,,0.192307692308,0.678045329618,0.142857142857,1,1,1,0.999330356289,0.84194290638,EXACT_CANONICAL_2023_2026,,,,not_requested_historical,,,2026-09-19T23:38:33.900788+09:00,2026-09-19T23:38:33.900788+09:00
2026-03-24|6740|mean_rank_volr20_body_pct,2026-03-24,6740,ジャパンディスプレイ,,,mean_rank_volr20_body_pct,静かな売られ過ぎバランス,2026-03,mature,2026-03-25,65,2026-03-31,72,0.107692307692,700,-0.0142387732749,,0.192307692308,0.678045329618,0.142857142857,1,1,1,0.999330356289,0.84194290638,EXACT_CANONICAL_2023_2026,,,,not_requested_historical,,,2026-09-19T23:38:33.900788+09:00,2026-09-19T23:38:33.900788+09:00
2026-03-24|6740|volr20_low,2026-03-24,6740,ジャパンディスプレイ,,,volr20_low,出来高沈静リバウンド,2026-03,mature,2026-03-25,65,2026-03-31,72,0.107692307692,700,-0.0142387732749,,0.192307692308,0.678045329618,0.142857142857,1,1,1,0.999330356289,0.84194290638,EXACT_CANONICAL_2023_2026,,,,not_requested_historical,,,2026-09-19T23:38:33.900788+09:00,2026-09-19T23:38:33.900788+09:00
2026-03-25|6085|body_pct_low,2026-03-25,6085,アーキテクツ・スタジオ・ジャパン,,,body_pct_low,陰線沈み込みリバウンド,2026-03,mature,2026-03-26,298.399993896,2026-04-01,296.899993896,-0.00502680975429,-150,-0.00106951871658,,0.113538850915,1.56789276053,0.5859375,0.5,0.5,0.5,0.999192601011,0.837864756584,EXACT_CANONICAL_2023_2026,,,,not_requested_historical,,,2026-09-19T23:38:33.900788+09:00,2026-09-19T23:38:33.900788+09:00
2026-03-25|6085|dual_top1_agreement,2026-03-25,6085,アーキテクツ・スタジオ・ジャパン,,,dual_top1_agreement,2条件一致リバウンド,2026-03,mature,2026-03-26,298.399993896,2026-04-01,296.899993896,-0.00502680975429,-150,-0.00106951871658,,0.113538850915,1.56789276053,0.5859375,0.5,0.5,0.5,0.999192601011,0.837864756584,EXACT_CANONICAL_2023_2026,,,,not_requested_historical,,,2026-09-19T23:38:33.900788+09:00,2026-09-19T23:38:33.900788+09:00
2026-03-25|6085|dual_top1_agreement_g3_no_acute_selloff,2026-03-25,6085,アーキテクツ・スタジオ・ジャパン,,,dual_top1_agreement_g3_no_acute_selloff,地合い安定・2条件一致,2026-03,mature,2026-03-26,298.399993896,2026-04-01,296.899993896,-0.00502680975429,-150,-0.00106951871658,,0.113538850915,1.56789276053,0.5859375,0.5,0.5,0.5,0.999192601011,0.837864756584,EXACT_CANONICAL_2023_2026,,,,not_requested_historical,,,2026-09-19T23:38:33.900788+09:00,2026-09-19T23:38:33.900788+09:00
2026-03-25|6085|mean_rank_volr20_body_pct,2026-03-25,6085,アーキテクツ・スタジオ・ジャパン,,,mean_rank_volr20_body_pct,静かな売られ過ぎバランス,2026-03,mature,2026-03-26,298.399993896,2026-04-01,296.899993896,-0.00502680975429,-150,-0.00106951871658,,0.113538850915,1.56789276053,0.5859375,0.5,0.5,0.5,0.999192601011,0.837864756584,EXACT_CANONICAL_2023_2026,,,,not_requested_historical,,,2026-09-19T23:38:33.900788+09:00,2026-09-19T23:38:33.900788+09:00
2026-03-25|6085|volr20_low,2026-03-25,6085,アーキテクツ・スタジオ・ジャパン,,,volr20_low,出来高沈静リバウンド,2026-03,mature,2026-03-26,298.399993896,2026-04-01,296.899993896,-0.00502680975429,-150,-0.00106951871658,,0.113538850915,1.56789276053,0.5859375,0.5,0.5,0.5,0.999192601011,0.837864756584,EXACT_CANONICAL_2023_2026,,,,not_requested_historical,,,2026-09-19T23:38:33.900788+09:00,2026-09-19T23:38:33.900788+09:00
2026-03-26|4422|body_pct_low,2026-03-26,4422,ＶＡＬＵＥＮＥＸ,,,body_pct_low,陰線沈み込みリバウンド,2026-03,mature,2026-03-27,491,2026-04-02,461,-0.061099796334,-3000,-0.0203401341369,,0.512121212121,3.70457989149,-0.288235294118,1,1,1,0.999106503962,0.8353703022,EXACT_CANONICAL_2023_2026,,,,not_requested_historical,,,2026-09-19T23:38:33.900788+09:00,2026-09-19T23:38:33.900788+09:00
2026-03-26|4422|dual_top1_agreement,2026-03-26,4422,ＶＡＬＵＥＮＥＸ,,,dual_top1_agreement,2条件一致リバウンド,2026-03,mature,2026-03-27,491,2026-04-02,461,-0.061099796334,-3000,-0.0203401341369,,0.512121212121,3.70457989149,-0.288235294118,1,1,1,0.999106503962,0.8353703022,EXACT_CANONICAL_2023_2026,,,,not_requested_historical,,,2026-09-19T23:38:33.900788+09:00,2026-09-19T23:38:33.900788+09:00
2026-03-26|4422|dual_top1_agreement_g3_no_acute_selloff,2026-03-26,4422,ＶＡＬＵＥＮＥＸ,,,dual_top1_agreement_g3_no_acute_selloff,地合い安定・2条件一致,2026-03,mature,2026-03-27,491,2026-04-02,461,-0.061099796334,-3000,-0.0203401341369,,0.512121212121,3.70457989149,-0.288235294118,1,1,1,0.999106503962,0.8353703022,EXACT_CANONICAL_2023_2026,,,,not_requested_historical,,,2026-09-19T23:38:33.900788+09:00,2026-09-19T23:38:33.900788+09:00
2026-03-26|4422|mean_rank_volr20_body_pct,2026-03-26,4422,ＶＡＬＵＥＮＥＸ,,,mean_rank_volr20_body_pct,静かな売られ過ぎバランス,2026-03,mature,2026-03-27,491,2026-04-02,461,-0.061099796334,-3000,-0.0203401341369,,0.512121212121,3.70457989149,-0.288235294118,1,1,1,0.999106503962,0.8353703022,EXACT_CANONICAL_2023_2026,,,,not_requested_historical,,,2026-09-19T23:38:33.900788+09:00,2026-09-19T23:38:33.900788+09:00
2026-03-26|4422|volr20_low,2026-03-26,4422,ＶＡＬＵＥＮＥＸ,,,volr20_low,出来高沈静リバウンド,2026-03,mature,2026-03-27,491,2026-04-02,461,-0.061099796334,-3000,-0.0203401341369,,0.512121212121,3.70457989149,-0.288235294118,1,1,1,0.999106503962,0.8353703022,EXACT_CANONICAL_2023_2026,,,,not_requested_historical,,,2026-09-19T23:38:33.900788+09:00,2026-09-19T23:38:33.900788+09:00
2026-03-31|7746|body_pct_low,2026-03-31,7746,岡本硝子,,,body_pct_low,陰線沈み込みリバウンド,2026-03,mature,2026-04-01,1126,2026-04-07,1001,-0.111012433393,-12500,-0.0162552679109,,-0.0414150129422,4.19930249843,0.803921568627,1,1,1,0.99945663196,0.8461124897,EXACT_CANONICAL_2023_2026,,,,not_requested_historical,,,2026-09-19T23:38:33.900788+09:00,2026-09-19T23:38:33.900788+09:00
2026-03-31|7746|dual_top1_agreement,2026-03-31,7746,岡本硝子,,,dual_top1_agreement,2条件一致リバウンド,2026-03,mature,2026-04-01,1126,2026-04-07,1001,-0.111012433393,-12500,-0.0162552679109,,-0.0414150129422,4.19930249843,0.803921568627,1,1,1,0.99945663196,0.8461124897,EXACT_CANONICAL_2023_2026,,,,not_requested_historical,,,2026-09-19T23:38:33.900788+09:00,2026-09-19T23:38:33.900788+09:00
2026-03-31|7746|dual_top1_agreement_g3_no_acute_selloff,2026-03-31,7746,岡本硝子,,,dual_top1_agreement_g3_no_acute_selloff,地合い安定・2条件一致,2026-03,mature,2026-04-01,1126,2026-04-07,1001,-0.111012433393,-12500,-0.0162552679109,,-0.0414150129422,4.19930249843,0.803921568627,1,1,1,0.99945663196,0.8461124897,EXACT_CANONICAL_2023_2026,,,,not_requested_historical,,,2026-09-19T23:38:33.900788+09:00,2026-09-19T23:38:33.900788+09:00
2026-03-31|7746|mean_rank_volr20_body_pct,2026-03-31,7746,岡本硝子,,,mean_rank_volr20_body_pct,静かな売られ過ぎバランス,2026-03,mature,2026-04-01,1126,2026-04-07,1001,-0.111012433393,-12500,-0.0162552679109,,-0.0414150129422,4.19930249843,0.803921568627,1,1,1,0.99945663196,0.8461124897,EXACT_CANONICAL_2023_2026,,,,not_requested_historical,,,2026-09-19T23:38:33.900788+09:00,2026-09-19T23:38:33.900788+09:00
2026-03-31|7746|volr20_low,2026-03-31,7746,岡本硝子,,,volr20_low,出来高沈静リバウンド,2026-03,mature,2026-04-01,1126,2026-04-07,1001,-0.111012433393,-12500,-0.0162552679109,,-0.0414150129422,4.19930249843,0.803921568627,1,1,1,0.99945663196,0.8461124897,EXACT_CANONICAL_2023_2026,,,,not_requested_historical,,,2026-09-19T23:38:33.900788+09:00,2026-09-19T23:38:33.900788+09:00
2026-04-02|6740|body_pct_low,2026-04-02,6740,ジャパンディスプレイ,,,body_pct_low,陰線沈み込みリバウンド,2026-04,mature,2026-04-03,98,2026-04-09,87,-0.112244897959,-1100,-0.00934579439252,,-0.198275862069,1.31186099448,-0.16,1,1,1,0.99920300399,0.834286928177,EXACT_CANONICAL_2023_2026,,,,not_requested_historical,,,2026-09-19T23:38:33.900788+09:00,2026-09-19T23:38:33.900788+09:00
2026-04-02|6740|dual_top1_agreement,2026-04-02,6740,ジャパンディスプレイ,,,dual_top1_agreement,2条件一致リバウンド,2026-04,mature,2026-04-03,98,2026-04-09,87,-0.112244897959,-1100,-0.00934579439252,,-0.198275862069,1.31186099448,-0.16,1,1,1,0.99920300399,0.834286928177,EXACT_CANONICAL_2023_2026,,,,not_requested_historical,,,2026-09-19T23:38:33.900788+09:00,2026-09-19T23:38:33.900788+09:00
2026-04-02|6740|dual_top1_agreement_g3_no_acute_selloff,2026-04-02,6740,ジャパンディスプレイ,,,dual_top1_agreement_g3_no_acute_selloff,地合い安定・2条件一致,2026-04,mature,2026-04-03,98,2026-04-09,87,-0.112244897959,-1100,-0.00934579439252,,-0.198275862069,1.31186099448,-0.16,1,1,1,0.99920300399,0.834286928177,EXACT_CANONICAL_2023_2026,,,,not_requested_historical,,,2026-09-19T23:38:33.900788+09:00,2026-09-19T23:38:33.900788+09:00
2026-04-02|6740|mean_rank_volr20_body_pct,2026-04-02,6740,ジャパンディスプレイ,,,mean_rank_volr20_body_pct,静かな売られ過ぎバランス,2026-04,mature,2026-04-03,98,2026-04-09,87,-0.112244897959,-1100,-0.00934579439252,,-0.198275862069,1.31186099448,-0.16,1,1,1,0.99920300399,0.834286928177,EXACT_CANONICAL_2023_2026,,,,not_requested_historical,,,2026-09-19T23:38:33.900788+09:00,2026-09-19T23:38:33.900788+09:00
2026-04-02|6740|volr20_low,2026-04-02,6740,ジャパンディスプレイ,,,volr20_low,出来高沈静リバウンド,2026-04,mature,2026-04-03,98,2026-04-09,87,-0.112244897959,-1100,-0.00934579439252,,-0.198275862069,1.31186099448,-0.16,1,1,1,0.99920300399,0.834286928177,EXACT_CANONICAL_2023_2026,,,,not_requested_historical,,,2026-09-19T23:38:33.900788+09:00,2026-09-19T23:38:33.900788+09:00
2026-04-14|281A|body_pct_low,2026-04-14,281A,インフォメティス,,,body_pct_low,陰線沈み込みリバウンド,2026-04,mature,2026-04-15,675,2026-04-21,895,0.325925925926,22000,0,,0.487964989059,1.6584314581,0.0495867768595,1,0.5,0.75,0.999187045295,0.83380907774,EXACT_CANONICAL_2023_2026,,,,not_requested_historical,,,2026-09-19T23:38:33.900788+09:00,2026-09-19T23:38:33.900788+09:00
2026-04-14|6740|mean_rank_volr20_body_pct,2026-04-14,6740,ジャパンディスプレイ,,,mean_rank_volr20_body_pct,静かな売られ過ぎバランス,2026-04,mature,2026-04-15,94,2026-04-21,104,0.106382978723,1000,0,,0.25,0.721356379579,0.7,0.5,1,0.75,0.999190800282,0.833961546421,EXACT_CANONICAL_2023_2026,,,,not_requested_historical,,,2026-09-19T23:38:33.900788+09:00,2026-09-19T23:38:33.900788+09:00
2026-04-14|6740|volr20_low,2026-04-14,6740,ジャパンディスプレイ,,,volr20_low,出来高沈静リバウンド,2026-04,mature,2026-04-15,94,2026-04-21,104,0.106382978723,1000,0,,0.25,0.721356379579,0.7,0.5,1,0.75,0.999190800282,0.833961546421,EXACT_CANONICAL_2023_2026,,,,not_requested_historical,,,2026-09-19T23:38:33.900788+09:00,2026-09-19T23:38:33.900788+09:00
2026-04-15|4840|body_pct_low,2026-04-15,4840,トライアイズ,,,body_pct_low,陰線沈み込みリバウンド,2026-04,mature,2026-04-16,1039,2026-04-22,1009,-0.0288739172281,-3000,-0.0121450281594,,0.280456852792,1.12723793028,0.972222222222,1,1,1,0.999021825862,0.830099761486,EXACT_CANONICAL_2023_2026,,,,not_requested_historical,,,2026-09-19T23:38:33.900788+09:00,2026-09-19T23:38:33.900788+09:00
2026-04-15|4840|dual_top1_agreement,2026-04-15,4840,トライアイズ,,,dual_top1_agreement,2条件一致リバウンド,2026-04,mature,2026-04-16,1039,2026-04-22,1009,-0.0288739172281,-3000,-0.0121450281594,,0.280456852792,1.12723793028,0.972222222222,1,1,1,0.999021825862,0.830099761486,EXACT_CANONICAL_2023_2026,,,,not_requested_historical,,,2026-09-19T23:38:33.900788+09:00,2026-09-19T23:38:33.900788+09:00
2026-04-15|4840|dual_top1_agreement_g3_no_acute_selloff,2026-04-15,4840,トライアイズ,,,dual_top1_agreement_g3_no_acute_selloff,地合い安定・2条件一致,2026-04,mature,2026-04-16,1039,2026-04-22,1009,-0.0288739172281,-3000,-0.0121450281594,,0.280456852792,1.12723793028,0.972222222222,1,1,1,0.999021825862,0.830099761486,EXACT_CANONICAL_2023_2026,,,,not_requested_historical,,,2026-09-19T23:38:33.900788+09:00,2026-09-19T23:38:33.900788+09:00
2026-04-15|4840|mean_rank_volr20_body_pct,2026-04-15,4840,トライアイズ,,,mean_rank_volr20_body_pct,静かな売られ過ぎバランス,2026-04,mature,2026-04-16,1039,2026-04-22,1009,-0.0288739172281,-3000,-0.0121450281594,,0.280456852792,1.12723793028,0.972222222222,1,1,1,0.999021825862,0.830099761486,EXACT_CANONICAL_2023_2026,,,,not_requested_historical,,,2026-09-19T23:38:33.900788+09:00,2026-09-19T23:38:33.900788+09:00
2026-04-15|4840|volr20_low,2026-04-15,4840,トライアイズ,,,volr20_low,出来高沈静リバウンド,2026-04,mature,2026-04-16,1039,2026-04-22,1009,-0.0288739172281,-3000,-0.0121450281594,,0.280456852792,1.12723793028,0.972222222222,1,1,1,0.999021825862,0.830099761486,EXACT_CANONICAL_2023_2026,,,,not_requested_historical,,,2026-09-19T23:38:33.900788+09:00,2026-09-19T23:38:33.900788+09:00
2026-04-16|6085|body_pct_low,2026-04-16,6085,アーキテクツ・スタジオ・ジャパン,,,body_pct_low,陰線沈み込みリバウンド,2026-04,mature,2026-04-17,349.5,2026-04-23,441,0.261802575107,9150,-0.00246609124538,,0.17636741108,1.47102163704,0.940000152588,1,0.5,0.75,0.999795353203,0.854206800461,EXACT_CANONICAL_2023_2026,,,,not_requested_historical,,,2026-09-19T23:38:33.900788+09:00,2026-09-19T23:38:33.900788+09:00
2026-04-16|6085|mean_rank_volr20_body_pct,2026-04-16,6085,アーキテクツ・スタジオ・ジャパン,,,mean_rank_volr20_body_pct,静かな売られ過ぎバランス,2026-04,mature,2026-04-17,349.5,2026-04-23,441,0.261802575107,9150,-0.00246609124538,,0.17636741108,1.47102163704,0.940000152588,1,0.5,0.75,0.999795353203,0.854206800461,EXACT_CANONICAL_2023_2026,,,,not_requested_historical,,,2026-09-19T23:38:33.900788+09:00,2026-09-19T23:38:33.900788+09:00
2026-04-16|6740|volr20_low,2026-04-16,6740,ジャパンディスプレイ,,,volr20_low,出来高沈静リバウンド,2026-04,mature,2026-04-17,107,2026-04-23,95,-0.11214953271,-1200,-0.00246609124538,,0.172043010753,1.28444644247,1,0.5,1,0.75,0.999544707815,0.843336045742,EXACT_CANONICAL_2023_2026,,,,not_requested_historical,,,2026-09-19T23:38:33.900788+09:00,2026-09-19T23:38:33.900788+09:00
2026-04-17|6740|body_pct_low,2026-04-17,6740,ジャパンディスプレイ,,,body_pct_low,陰線沈み込みリバウンド,2026-04,mature,2026-04-20,114,2026-04-24,101,-0.114035087719,-1300,0,,0.195652173913,1.08106072386,0.2,1,1,1,0.999551279042,0.843602120876,EXACT_CANONICAL_2023_2026,,,,not_requested_historical,,,2026-09-19T23:38:33.900788+09:00,2026-09-19T23:38:33.900788+09:00
2026-04-17|6740|dual_top1_agreement,2026-04-17,6740,ジャパンディスプレイ,,,dual_top1_agreement,2条件一致リバウンド,2026-04,mature,2026-04-20,114,2026-04-24,101,-0.114035087719,-1300,0,,0.195652173913,1.08106072386,0.2,1,1,1,0.999551279042,0.843602120876,EXACT_CANONICAL_2023_2026,,,,not_requested_historical,,,2026-09-19T23:38:33.900788+09:00,2026-09-19T23:38:33.900788+09:00
2026-04-17|6740|dual_top1_agreement_g3_no_acute_selloff,2026-04-17,6740,ジャパンディスプレイ,,,dual_top1_agreement_g3_no_acute_selloff,地合い安定・2条件一致,2026-04,mature,2026-04-20,114,2026-04-24,101,-0.114035087719,-1300,0,,0.195652173913,1.08106072386,0.2,1,1,1,0.999551279042,0.843602120876,EXACT_CANONICAL_2023_2026,,,,not_requested_historical,,,2026-09-19T23:38:33.900788+09:00,2026-09-19T23:38:33.900788+09:00
2026-04-17|6740|mean_rank_volr20_body_pct,2026-04-17,6740,ジャパンディスプレイ,,,mean_rank_volr20_body_pct,静かな売られ過ぎバランス,2026-04,mature,2026-04-20,114,2026-04-24,101,-0.114035087719,-1300,0,,0.195652173913,1.08106072386,0.2,1,1,1,0.999551279042,0.843602120876,EXACT_CANONICAL_2023_2026,,,,not_requested_historical,,,2026-09-19T23:38:33.900788+09:00,2026-09-19T23:38:33.900788+09:00
2026-04-17|6740|volr20_low,2026-04-17,6740,ジャパンディスプレイ,,,volr20_low,出来高沈静リバウンド,2026-04,mature,2026-04-20,114,2026-04-24,101,-0.114035087719,-1300,0,,0.195652173913,1.08106072386,0.2,1,1,1,0.999551279042,0.843602120876,EXACT_CANONICAL_2023_2026,,,,not_requested_historical,,,2026-09-19T23:38:33.900788+09:00,2026-09-19T23:38:33.900788+09:00
2026-04-22|7719|body_pct_low,2026-04-22,7719,東京衡機,,,body_pct_low,陰線沈み込みリバウンド,2026-04,mature,2026-04-23,771,2026-04-30,592,-0.232166018158,-17900,-0.00773694390716,,0.37148217636,1.37850025653,0.636363636364,1,1,1,0.999268716264,0.835467219353,EXACT_CANONICAL_2023_2026,,,,not_requested_historical,,,2026-09-19T23:38:33.900788+09:00,2026-09-19T23:38:33.900788+09:00
2026-04-22|7719|dual_top1_agreement,2026-04-22,7719,東京衡機,,,dual_top1_agreement,2条件一致リバウンド,2026-04,mature,2026-04-23,771,2026-04-30,592,-0.232166018158,-17900,-0.00773694390716,,0.37148217636,1.37850025653,0.636363636364,1,1,1,0.999268716264,0.835467219353,EXACT_CANONICAL_2023_2026,,,,not_requested_historical,,,2026-09-19T23:38:33.900788+09:00,2026-09-19T23:38:33.900788+09:00
2026-04-22|7719|dual_top1_agreement_g3_no_acute_selloff,2026-04-22,7719,東京衡機,,,dual_top1_agreement_g3_no_acute_selloff,地合い安定・2条件一致,2026-04,mature,2026-04-23,771,2026-04-30,592,-0.232166018158,-17900,-0.00773694390716,,0.37148217636,1.37850025653,0.636363636364,1,1,1,0.999268716264,0.835467219353,EXACT_CANONICAL_2023_2026,,,,not_requested_historical,,,2026-09-19T23:38:33.900788+09:00,2026-09-19T23:38:33.900788+09:00
2026-04-22|7719|mean_rank_volr20_body_pct,2026-04-22,7719,東京衡機,,,mean_rank_volr20_body_pct,静かな売られ過ぎバランス,2026-04,mature,2026-04-23,771,2026-04-30,592,-0.232166018158,-17900,-0.00773694390716,,0.37148217636,1.37850025653,0.636363636364,1,1,1,0.999268716264,0.835467219353,EXACT_CANONICAL_2023_2026,,,,not_requested_historical,,,2026-09-19T23:38:33.900788+09:00,2026-09-19T23:38:33.900788+09:00
2026-04-22|7719|volr20_low,2026-04-22,7719,東京衡機,,,volr20_low,出来高沈静リバウンド,2026-04,mature,2026-04-23,771,2026-04-30,592,-0.232166018158,-17900,-0.00773694390716,,0.37148217636,1.37850025653,0.636363636364,1,1,1,0.999268716264,0.835467219353,EXACT_CANONICAL_2023_2026,,,,not_requested_historical,,,2026-09-19T23:38:33.900788+09:00,2026-09-19T23:38:33.900788+09:00
2026-04-23|7719|body_pct_low,2026-04-23,7719,東京衡機,,,body_pct_low,陰線沈み込みリバウンド,2026-04,mature,2026-04-24,787,2026-05-01,583,-0.259212198221,-20400,-0.0195771339076,,0.540594059406,2.40683658339,0.0530303030303,1,1,1,0.999651724947,0.847573697567,EXACT_CANONICAL_2023_2026,,,,not_requested_historical,,,2026-09-19T23:38:33.900788+09:00,2026-09-19T23:38:33.900788+09:00
2026-04-23|7719|dual_top1_agreement,2026-04-23,7719,東京衡機,,,dual_top1_agreement,2条件一致リバウンド,2026-04,mature,2026-04-24,787,2026-05-01,583,-0.259212198221,-20400,-0.0195771339076,,0.540594059406,2.40683658339,0.0530303030303,1,1,1,0.999651724947,0.847573697567,EXACT_CANONICAL_2023_2026,,,,not_requested_historical,,,2026-09-19T23:38:33.900788+09:00,2026-09-19T23:38:33.900788+09:00
2026-04-23|7719|dual_top1_agreement_g3_no_acute_selloff,2026-04-23,7719,東京衡機,,,dual_top1_agreement_g3_no_acute_selloff,地合い安定・2条件一致,2026-04,mature,2026-04-24,787,2026-05-01,583,-0.259212198221,-20400,-0.0195771339076,,0.540594059406,2.40683658339,0.0530303030303,1,1,1,0.999651724947,0.847573697567,EXACT_CANONICAL_2023_2026,,,,not_requested_historical,,,2026-09-19T23:38:33.900788+09:00,2026-09-19T23:38:33.900788+09:00
2026-04-23|7719|mean_rank_volr20_body_pct,2026-04-23,7719,東京衡機,,,mean_rank_volr20_body_pct,静かな売られ過ぎバランス,2026-04,mature,2026-04-24,787,2026-05-01,583,-0.259212198221,-20400,-0.0195771339076,,0.540594059406,2.40683658339,0.0530303030303,1,1,1,0.999651724947,0.847573697567,EXACT_CANONICAL_2023_2026,,,,not_requested_historical,,,2026-09-19T23:38:33.900788+09:00,2026-09-19T23:38:33.900788+09:00
2026-04-23|7719|volr20_low,2026-04-23,7719,東京衡機,,,volr20_low,出来高沈静リバウンド,2026-04,mature,2026-04-24,787,2026-05-01,583,-0.259212198221,-20400,-0.0195771339076,,0.540594059406,2.40683658339,0.0530303030303,1,1,1,0.999651724947,0.847573697567,EXACT_CANONICAL_2023_2026,,,,not_requested_historical,,,2026-09-19T23:38:33.900788+09:00,2026-09-19T23:38:33.900788+09:00
2026-04-27|7256|body_pct_low,2026-04-27,7256,河西工業,,,body_pct_low,陰線沈み込みリバウンド,2026-04,mature,2026-04-28,389,2026-05-08,434,0.115681233933,4500,-0.024572180781,,0.385454545455,3.76622172785,-0.824561403509,1,0.5,0.75,0.999583196433,0.844982624054,EXACT_CANONICAL_2023_2026,,,,not_requested_historical,,,2026-09-19T23:38:33.900788+09:00,2026-09-19T23:38:33.900788+09:00
2026-04-27|7256|mean_rank_volr20_body_pct,2026-04-27,7256,河西工業,,,mean_rank_volr20_body_pct,静かな売られ過ぎバランス,2026-04,mature,2026-04-28,389,2026-05-08,434,0.115681233933,4500,-0.024572180781,,0.385454545455,3.76622172785,-0.824561403509,1,0.5,0.75,0.999583196433,0.844982624054,EXACT_CANONICAL_2023_2026,,,,not_requested_historical,,,2026-09-19T23:38:33.900788+09:00,2026-09-19T23:38:33.900788+09:00
2026-04-27|5341|volr20_low,2026-04-27,5341,ＡＳＡＨＩ　ＥＩＴＯホールディングス,,,volr20_low,出来高沈静リバウンド,2026-04,mature,2026-04-28,392,2026-05-08,388,-0.0102040816327,-400,-0.024572180781,,0.296296296296,0.963813909371,0.527027027027,0.5,1,0.75,0.999187984041,0.833857655525,EXACT_CANONICAL_2023_2026,,,,not_requested_historical,,,2026-09-19T23:38:33.900788+09:00,2026-09-19T23:38:33.900788+09:00
2026-05-01|6085|body_pct_low,2026-05-01,6085,アーキテクツ・スタジオ・ジャパン,,,body_pct_low,陰線沈み込みリバウンド,2026-05,mature,2026-05-07,540,2026-05-13,483,-0.105555555556,-5700,-0.00687557955599,,0.535022354694,1.51209759355,-0.977443609023,1,1,1,0.999064057215,0.837673425674,EXACT_CANONICAL_2023_2026,,,,not_requested_historical,,,2026-09-19T23:38:33.900788+09:00,2026-09-19T23:38:33.900788+09:00
2026-05-01|6085|dual_top1_agreement,2026-05-01,6085,アーキテクツ・スタジオ・ジャパン,,,dual_top1_agreement,2条件一致リバウンド,2026-05,mature,2026-05-07,540,2026-05-13,483,-0.105555555556,-5700,-0.00687557955599,,0.535022354694,1.51209759355,-0.977443609023,1,1,1,0.999064057215,0.837673425674,EXACT_CANONICAL_2023_2026,,,,not_requested_historical,,,2026-09-19T23:38:33.900788+09:00,2026-09-19T23:38:33.900788+09:00
2026-05-01|6085|dual_top1_agreement_g3_no_acute_selloff,2026-05-01,6085,アーキテクツ・スタジオ・ジャパン,,,dual_top1_agreement_g3_no_acute_selloff,地合い安定・2条件一致,2026-05,mature,2026-05-07,540,2026-05-13,483,-0.105555555556,-5700,-0.00687557955599,,0.535022354694,1.51209759355,-0.977443609023,1,1,1,0.999064057215,0.837673425674,EXACT_CANONICAL_2023_2026,,,,not_requested_historical,,,2026-09-19T23:38:33.900788+09:00,2026-09-19T23:38:33.900788+09:00
2026-05-01|6085|mean_rank_volr20_body_pct,2026-05-01,6085,アーキテクツ・スタジオ・ジャパン,,,mean_rank_volr20_body_pct,静かな売られ過ぎバランス,2026-05,mature,2026-05-07,540,2026-05-13,483,-0.105555555556,-5700,-0.00687557955599,,0.535022354694,1.51209759355,-0.977443609023,1,1,1,0.999064057215,0.837673425674,EXACT_CANONICAL_2023_2026,,,,not_requested_historical,,,2026-09-19T23:38:33.900788+09:00,2026-09-19T23:38:33.900788+09:00
2026-05-01|6085|volr20_low,2026-05-01,6085,アーキテクツ・スタジオ・ジャパン,,,volr20_low,出来高沈静リバウンド,2026-05,mature,2026-05-07,540,2026-05-13,483,-0.105555555556,-5700,-0.00687557955599,,0.535022354694,1.51209759355,-0.977443609023,1,1,1,0.999064057215,0.837673425674,EXACT_CANONICAL_2023_2026,,,,not_requested_historical,,,2026-09-19T23:38:33.900788+09:00,2026-09-19T23:38:33.900788+09:00
2026-05-11|6085|body_pct_low,2026-05-11,6085,アーキテクツ・スタジオ・ジャパン,,,body_pct_low,陰線沈み込みリバウンド,2026-05,mature,2026-05-12,580,2026-05-18,563,-0.0293103448276,-1700,-0.000798084596967,,0.526315789474,0.880716150073,-0.240963855422,1,1,1,0.999069589882,0.837822318077,EXACT_CANONICAL_2023_2026,,,,not_requested_historical,,,2026-09-19T23:38:33.900788+09:00,2026-09-19T23:38:33.900788+09:00
2026-05-11|6085|dual_top1_agreement,2026-05-11,6085,アーキテクツ・スタジオ・ジャパン,,,dual_top1_agreement,2条件一致リバウンド,2026-05,mature,2026-05-12,580,2026-05-18,563,-0.0293103448276,-1700,-0.000798084596967,,0.526315789474,0.880716150073,-0.240963855422,1,1,1,0.999069589882,0.837822318077,EXACT_CANONICAL_2023_2026,,,,not_requested_historical,,,2026-09-19T23:38:33.900788+09:00,2026-09-19T23:38:33.900788+09:00
2026-05-11|6085|dual_top1_agreement_g3_no_acute_selloff,2026-05-11,6085,アーキテクツ・スタジオ・ジャパン,,,dual_top1_agreement_g3_no_acute_selloff,地合い安定・2条件一致,2026-05,mature,2026-05-12,580,2026-05-18,563,-0.0293103448276,-1700,-0.000798084596967,,0.526315789474,0.880716150073,-0.240963855422,1,1,1,0.999069589882,0.837822318077,EXACT_CANONICAL_2023_2026,,,,not_requested_historical,,,2026-09-19T23:38:33.900788+09:00,2026-09-19T23:38:33.900788+09:00
2026-05-11|6085|mean_rank_volr20_body_pct,2026-05-11,6085,アーキテクツ・スタジオ・ジャパン,,,mean_rank_volr20_body_pct,静かな売られ過ぎバランス,2026-05,mature,2026-05-12,580,2026-05-18,563,-0.0293103448276,-1700,-0.000798084596967,,0.526315789474,0.880716150073,-0.240963855422,1,1,1,0.999069589882,0.837822318077,EXACT_CANONICAL_2023_2026,,,,not_requested_historical,,,2026-09-19T23:38:33.900788+09:00,2026-09-19T23:38:33.900788+09:00
2026-05-11|6085|volr20_low,2026-05-11,6085,アーキテクツ・スタジオ・ジャパン,,,volr20_low,出来高沈静リバウンド,2026-05,mature,2026-05-12,580,2026-05-18,563,-0.0293103448276,-1700,-0.000798084596967,,0.526315789474,0.880716150073,-0.240963855422,1,1,1,0.999069589882,0.837822318077,EXACT_CANONICAL_2023_2026,,,,not_requested_historical,,,2026-09-19T23:38:33.900788+09:00,2026-09-19T23:38:33.900788+09:00
2026-05-15|6740|body_pct_low,2026-05-15,6740,ジャパンディスプレイ,,,body_pct_low,陰線沈み込みリバウンド,2026-05,mature,2026-05-18,68,2026-05-22,67,-0.0147058823529,-100,-0.00922509225092,,-0.252747252747,1.21963902545,-0.923076923077,1,1,1,0.999392328773,0.846946775913,EXACT_CANONICAL_2023_2026,,,,not_requested_historical,,,2026-09-19T23:38:33.900788+09:00,2026-09-19T23:38:33.900788+09:00
2026-05-15|6740|dual_top1_agreement,2026-05-15,6740,ジャパンディスプレイ,,,dual_top1_agreement,2条件一致リバウンド,2026-05,mature,2026-05-18,68,2026-05-22,67,-0.0147058823529,-100,-0.00922509225092,,-0.252747252747,1.21963902545,-0.923076923077,1,1,1,0.999392328773,0.846946775913,EXACT_CANONICAL_2023_2026,,,,not_requested_historical,,,2026-09-19T23:38:33.900788+09:00,2026-09-19T23:38:33.900788+09:00
2026-05-15|6740|dual_top1_agreement_g3_no_acute_selloff,2026-05-15,6740,ジャパンディスプレイ,,,dual_top1_agreement_g3_no_acute_selloff,地合い安定・2条件一致,2026-05,mature,2026-05-18,68,2026-05-22,67,-0.0147058823529,-100,-0.00922509225092,,-0.252747252747,1.21963902545,-0.923076923077,1,1,1,0.999392328773,0.846946775913,EXACT_CANONICAL_2023_2026,,,,not_requested_historical,,,2026-09-19T23:38:33.900788+09:00,2026-09-19T23:38:33.900788+09:00
2026-05-15|6740|mean_rank_volr20_body_pct,2026-05-15,6740,ジャパンディスプレイ,,,mean_rank_volr20_body_pct,静かな売られ過ぎバランス,2026-05,mature,2026-05-18,68,2026-05-22,67,-0.0147058823529,-100,-0.00922509225092,,-0.252747252747,1.21963902545,-0.923076923077,1,1,1,0.999392328773,0.846946775913,EXACT_CANONICAL_2023_2026,,,,not_requested_historical,,,2026-09-19T23:38:33.900788+09:00,2026-09-19T23:38:33.900788+09:00
2026-05-15|6740|volr20_low,2026-05-15,6740,ジャパンディスプレイ,,,volr20_low,出来高沈静リバウンド,2026-05,mature,2026-05-18,68,2026-05-22,67,-0.0147058823529,-100,-0.00922509225092,,-0.252747252747,1.21963902545,-0.923076923077,1,1,1,0.999392328773,0.846946775913,EXACT_CANONICAL_2023_2026,,,,not_requested_historical,,,2026-09-19T23:38:33.900788+09:00,2026-09-19T23:38:33.900788+09:00
2026-05-18|281A|body_pct_low,2026-05-18,281A,インフォメティス,,,body_pct_low,陰線沈み込みリバウンド,2026-05,mature,2026-05-19,823,2026-05-25,895,0.0874848116646,7200,-0.0160714285714,,0.155898876404,0.652571184978,0.733333333333,1,1,1,0.999133215549,0.839570343494,EXACT_CANONICAL_2023_2026,,,,not_requested_historical,,,2026-09-19T23:38:33.900788+09:00,2026-09-19T23:38:33.900788+09:00
2026-05-18|281A|dual_top1_agreement,2026-05-18,281A,インフォメティス,,,dual_top1_agreement,2条件一致リバウンド,2026-05,mature,2026-05-19,823,2026-05-25,895,0.0874848116646,7200,-0.0160714285714,,0.155898876404,0.652571184978,0.733333333333,1,1,1,0.999133215549,0.839570343494,EXACT_CANONICAL_2023_2026,,,,not_requested_historical,,,2026-09-19T23:38:33.900788+09:00,2026-09-19T23:38:33.900788+09:00
2026-05-18|281A|dual_top1_agreement_g3_no_acute_selloff,2026-05-18,281A,インフォメティス,,,dual_top1_agreement_g3_no_acute_selloff,地合い安定・2条件一致,2026-05,mature,2026-05-19,823,2026-05-25,895,0.0874848116646,7200,-0.0160714285714,,0.155898876404,0.652571184978,0.733333333333,1,1,1,0.999133215549,0.839570343494,EXACT_CANONICAL_2023_2026,,,,not_requested_historical,,,2026-09-19T23:38:33.900788+09:00,2026-09-19T23:38:33.900788+09:00
2026-05-18|281A|mean_rank_volr20_body_pct,2026-05-18,281A,インフォメティス,,,mean_rank_volr20_body_pct,静かな売られ過ぎバランス,2026-05,mature,2026-05-19,823,2026-05-25,895,0.0874848116646,7200,-0.0160714285714,,0.155898876404,0.652571184978,0.733333333333,1,1,1,0.999133215549,0.839570343494,EXACT_CANONICAL_2023_2026,,,,not_requested_historical,,,2026-09-19T23:38:33.900788+09:00,2026-09-19T23:38:33.900788+09:00
2026-05-18|281A|volr20_low,2026-05-18,281A,インフォメティス,,,volr20_low,出来高沈静リバウンド,2026-05,mature,2026-05-19,823,2026-05-25,895,0.0874848116646,7200,-0.0160714285714,,0.155898876404,0.652571184978,0.733333333333,1,1,1,0.999133215549,0.839570343494,EXACT_CANONICAL_2023_2026,,,,not_requested_historical,,,2026-09-19T23:38:33.900788+09:00,2026-09-19T23:38:33.900788+09:00
2026-05-19|281A|body_pct_low,2026-05-19,281A,インフォメティス,,,body_pct_low,陰線沈み込みリバウンド,2026-05,mature,2026-05-20,833,2026-05-26,904,0.0852340936375,7100,-0.00790513833992,,0.215007215007,1.55414821595,0.133802816901,1,1,1,0.999581361552,0.852838397026,EXACT_CANONICAL_2023_2026,,,,not_requested_historical,,,2026-09-19T23:38:33.900788+09:00,2026-09-19T23:38:33.900788+09:00
2026-05-19|281A|dual_top1_agreement,2026-05-19,281A,インフォメティス,,,dual_top1_agreement,2条件一致リバウンド,2026-05,mature,2026-05-20,833,2026-05-26,904,0.0852340936375,7100,-0.00790513833992,,0.215007215007,1.55414821595,0.133802816901,1,1,1,0.999581361552,0.852838397026,EXACT_CANONICAL_2023_2026,,,,not_requested_historical,,,2026-09-19T23:38:33.900788+09:00,2026-09-19T23:38:33.900788+09:00
2026-05-19|281A|dual_top1_agreement_g3_no_acute_selloff,2026-05-19,281A,インフォメティス,,,dual_top1_agreement_g3_no_acute_selloff,地合い安定・2条件一致,2026-05,mature,2026-05-20,833,2026-05-26,904,0.0852340936375,7100,-0.00790513833992,,0.215007215007,1.55414821595,0.133802816901,1,1,1,0.999581361552,0.852838397026,EXACT_CANONICAL_2023_2026,,,,not_requested_historical,,,2026-09-19T23:38:33.900788+09:00,2026-09-19T23:38:33.900788+09:00
2026-05-19|281A|mean_rank_volr20_body_pct,2026-05-19,281A,インフォメティス,,,mean_rank_volr20_body_pct,静かな売られ過ぎバランス,2026-05,mature,2026-05-20,833,2026-05-26,904,0.0852340936375,7100,-0.00790513833992,,0.215007215007,1.55414821595,0.133802816901,1,1,1,0.999581361552,0.852838397026,EXACT_CANONICAL_2023_2026,,,,not_requested_historical,,,2026-09-19T23:38:33.900788+09:00,2026-09-19T23:38:33.900788+09:00
2026-05-19|281A|volr20_low,2026-05-19,281A,インフォメティス,,,volr20_low,出来高沈静リバウンド,2026-05,mature,2026-05-20,833,2026-05-26,904,0.0852340936375,7100,-0.00790513833992,,0.215007215007,1.55414821595,0.133802816901,1,1,1,0.999581361552,0.852838397026,EXACT_CANONICAL_2023_2026,,,,not_requested_historical,,,2026-09-19T23:38:33.900788+09:00,2026-09-19T23:38:33.900788+09:00
2026-05-21|6840|body_pct_low,2026-05-21,6840,ＡＫＩＢＡホールディングス,,,body_pct_low,陰線沈み込みリバウンド,2026-05,mature,2026-05-22,1105,2026-05-28,1138,0.0298642533937,3300,-0.00975609756098,,0.386066763425,2.1214590539,0.614942528736,1,1,1,0.999488228329,0.850016593933,EXACT_CANONICAL_2023_2026,,,,not_requested_historical,,,2026-09-19T23:38:33.900788+09:00,2026-09-19T23:38:33.900788+09:00
2026-05-21|6840|dual_top1_agreement,2026-05-21,6840,ＡＫＩＢＡホールディングス,,,dual_top1_agreement,2条件一致リバウンド,2026-05,mature,2026-05-22,1105,2026-05-28,1138,0.0298642533937,3300,-0.00975609756098,,0.386066763425,2.1214590539,0.614942528736,1,1,1,0.999488228329,0.850016593933,EXACT_CANONICAL_2023_2026,,,,not_requested_historical,,,2026-09-19T23:38:33.900788+09:00,2026-09-19T23:38:33.900788+09:00
2026-05-21|6840|dual_top1_agreement_g3_no_acute_selloff,2026-05-21,6840,ＡＫＩＢＡホールディングス,,,dual_top1_agreement_g3_no_acute_selloff,地合い安定・2条件一致,2026-05,mature,2026-05-22,1105,2026-05-28,1138,0.0298642533937,3300,-0.00975609756098,,0.386066763425,2.1214590539,0.614942528736,1,1,1,0.999488228329,0.850016593933,EXACT_CANONICAL_2023_2026,,,,not_requested_historical,,,2026-09-19T23:38:33.900788+09:00,2026-09-19T23:38:33.900788+09:00
2026-05-21|6840|mean_rank_volr20_body_pct,2026-05-21,6840,ＡＫＩＢＡホールディングス,,,mean_rank_volr20_body_pct,静かな売られ過ぎバランス,2026-05,mature,2026-05-22,1105,2026-05-28,1138,0.0298642533937,3300,-0.00975609756098,,0.386066763425,2.1214590539,0.614942528736,1,1,1,0.999488228329,0.850016593933,EXACT_CANONICAL_2023_2026,,,,not_requested_historical,,,2026-09-19T23:38:33.900788+09:00,2026-09-19T23:38:33.900788+09:00
2026-05-21|6840|volr20_low,2026-05-21,6840,ＡＫＩＢＡホールディングス,,,volr20_low,出来高沈静リバウンド,2026-05,mature,2026-05-22,1105,2026-05-28,1138,0.0298642533937,3300,-0.00975609756098,,0.386066763425,2.1214590539,0.614942528736,1,1,1,0.999488228329,0.850016593933,EXACT_CANONICAL_2023_2026,,,,not_requested_historical,,,2026-09-19T23:38:33.900788+09:00,2026-09-19T23:38:33.900788+09:00
2026-05-25|2693|body_pct_low,2026-05-25,2693,ＹＫＴ,,,body_pct_low,陰線沈み込みリバウンド,2026-05,mature,2026-05-26,463,2026-06-01,407,-0.120950323974,-5600,0,,0.354545454545,4.63320908111,0.469387755102,1,1,1,0.999168255771,0.840574145317,EXACT_CANONICAL_2023_2026,,,,not_requested_historical,,,2026-09-19T23:38:33.900788+09:00,2026-09-19T23:38:33.900788+09:00
2026-05-25|2693|dual_top1_agreement,2026-05-25,2693,ＹＫＴ,,,dual_top1_agreement,2条件一致リバウンド,2026-05,mature,2026-05-26,463,2026-06-01,407,-0.120950323974,-5600,0,,0.354545454545,4.63320908111,0.469387755102,1,1,1,0.999168255771,0.840574145317,EXACT_CANONICAL_2023_2026,,,,not_requested_historical,,,2026-09-19T23:38:33.900788+09:00,2026-09-19T23:38:33.900788+09:00
2026-05-25|2693|dual_top1_agreement_g3_no_acute_selloff,2026-05-25,2693,ＹＫＴ,,,dual_top1_agreement_g3_no_acute_selloff,地合い安定・2条件一致,2026-05,mature,2026-05-26,463,2026-06-01,407,-0.120950323974,-5600,0,,0.354545454545,4.63320908111,0.469387755102,1,1,1,0.999168255771,0.840574145317,EXACT_CANONICAL_2023_2026,,,,not_requested_historical,,,2026-09-19T23:38:33.900788+09:00,2026-09-19T23:38:33.900788+09:00
2026-05-25|2693|mean_rank_volr20_body_pct,2026-05-25,2693,ＹＫＴ,,,mean_rank_volr20_body_pct,静かな売られ過ぎバランス,2026-05,mature,2026-05-26,463,2026-06-01,407,-0.120950323974,-5600,0,,0.354545454545,4.63320908111,0.469387755102,1,1,1,0.999168255771,0.840574145317,EXACT_CANONICAL_2023_2026,,,,not_requested_historical,,,2026-09-19T23:38:33.900788+09:00,2026-09-19T23:38:33.900788+09:00
2026-05-25|2693|volr20_low,2026-05-25,2693,ＹＫＴ,,,volr20_low,出来高沈静リバウンド,2026-05,mature,2026-05-26,463,2026-06-01,407,-0.120950323974,-5600,0,,0.354545454545,4.63320908111,0.469387755102,1,1,1,0.999168255771,0.840574145317,EXACT_CANONICAL_2023_2026,,,,not_requested_historical,,,2026-09-19T23:38:33.900788+09:00,2026-09-19T23:38:33.900788+09:00
2026-05-26|2693|body_pct_low,2026-05-26,2693,ＹＫＴ,,,body_pct_low,陰線沈み込みリバウンド,2026-05,mature,2026-05-27,518,2026-06-02,397,-0.233590733591,-12100,-0.00581020012912,,0.464788732394,5.08567250923,0.57,1,1,1,0.99981834411,0.862366259098,EXACT_CANONICAL_2023_2026,,,,not_requested_historical,,,2026-09-19T23:38:33.900788+09:00,2026-09-19T23:38:33.900788+09:00
2026-05-26|2693|dual_top1_agreement,2026-05-26,2693,ＹＫＴ,,,dual_top1_agreement,2条件一致リバウンド,2026-05,mature,2026-05-27,518,2026-06-02,397,-0.233590733591,-12100,-0.00581020012912,,0.464788732394,5.08567250923,0.57,1,1,1,0.99981834411,0.862366259098,EXACT_CANONICAL_2023_2026,,,,not_requested_historical,,,2026-09-19T23:38:33.900788+09:00,2026-09-19T23:38:33.900788+09:00
2026-05-26|2693|dual_top1_agreement_g3_no_acute_selloff,2026-05-26,2693,ＹＫＴ,,,dual_top1_agreement_g3_no_acute_selloff,地合い安定・2条件一致,2026-05,mature,2026-05-27,518,2026-06-02,397,-0.233590733591,-12100,-0.00581020012912,,0.464788732394,5.08567250923,0.57,1,1,1,0.99981834411,0.862366259098,EXACT_CANONICAL_2023_2026,,,,not_requested_historical,,,2026-09-19T23:38:33.900788+09:00,2026-09-19T23:38:33.900788+09:00
2026-05-26|2693|mean_rank_volr20_body_pct,2026-05-26,2693,ＹＫＴ,,,mean_rank_volr20_body_pct,静かな売られ過ぎバランス,2026-05,mature,2026-05-27,518,2026-06-02,397,-0.233590733591,-12100,-0.00581020012912,,0.464788732394,5.08567250923,0.57,1,1,1,0.99981834411,0.862366259098,EXACT_CANONICAL_2023_2026,,,,not_requested_historical,,,2026-09-19T23:38:33.900788+09:00,2026-09-19T23:38:33.900788+09:00
2026-05-26|2693|volr20_low,2026-05-26,2693,ＹＫＴ,,,volr20_low,出来高沈静リバウンド,2026-05,mature,2026-05-27,518,2026-06-02,397,-0.233590733591,-12100,-0.00581020012912,,0.464788732394,5.08567250923,0.57,1,1,1,0.99981834411,0.862366259098,EXACT_CANONICAL_2023_2026,,,,not_requested_historical,,,2026-09-19T23:38:33.900788+09:00,2026-09-19T23:38:33.900788+09:00
2026-06-02|6659|body_pct_low,2026-06-02,6659,メディアリンクス,,,body_pct_low,陰線沈み込みリバウンド,2026-06,mature,2026-06-03,78,2026-06-09,69,-0.115384615385,-900,-0.0160403299725,,0.482142857143,1.42977246483,0.833333333333,1,1,1,0.999659481577,0.851684987545,EXACT_CANONICAL_2023_2026,,,,not_requested_historical,,,2026-09-19T23:38:33.900788+09:00,2026-09-19T23:38:33.900788+09:00
2026-06-02|6659|dual_top1_agreement,2026-06-02,6659,メディアリンクス,,,dual_top1_agreement,2条件一致リバウンド,2026-06,mature,2026-06-03,78,2026-06-09,69,-0.115384615385,-900,-0.0160403299725,,0.482142857143,1.42977246483,0.833333333333,1,1,1,0.999659481577,0.851684987545,EXACT_CANONICAL_2023_2026,,,,not_requested_historical,,,2026-09-19T23:38:33.900788+09:00,2026-09-19T23:38:33.900788+09:00
2026-06-02|6659|dual_top1_agreement_g3_no_acute_selloff,2026-06-02,6659,メディアリンクス,,,dual_top1_agreement_g3_no_acute_selloff,地合い安定・2条件一致,2026-06,mature,2026-06-03,78,2026-06-09,69,-0.115384615385,-900,-0.0160403299725,,0.482142857143,1.42977246483,0.833333333333,1,1,1,0.999659481577,0.851684987545,EXACT_CANONICAL_2023_2026,,,,not_requested_historical,,,2026-09-19T23:38:33.900788+09:00,2026-09-19T23:38:33.900788+09:00
2026-06-02|6659|mean_rank_volr20_body_pct,2026-06-02,6659,メディアリンクス,,,mean_rank_volr20_body_pct,静かな売られ過ぎバランス,2026-06,mature,2026-06-03,78,2026-06-09,69,-0.115384615385,-900,-0.0160403299725,,0.482142857143,1.42977246483,0.833333333333,1,1,1,0.999659481577,0.851684987545,EXACT_CANONICAL_2023_2026,,,,not_requested_historical,,,2026-09-19T23:38:33.900788+09:00,2026-09-19T23:38:33.900788+09:00
2026-06-02|6659|volr20_low,2026-06-02,6659,メディアリンクス,,,volr20_low,出来高沈静リバウンド,2026-06,mature,2026-06-03,78,2026-06-09,69,-0.115384615385,-900,-0.0160403299725,,0.482142857143,1.42977246483,0.833333333333,1,1,1,0.999659481577,0.851684987545,EXACT_CANONICAL_2023_2026,,,,not_requested_historical,,,2026-09-19T23:38:33.900788+09:00,2026-09-19T23:38:33.900788+09:00
2026-06-05|6085|body_pct_low,2026-06-05,6085,アーキテクツ・スタジオ・ジャパン,,,body_pct_low,陰線沈み込みリバウンド,2026-06,mature,2026-06-08,314,2026-06-12,343,0.0923566878981,2900,-0.0114358322745,,-0.340206185567,1.20873092153,0.947368421053,1,1,1,0.999114652099,0.836420893669,EXACT_CANONICAL_2023_2026,,,,not_requested_historical,,,2026-09-19T23:38:33.900788+09:00,2026-09-19T23:38:33.900788+09:00
2026-06-05|6085|dual_top1_agreement,2026-06-05,6085,アーキテクツ・スタジオ・ジャパン,,,dual_top1_agreement,2条件一致リバウンド,2026-06,mature,2026-06-08,314,2026-06-12,343,0.0923566878981,2900,-0.0114358322745,,-0.340206185567,1.20873092153,0.947368421053,1,1,1,0.999114652099,0.836420893669,EXACT_CANONICAL_2023_2026,,,,not_requested_historical,,,2026-09-19T23:38:33.900788+09:00,2026-09-19T23:38:33.900788+09:00
2026-06-05|6085|dual_top1_agreement_g3_no_acute_selloff,2026-06-05,6085,アーキテクツ・スタジオ・ジャパン,,,dual_top1_agreement_g3_no_acute_selloff,地合い安定・2条件一致,2026-06,mature,2026-06-08,314,2026-06-12,343,0.0923566878981,2900,-0.0114358322745,,-0.340206185567,1.20873092153,0.947368421053,1,1,1,0.999114652099,0.836420893669,EXACT_CANONICAL_2023_2026,,,,not_requested_historical,,,2026-09-19T23:38:33.900788+09:00,2026-09-19T23:38:33.900788+09:00
2026-06-05|6085|mean_rank_volr20_body_pct,2026-06-05,6085,アーキテクツ・スタジオ・ジャパン,,,mean_rank_volr20_body_pct,静かな売られ過ぎバランス,2026-06,mature,2026-06-08,314,2026-06-12,343,0.0923566878981,2900,-0.0114358322745,,-0.340206185567,1.20873092153,0.947368421053,1,1,1,0.999114652099,0.836420893669,EXACT_CANONICAL_2023_2026,,,,not_requested_historical,,,2026-09-19T23:38:33.900788+09:00,2026-09-19T23:38:33.900788+09:00
2026-06-05|6085|volr20_low,2026-06-05,6085,アーキテクツ・スタジオ・ジャパン,,,volr20_low,出来高沈静リバウンド,2026-06,mature,2026-06-08,314,2026-06-12,343,0.0923566878981,2900,-0.0114358322745,,-0.340206185567,1.20873092153,0.947368421053,1,1,1,0.999114652099,0.836420893669,EXACT_CANONICAL_2023_2026,,,,not_requested_historical,,,2026-09-19T23:38:33.900788+09:00,2026-09-19T23:38:33.900788+09:00
2026-06-08|4422|body_pct_low,2026-06-08,4422,ＶＡＬＵＥＮＥＸ,,,body_pct_low,陰線沈み込みリバウンド,2026-06,mature,2026-06-09,892,2026-06-15,627,-0.297085201794,-26500,-0.0115068299711,,0.0971223021583,5.04890215641,0.986842105263,1,1,1,0.999517825912,0.846841692924,EXACT_CANONICAL_2023_2026,,,,not_requested_historical,,,2026-09-19T23:38:33.900788+09:00,2026-09-19T23:38:33.900788+09:00
2026-06-08|4422|dual_top1_agreement,2026-06-08,4422,ＶＡＬＵＥＮＥＸ,,,dual_top1_agreement,2条件一致リバウンド,2026-06,mature,2026-06-09,892,2026-06-15,627,-0.297085201794,-26500,-0.0115068299711,,0.0971223021583,5.04890215641,0.986842105263,1,1,1,0.999517825912,0.846841692924,EXACT_CANONICAL_2023_2026,,,,not_requested_historical,,,2026-09-19T23:38:33.900788+09:00,2026-09-19T23:38:33.900788+09:00
2026-06-08|4422|mean_rank_volr20_body_pct,2026-06-08,4422,ＶＡＬＵＥＮＥＸ,,,mean_rank_volr20_body_pct,静かな売られ過ぎバランス,2026-06,mature,2026-06-09,892,2026-06-15,627,-0.297085201794,-26500,-0.0115068299711,,0.0971223021583,5.04890215641,0.986842105263,1,1,1,0.999517825912,0.846841692924,EXACT_CANONICAL_2023_2026,,,,not_requested_historical,,,2026-09-19T23:38:33.900788+09:00,2026-09-19T23:38:33.900788+09:00
2026-06-08|4422|volr20_low,2026-06-08,4422,ＶＡＬＵＥＮＥＸ,,,volr20_low,出来高沈静リバウンド,2026-06,mature,2026-06-09,892,2026-06-15,627,-0.297085201794,-26500,-0.0115068299711,,0.0971223021583,5.04890215641,0.986842105263,1,1,1,0.999517825912,0.846841692924,EXACT_CANONICAL_2023_2026,,,,not_requested_historical,,,2026-09-19T23:38:33.900788+09:00,2026-09-19T23:38:33.900788+09:00
2026-06-25|6659|body_pct_low,2026-06-25,6659,メディアリンクス,,,body_pct_low,陰線沈み込みリバウンド,2026-06,mature,2026-06-26,70,2026-07-02,57,-0.185714285714,-1300,-0.00571428571429,,0.339285714286,1.94406286103,0.583333333333,1,1,1,0.999400687575,0.843486309052,EXACT_CANONICAL_2023_2026,,,,not_requested_historical,,,2026-09-19T23:38:33.900788+09:00,2026-09-19T23:38:33.900788+09:00
2026-06-25|6659|dual_top1_agreement,2026-06-25,6659,メディアリンクス,,,dual_top1_agreement,2条件一致リバウンド,2026-06,mature,2026-06-26,70,2026-07-02,57,-0.185714285714,-1300,-0.00571428571429,,0.339285714286,1.94406286103,0.583333333333,1,1,1,0.999400687575,0.843486309052,EXACT_CANONICAL_2023_2026,,,,not_requested_historical,,,2026-09-19T23:38:33.900788+09:00,2026-09-19T23:38:33.900788+09:00
2026-06-25|6659|dual_top1_agreement_g3_no_acute_selloff,2026-06-25,6659,メディアリンクス,,,dual_top1_agreement_g3_no_acute_selloff,地合い安定・2条件一致,2026-06,mature,2026-06-26,70,2026-07-02,57,-0.185714285714,-1300,-0.00571428571429,,0.339285714286,1.94406286103,0.583333333333,1,1,1,0.999400687575,0.843486309052,EXACT_CANONICAL_2023_2026,,,,not_requested_historical,,,2026-09-19T23:38:33.900788+09:00,2026-09-19T23:38:33.900788+09:00
2026-06-25|6659|mean_rank_volr20_body_pct,2026-06-25,6659,メディアリンクス,,,mean_rank_volr20_body_pct,静かな売られ過ぎバランス,2026-06,mature,2026-06-26,70,2026-07-02,57,-0.185714285714,-1300,-0.00571428571429,,0.339285714286,1.94406286103,0.583333333333,1,1,1,0.999400687575,0.843486309052,EXACT_CANONICAL_2023_2026,,,,not_requested_historical,,,2026-09-19T23:38:33.900788+09:00,2026-09-19T23:38:33.900788+09:00
2026-06-25|6659|volr20_low,2026-06-25,6659,メディアリンクス,,,volr20_low,出来高沈静リバウンド,2026-06,mature,2026-06-26,70,2026-07-02,57,-0.185714285714,-1300,-0.00571428571429,,0.339285714286,1.94406286103,0.583333333333,1,1,1,0.999400687575,0.843486309052,EXACT_CANONICAL_2023_2026,,,,not_requested_historical,,,2026-09-19T23:38:33.900788+09:00,2026-09-19T23:38:33.900788+09:00
2026-06-26|4179|body_pct_low,2026-06-26,4179,ジーネクスト,,,body_pct_low,陰線沈み込みリバウンド,2026-06,mature,2026-06-29,555,2026-07-03,500,-0.0990990990991,-5500,-0.00315706393054,,0.078,0.833842974335,1,1,1,1,0.999016582793,0.83395254612,EXACT_CANONICAL_2023_2026,,,,not_requested_historical,,,2026-09-19T23:38:33.900788+09:00,2026-09-19T23:38:33.900788+09:00
2026-06-26|4179|dual_top1_agreement,2026-06-26,4179,ジーネクスト,,,dual_top1_agreement,2条件一致リバウンド,2026-06,mature,2026-06-29,555,2026-07-03,500,-0.0990990990991,-5500,-0.00315706393054,,0.078,0.833842974335,1,1,1,1,0.999016582793,0.83395254612,EXACT_CANONICAL_2023_2026,,,,not_requested_historical,,,2026-09-19T23:38:33.900788+09:00,2026-09-19T23:38:33.900788+09:00
2026-06-26|4179|dual_top1_agreement_g3_no_acute_selloff,2026-06-26,4179,ジーネクスト,,,dual_top1_agreement_g3_no_acute_selloff,地合い安定・2条件一致,2026-06,mature,2026-06-29,555,2026-07-03,500,-0.0990990990991,-5500,-0.00315706393054,,0.078,0.833842974335,1,1,1,1,0.999016582793,0.83395254612,EXACT_CANONICAL_2023_2026,,,,not_requested_historical,,,2026-09-19T23:38:33.900788+09:00,2026-09-19T23:38:33.900788+09:00
2026-06-26|4179|mean_rank_volr20_body_pct,2026-06-26,4179,ジーネクスト,,,mean_rank_volr20_body_pct,静かな売られ過ぎバランス,2026-06,mature,2026-06-29,555,2026-07-03,500,-0.0990990990991,-5500,-0.00315706393054,,0.078,0.833842974335,1,1,1,1,0.999016582793,0.83395254612,EXACT_CANONICAL_2023_2026,,,,not_requested_historical,,,2026-09-19T23:38:33.900788+09:00,2026-09-19T23:38:33.900788+09:00
2026-06-26|4179|volr20_low,2026-06-26,4179,ジーネクスト,,,volr20_low,出来高沈静リバウンド,2026-06,mature,2026-06-29,555,2026-07-03,500,-0.0990990990991,-5500,-0.00315706393054,,0.078,0.833842974335,1,1,1,1,0.999016582793,0.83395254612,EXACT_CANONICAL_2023_2026,,,,not_requested_historical,,,2026-09-19T23:38:33.900788+09:00,2026-09-19T23:38:33.900788+09:00
2026-08-04|4381|body_pct_low,2026-08-04,4381,ビープラッツ,,,body_pct_low,陰線沈み込みリバウンド,2026-08,mature,2026-08-05,475,2026-08-12,474,-0.00210526315789,-100,-0.00162557572474,,0.0700483091787,3.16558259952,0.436363636364,1,1,1,0.999619623901,0.847961723804,EXACT_CANONICAL_2023_2026,,,,not_requested_historical,,,2026-09-19T23:38:33.900788+09:00,2026-09-19T23:38:33.900788+09:00
2026-08-04|4381|dual_top1_agreement,2026-08-04,4381,ビープラッツ,,,dual_top1_agreement,2条件一致リバウンド,2026-08,mature,2026-08-05,475,2026-08-12,474,-0.00210526315789,-100,-0.00162557572474,,0.0700483091787,3.16558259952,0.436363636364,1,1,1,0.999619623901,0.847961723804,EXACT_CANONICAL_2023_2026,,,,not_requested_historical,,,2026-09-19T23:38:33.900788+09:00,2026-09-19T23:38:33.900788+09:00
2026-08-04|4381|dual_top1_agreement_g3_no_acute_selloff,2026-08-04,4381,ビープラッツ,,,dual_top1_agreement_g3_no_acute_selloff,地合い安定・2条件一致,2026-08,mature,2026-08-05,475,2026-08-12,474,-0.00210526315789,-100,-0.00162557572474,,0.0700483091787,3.16558259952,0.436363636364,1,1,1,0.999619623901,0.847961723804,EXACT_CANONICAL_2023_2026,,,,not_requested_historical,,,2026-09-19T23:38:33.900788+09:00,2026-09-19T23:38:33.900788+09:00
2026-08-04|4381|mean_rank_volr20_body_pct,2026-08-04,4381,ビープラッツ,,,mean_rank_volr20_body_pct,静かな売られ過ぎバランス,2026-08,mature,2026-08-05,475,2026-08-12,474,-0.00210526315789,-100,-0.00162557572474,,0.0700483091787,3.16558259952,0.436363636364,1,1,1,0.999619623901,0.847961723804,EXACT_CANONICAL_2023_2026,,,,not_requested_historical,,,2026-09-19T23:38:33.900788+09:00,2026-09-19T23:38:33.900788+09:00
2026-08-04|4381|volr20_low,2026-08-04,4381,ビープラッツ,,,volr20_low,出来高沈静リバウンド,2026-08,mature,2026-08-05,475,2026-08-12,474,-0.00210526315789,-100,-0.00162557572474,,0.0700483091787,3.16558259952,0.436363636364,1,1,1,0.999619623901,0.847961723804,EXACT_CANONICAL_2023_2026,,,,not_requested_historical,,,2026-09-19T23:38:33.900788+09:00,2026-09-19T23:38:33.900788+09:00
2026-09-02|4052|body_pct_low,2026-09-02,4052,フィーチャ,,,body_pct_low,陰線沈み込みリバウンド,2026-09,mature,2026-09-03,736,2026-09-09,1040,0.413043478261,30400,-0.00589777195282,,0.333955223881,4.15184858872,0.626666666667,1,1,1,0.999587271024,0.852998673916,EXACT_CANONICAL_2023_2026,,,,not_requested_historical,,,2026-09-19T23:38:33.900788+09:00,2026-09-19T23:38:33.900788+09:00
2026-09-02|4052|dual_top1_agreement,2026-09-02,4052,フィーチャ,,,dual_top1_agreement,2条件一致リバウンド,2026-09,mature,2026-09-03,736,2026-09-09,1040,0.413043478261,30400,-0.00589777195282,,0.333955223881,4.15184858872,0.626666666667,1,1,1,0.999587271024,0.852998673916,EXACT_CANONICAL_2023_2026,,,,not_requested_historical,,,2026-09-19T23:38:33.900788+09:00,2026-09-19T23:38:33.900788+09:00
2026-09-02|4052|mean_rank_volr20_body_pct,2026-09-02,4052,フィーチャ,,,mean_rank_volr20_body_pct,静かな売られ過ぎバランス,2026-09,mature,2026-09-03,736,2026-09-09,1040,0.413043478261,30400,-0.00589777195282,,0.333955223881,4.15184858872,0.626666666667,1,1,1,0.999587271024,0.852998673916,EXACT_CANONICAL_2023_2026,,,,not_requested_historical,,,2026-09-19T23:38:33.900788+09:00,2026-09-19T23:38:33.900788+09:00
2026-09-02|4052|volr20_low,2026-09-02,4052,フィーチャ,,,volr20_low,出来高沈静リバウンド,2026-09,mature,2026-09-03,736,2026-09-09,1040,0.413043478261,30400,-0.00589777195282,,0.333955223881,4.15184858872,0.626666666667,1,1,1,0.999587271024,0.852998673916,EXACT_CANONICAL_2023_2026,,,,not_requested_historical,,,2026-09-19T23:38:33.900788+09:00,2026-09-19T23:38:33.900788+09:00
2026-09-03|4052|body_pct_low,2026-09-03,4052,フィーチャ,,,body_pct_low,陰線沈み込みリバウンド,2026-09,mature,2026-09-04,970,2026-09-10,1340,0.381443298969,37000,-0.00670391061452,,0.558558558559,4.1485380755,0.992307692308,1,1,1,0.999942148867,0.870913207531,EXACT_CANONICAL_2023_2026,,,,not_requested_historical,,,2026-09-19T23:38:33.900788+09:00,2026-09-19T23:38:33.900788+09:00
2026-09-03|4052|dual_top1_agreement,2026-09-03,4052,フィーチャ,,,dual_top1_agreement,2条件一致リバウンド,2026-09,mature,2026-09-04,970,2026-09-10,1340,0.381443298969,37000,-0.00670391061452,,0.558558558559,4.1485380755,0.992307692308,1,1,1,0.999942148867,0.870913207531,EXACT_CANONICAL_2023_2026,,,,not_requested_historical,,,2026-09-19T23:38:33.900788+09:00,2026-09-19T23:38:33.900788+09:00
2026-09-03|4052|dual_top1_agreement_g3_no_acute_selloff,2026-09-03,4052,フィーチャ,,,dual_top1_agreement_g3_no_acute_selloff,地合い安定・2条件一致,2026-09,mature,2026-09-04,970,2026-09-10,1340,0.381443298969,37000,-0.00670391061452,,0.558558558559,4.1485380755,0.992307692308,1,1,1,0.999942148867,0.870913207531,EXACT_CANONICAL_2023_2026,,,,not_requested_historical,,,2026-09-19T23:38:33.900788+09:00,2026-09-19T23:38:33.900788+09:00
2026-09-03|4052|mean_rank_volr20_body_pct,2026-09-03,4052,フィーチャ,,,mean_rank_volr20_body_pct,静かな売られ過ぎバランス,2026-09,mature,2026-09-04,970,2026-09-10,1340,0.381443298969,37000,-0.00670391061452,,0.558558558559,4.1485380755,0.992307692308,1,1,1,0.999942148867,0.870913207531,EXACT_CANONICAL_2023_2026,,,,not_requested_historical,,,2026-09-19T23:38:33.900788+09:00,2026-09-19T23:38:33.900788+09:00
2026-09-03|4052|volr20_low,2026-09-03,4052,フィーチャ,,,volr20_low,出来高沈静リバウンド,2026-09,mature,2026-09-04,970,2026-09-10,1340,0.381443298969,37000,-0.00670391061452,,0.558558558559,4.1485380755,0.992307692308,1,1,1,0.999942148867,0.870913207531,EXACT_CANONICAL_2023_2026,,,,not_requested_historical,,,2026-09-19T23:38:33.900788+09:00,2026-09-19T23:38:33.900788+09:00
2026-09-14|7709|body_pct_low,2026-09-14,7709,クボテック,76,2405500,body_pct_low,Dive,2026-09,entered,2026-09-15,80,,,,,-0.00809248554913,0.00646087580761,0.206349206349,1.18911971526,0,1,1,1,0.999612536108,0.849327027798,FORWARD_CAUSAL,492e735b3bceb345e784d9315189a8a98a9edf90663d0a46eee04895a85acabf,https://discord.com/channels/@me/1550876104917520505/1551117101027037264,2026-09-20T15:25:35.522621+09:00,queued,,,2026-09-20T14:16:11.542941+09:00,2026-09-20T19:14:10.034308+09:00
2026-09-14|7709|dual_top1_agreement,2026-09-14,7709,クボテック,76,2405500,dual_top1_agreement,Fusion,2026-09,entered,2026-09-15,80,,,,,-0.00809248554913,0.00646087580761,0.206349206349,1.18911971526,0,1,1,1,0.999612536108,0.849327027798,FORWARD_CAUSAL,492e735b3bceb345e784d9315189a8a98a9edf90663d0a46eee04895a85acabf,https://discord.com/channels/@me/1550876104917520505/1551117101027037264,2026-09-20T15:25:35.522621+09:00,queued,,,2026-09-20T14:16:11.542941+09:00,2026-09-20T19:14:10.034308+09:00
2026-09-14|7709|dual_top1_agreement_g3_no_acute_selloff,2026-09-14,7709,クボテック,76,2405500,dual_top1_agreement_g3_no_acute_selloff,Balance,2026-09,entered,2026-09-15,80,,,,,-0.00809248554913,0.00646087580761,0.206349206349,1.18911971526,0,1,1,1,0.999612536108,0.849327027798,FORWARD_CAUSAL,492e735b3bceb345e784d9315189a8a98a9edf90663d0a46eee04895a85acabf,https://discord.com/channels/@me/1550876104917520505/1551117101027037264,2026-09-20T15:25:35.522621+09:00,queued,,,2026-09-20T14:16:11.542941+09:00,2026-09-20T19:14:10.034308+09:00
2026-09-14|7709|mean_rank_volr20_body_pct,2026-09-14,7709,クボテック,76,2405500,mean_rank_volr20_body_pct,Shadow,2026-09,entered,2026-09-15,80,,,,,-0.00809248554913,0.00646087580761,0.206349206349,1.18911971526,0,1,1,1,0.999612536108,0.849327027798,FORWARD_CAUSAL,492e735b3bceb345e784d9315189a8a98a9edf90663d0a46eee04895a85acabf,https://discord.com/channels/@me/1550876104917520505/1551117101027037264,2026-09-20T15:25:35.522621+09:00,queued,,,2026-09-20T14:16:11.542941+09:00,2026-09-20T19:14:10.034308+09:00
2026-09-14|7709|volr20_low,2026-09-14,7709,クボテック,76,2405500,volr20_low,Silence,2026-09,entered,2026-09-15,80,,,,,-0.00809248554913,0.00646087580761,0.206349206349,1.18911971526,0,1,1,1,0.999612536108,0.849327027798,FORWARD_CAUSAL,492e735b3bceb345e784d9315189a8a98a9edf90663d0a46eee04895a85acabf,https://discord.com/channels/@me/1550876104917520505/1551117101027037264,2026-09-20T15:25:35.522621+09:00,queued,,,2026-09-20T14:16:11.542941+09:00,2026-09-20T19:14:10.034308+09:00
